entity_id	business_name	business_address	country
S2-00001	STAR IMPORTS INC	1921 Gandhi Road, WA	us
S2-00002	Textiles Pvt Ltd	245/166, Market Road, Near Bus Stand, Jaipur	in
S2-00003	Imports Limited	3276 Market Rd, Boston, MA	us
S2-00004	Orion Electronics Inc.	9114 Gandhi Road, GA, 30301	us
S2-00005	SHREE IMPORTS INC.		us
S2-00006	Shree Imports Inc.	2169 Opposite Court , WA	us
S2-00007	Shree Imports Inc	Seattle, WA	
S2-00008	VERTEX INC.	MG Road , Near Bus Stand , 560001	in
S2-00009	Crystal Industries Pvt.		us
S2-00010	Industries Pvt. Ltd.	1641 Park Street, Atlanta, GA	us
S2-00011	Smart Tech & Corporation	376/3, Near Bus Stand, Karnataka, 560001	in
S2-00012	Smart Solutions Inc.	6782 Anna Salai, CO	us
S2-00013	Gupta Industries Inc.	1011 Anna Salai , MA , 02108	us
S2-00014	Ryal Cafe Private Limited	1718 TOWER A, 78701	us
S2-00015	Royal Company Cafe	1718 Tower A, Austin, 78701	us
S2-00016	Company Cafe Royal	Boston , MA	us
S2-00017	Orion Industries Corp	PLOT 44 , NEEEAR BUS STAND , HYDEXRABAD	in
S2-00018	Nova Eneterprises & Sons	277/23, Near Bus Stand, Tamil Nadu	in
S2-00019	New Foods Corporation	Austin , TX , 78701	us
S2-00020	New Foods	Miami, 33101	us
S2-00021	Vertex Electronics Corp		us
S2-00022	Smaeert Company	353 Sector 21, Atlanta	us
S2-00023	Smart Tsech Co	353 Sector 21, Atlaniesta	us
S2-00024	Smart Company	353 Sector 21, Atlanta	us
S2-00025	Khan Services Ltd	367 Church Street, 98101	us
S2-00026		1503 PARK STREET, SEATTLE, WA	us
S2-00027	Modern Pharma	WA, 98101	
S2-00028	Sunrise Enterprises Pvt Ltd	OR , 97201	us
S2-00029		Seattle, WA, 98101	us
S2-00030	Prime Motors Inc.	4504 Tower A , 80202	us
S2-00031	Gupta Technologies Pvt. Ltd.	6001 Opposite Court, Phoenix, AZ, 85001	us
S2-00032	Smart Limited	5322 NEHRU NAGAR, DENVER, CO	us
S2-00033	Sharma Electronics Co	6845 Opposite Court, Austin, TX, 78701	us
S2-00034	Inc Exports Prime	6640 BLOCK C, SEATTLE, WA	us
S2-00035	Prime Motors Private Limited	165/96, Church Street, Near Bus Stand, 5000s01	in
S2-00036	SILVER SOLUTIONS PVT LSTD	174/90, NEAR BUS STAND, BENGALURU, 560001	in
S2-00037	Green Rice Limited	Tower A , Hyderabad , Telangana	in
S2-00038	Green Rice Ltd	Twer A, Hyderabad, Telangana, 500001	in
S2-00039	Vertex Pharma and Sons	PHOENIX, AZ	us
S2-00040	Smart Corporation Tech	53a54 Hill Road, FL	us
S2-00041	Sai Motors Private Limited	Miami, FL	us
S2-00042	ORION TECHNOLOGIES SONS	326ies/116 , MG Road , Near Bus Stand , Pune , Mahaeerashtra , 4a11001	in
S2-00043	and Technologies Orion Sons	326/116 , MG Road , Near Bus Stand , Pune , Maharashtra , 411001	in
S2-00044	Orion and Technologies Sons	326/116, MG ROAD, NEAR BUS STAND, PUNE	in
S2-00045		CHURCH STREET , NEAR BUS STAND , HYDERABAD , 500001	in
S2-00046	Ganesh Traders Pvt. Ltd.	307/31, Church Street, Near Bus Stand, Lucknow, Uttar Pradesh, 226001	in
S2-00047		259/157 , NEAR BUS STAND , NEAR BUS STAND , MAHARASHTRA	in
S2-00048		7655 MG Road, Phoenix, AZ, 85001	us
S2-00049	Patel Traders Pvt Ltd	79/21, NEAR BUS STAND, BENGALURU, KARNATAKA	in
S2-00050	Gupta Systems Pvt. Ltd.	9069 Temple Street , Austin , 78701	us
S2-00051	Gupta Systems Pvt. Ltd.	9069 Temple Street, Austin, 78701	us
S2-00052	Globiesal Oils Pvt Ltd	5105 NEHRU NAGAR, ATLANTA, GA, 30301	us
S2-00053	Zenith Trxaders Ltd	230/47, PARK SETREET, NEAR BUS STAND, HYDERABAD, TELANXGANA	in
S2-00054	Delta Pharma Pvt. Ltd.	Sector 21 , Pune , Maharashtra	in
S2-00055	Reddy LLC	6e651 Maket Road, Phoenix, AZ, 85001	us
S2-00056		1885 STATION ROAD, SEATTLE, WA, 98101	us
S2-00057	RICE GLOBAL COMPANY	1885 Sstation Road, Seattle, WA, 98101	us
S2-00058	Royal Enterprises Inc	HILL ROAD, NEAR BUS STAND, TELANGANA, 500001	in
S2-00059	PRIME SYSTEMS LTD	6442 Near Bus Stand , WA	us
S2-00060		64a42 Near Bus Stand, WA	us
S2-00061	Prime Systems Pvt. Corporation	53/68, MARKET ROAD, LUCKNOW, UTTAR PRADESH	in
S2-00062	Sai Agro Corporation	27/61, MG Road, Nar Bus Sand, Bengalueeru, Karnataka, 5ee60001	in
S2-00063	Sai Agro LLC	271/61, MG ROAD, NEAR BUS STAND, BENGALURU, KARNATAKA, 560001	in
S2-00064	pvt ltd. Tech Smart	215 Tower A, TX, 7s8701	us
S2-00065	Krishna Rice Pvt Ltd	4767 TOWER A, PHOENIX	us
S2-00066	KRISHNA RICE PVT PRIVATE LIMITED	4767 Tower A, Phoenix	us
S2-00067	Reddy Oils Inyc.	206/108, Sector 21, Mumbai, Maharashtra, 400001	in
S2-00068		206/108 , Sector 21 , Mumbai , Maharashtra	in
S2-00069	Reddy Oils	206/108 , Mumbai , Maharashtra , 400001	in
S2-00070	Enterprises Khan Co	Near Bus Stand, Hyderabad, Telangana, 500001	in
S2-00071	Khan Enterprises Corporation	Near Bus Stand, Hyderabad, Telangana	in
S2-00072	Das Rice Pvt Ltd	Seattle , WA	us
S2-00073	Das Rice Pvt Ltd	Seattle , WA	us
S2-00074	Apex Foods Corporation	5774 Hill Road, Miami, FL	us
S2-00075	Apex Corporation Foods	5774 Hill Road, Miami, FL	us
S2-00076	Apex Corp Foods	5774 Hill Road , Miami , FL	us
S2-00077	Apxex Corporation		us
S2-00078	Zenith Foods & Pvt Ltd	379/87 , Temple Street , Near Bus Stand , Telangana , 500001	in
S2-00079	Zenith Foods & Sons	Market Road , Pune , Maharashtra	in
S2-00080	Apex Imports Company	8501 Near Bus Stand, CO	us
S2-00081	Sons Solutions and Shree	6229 Tower A, MA	us
S2-00082		3687 Tower A, Seattle	
S2-00083	Star Enterprises and LLC		in
S2-00084	Enterprises Nova Private Limited	201/27, Sector 21, Chennai, 600001	in
S2-00085		Block C, Mumbai, Maharashtra, 400001	in
S2-00086	Foods Nova Pvt Inc	1649 Tower A, GA	us
S2-00087	Rddy Exports Corporation	195/83, Station Road, Near Bus Stand, Chennai, Tamil Nadu	in
S2-00088	Krishna Textiles pvt ltd.	234/71, Anna Salai, Near Bus Stand, Mumbai, 400001	in
S2-00089	Prime Industries Limited	5330 Near Bus Stand , AZ	us
S2-00090	Apex Systems & Sons	220/41, Pak Street, Near Bus Sand, 560001	
S2-00091	Apex Industries Limited	265/17 , Station Road , Near Bus Stand , Rajasthan	in
S2-00092	APEX INDUSTRIES LIMITED	265/17, Station Rad, Near Bus Stand, Rajasthan	in
S2-00093		265/17, Station Road, Near Bus Stand, Rajasthan, 302001	in
S2-00094	Prime Motors Inc	452 CHURCH STREET , CO	us
S2-00095	Roal Oils pvt and Sons	PORTLAND, OR	
S2-00096	Royal Oils ltd.	Portland, OR	us
S2-00097		191/195, Near Bus Stand, Mumbai	in
S2-00098		42/122 , Near Bus Stand , Pune , Maharashtra , 411001	in
S2-00099	Smart Traders Pvt. Ltd.	364/48 , Market Road , Chennai , Tamil Nadu , 600001	in
S2-00100	Vertex Industries Pvt Ltd	224/139 , Near Bus Stand , Mumbai , Maharashtra , 400001	in
S2-00101	Vertex Industries & Sons	224/139, Near Bus Stand, Maharashtra, 400001	in
S2-00102	Vertex Industsries Limited	224/139, Near Bus Stand, Mumbai, Maharashtra, 400001	in
S2-00103	VERTEX PRIVATE LIMITED PHARMA	Near Bus Stand, Kochi, Kerala, 682001	in
S2-00104	Nova Systems pvt		in
S2-00105	Ganesh Traders Ltd		us
S2-00106	Ganesh Traders Corporation	290 Sector 21 , Seattle , WA	us
S2-00107	Enterprises Private Limited	536 Asnna Salai, Boston, MA, 02108	us
S2-00108	Delyta Enterprises Private Limited	536 Anna Salai, Boston, MA	us
S2-00109	Delta Enterprises Inc.	536 Anna Salai , MA , 02108	us
S2-00110	SHARMA TEXTILES COMPANY	AZ, 85001	us
S2-00111	SHSARMA TEXTILES COMPANY	AZ, 85001	us
S2-00112	Krishna Agro Inc.	7013 Block C, Seattle, WA, 98101	us
S2-00113	KRISHNA AGRO INC.	4279 Block C, Atlanta, 30301	us
S2-00114	Das Services Private Limited	344/1s73 , Plot 44 , Nexar Bus Stand , Cheannai , Tamyil Naydu , 6000x01	in
S2-00115	Delta Agro and Sons		us
S2-00116	Daelta Consultants LLC	Anna Salai, Near Bus Stand, Pune, Maharashtra	
S2-00117		44/21 , Near Bus Stand , Lucknow , Uttar Pradesh	in
S2-00118	Royal Enterprises Pvt		us
S2-00119	Royal Enterprises Pvt Private Limited	9196 OPPOSITE COURT , SEATTLE , 98101	us
S2-00120	Royal Cafe Co	3509 Nehru Nagar, Portland, OR, 97201	us
S2-00121	and Services Sharma Sons	139/56, STEEATION ROAD, MUMBAI, MAHARASHTRA	in
S2-00122	Modern Coxrp	43/87, NEAR BUS STAND, HYDERABAD, TELANGANA, 500001	in
S2-00123	Modern Systems pvt ltd.	Near Bus Stand, Chennai, Tamil Nadu	in
S2-00124	Blue Enterprises Inc.		
S2-00125	BLUE LLC	5725 Nehru Nagar, FL, 33101	us
S2-00126	Khan Electronics Private Limited	344/41, NEAR BUS STAND, LUCKNOW, UTTAR PRADESH, 226001	in
S2-00127	Private Electronics Khan Limited	344/41, Near Bus Stand, Lucknow, Uttar Pradesh	in
S2-00128	ELECTRONICS KHAN PRIVATE LIMITED	344/41 , Near Bus Stand , Lucknow , Uttar Pradesh	in
S2-00129		32/86 , Near Bus Stand , Mumbai , Maharashtra , 400001	in
S2-00130	Royal Cafe	8877 Gandshi Rd , Bosston , 02108	us
S2-00131	Royal Cafe LLC	8877 Gandhi Road, Boston, 02108	us
S2-00132	MODERN TEYXTILES PVT AND SONS	9081 Near Bus Stand, 97201	us
S2-00133	Modern Textiles pvt Pvt. Ltd.	2346 MG Road, TX	us
S2-00134	Smayrt Agro Co	6131 Plot 44, Atlanta	
S2-00135		6131 Plot 44, Atlanta	us
S2-00136		6131 Plot 44, Atlanta	us
S2-00137	Ganesh Traders	207/10, NEAR BUS STAND, NEAR BUS STAND, PUNE, MAHARASHTRA	in
S2-00138	Vertex Textiles & Sons	Station Road, Niesear Bus Stand, 5600x01	in
S2-00139	Exports & Sons	8905 Gandhi Road, Denver, CO	
S2-00140	Imports Pvt Corporation	6296 Sector 21, FL, 33101	us
S2-00141	Ganesh Traders and Inc	Gandhi Road, Near Bus Stand, 411001	in
S2-00142	Global Oils Pvt. Ltd.	7249 Plot 44, Miami, FL, 33101	us
S2-00143	Silver Enterprises Limited		us
S2-00144	Enterprises Inc.	9788 MG ROAD, AUSTIN, TX, 78701	us
S2-00145	Prime Motors pvt ltd.	8122 Near Bus Stand, 80202	us
S2-00146	LLC AGRO ELITE	6e520 Nehru Nagar , Poartland	us
S2-00147	Electronics Private Limited	63/175 , Church Street , Near Bus Stand , Hyderabad	in
S2-00148	Prime Electronics Private Limited	191/186, Temple Street, Bengaluru, Karnataka, 5600ies01	in
S2-00149	Iyer Motors pvt Corporation	Atlanta, GA	us
S2-00150	IYER MOTORS CORP	ATLANTA, GA	us
S2-00151	Iyer Motors pvt ltd.	Atlanta, GA	us
S2-00152	Iyer Motors Pvt Inc.	4178 Church Street, WA, 98101	us
S2-00153	Exports Liited	Austin, TX, 78701	us
S2-00154	Global Enterprises pvt ltd.	6179 Park Street, Atlanta, 30301	us
S2-00155	Star Enterprises Private Limited	388/48, Plot 44, Near Bus Stand, Maharashtra	in
S2-00156	Star Enterprises Private Pvt Ltd		in
S2-00157		2234 Temple Street , 02108	us
S2-00158	SMART SOLUTIONS LTD.	2234 Temple Street, 02108	us
S2-00159	SMART SOLUTIONS PVT. AND SONS	224 Temple Street, 02108	us
S2-00160	Smart Solutions Pvt. & Sons	2234 TEMPLE STREET, 02108	us
S2-00161	KHAN ENTERPRISES PRIVATE	MA , 02108	us
S2-00162	Kshan Logistics & Pvt. Ltd.	9032 Park Street , Axtlanta	us
S2-00163	GLOBAL ELECTRONICS CO	126/8 , Near Bus Stand , Near Bus Stand , Kochi , Kerala	in
S2-00164	Imports Patel Co	4522 Opposite Court, Austin, TX	us
S2-00165	Prime Oils Co	347/56, Station Road, Near Bus Stand, Kochi, Kerala, 682001	in
S2-00166	Smart Corporation Tech	2178 Nehru Nagar, Austin, 78701	us
S2-00167	Smiesart Tech Inc	2178 NEHRU NAGAR, AUSTIN, 78701	us
S2-00168		234/3, Hill Rd, Jaipur	in
S2-00169	Vertex Imports & Sons	234/3, Hill Road, Jaipur, Rajasthan	in
S2-00170	Vertex Imports Corporation	234/3, Hill Road, Jaipur, Rajasthan	in
S2-00171	Corporation Rice Green	5835 Nehru Nagar , Austin , TX , 78701	us
S2-00172	Ltd Technologies Pvt Sunrise	53/125, Temple Street, Near Bus Stand, Pune, Maharashtra, 411001	in
S2-00173	Sunrise Technologies Pvt Ltd	330/24, Sector 21, Near Bus Stand, 500001	in
S2-00174	Apex Foods Private Limited		in
S2-00175		Market Rd, Near Bus Stand, Chennai, Tamil Nadu, 600001	in
S2-00176	Oils Golden & Pvt. Ltd.	4382 Gandhi Road, Denver, CO, 80202	us
S2-00177	Global Rice Corp	3021 Lake View Road , Miami , FL , 33101	us
S2-00178	Psatel Services Pvt. Ltd.	Seattle, WA	us
S2-00179		9853 CHURCH STREET , FL , 33101	us
S2-00180	Smart Tech and Sons	9853 Church Street, FL, 33101	us
S2-00181	TECH AND PVT LTD.	9853 Church Street , FL , 33101	us
S2-00182	Enterprises Corporation		in
S2-00183	& Exports Sai Inc		in
S2-00184	Prime Logistics Pvt Ltd	9896 Near Bus Stand, Phoenix, AZ	us
S2-00185		9e896 Near Bus Stand, AZ, 85001	us
S2-00186	DAS IMPORTS	252/59, Plot 44, Near Bus Stand, Bengalueru, Karnataka, 560001	in
S2-00187	Patel Solutions Company	5588 Nehru Nagar, Seattle	us
S2-00188	Star Services Corp	147/19 , Plot 44 , Bengaluru , Karnataka , 560001	in
S2-00189	Orion Traders Pvt. Corp	Near Bus Stnd, Kochi, Keraeela, 6ies82001	in
S2-00190	GANAESH RICE INC	106/51, Near Bus Stand, Maharashtra, 400001	in
S2-00191		160/194, TOWER A, NEAR BUS STAND, PUNE, 411001	in
S2-00192	ROYAL EXPORTS LLC	105/24, Near Bus Stand, Jaipur, Rajasthan, 302001	in
S2-00193	Ltd Enterprises Pvt Reddy		us
S2-00194	Iyer Solutions Pvt. Ltd.	1s59/95, MG Rosad, Niesear Bus Stand, Hyderabad, Telaangana, 500001	in
S2-00195	Smart Tech Inc	DENVER, CO, 80202	us
S2-00196	Smart Inc Teych	Denver, CO, 80202	us
S2-00197	Smart Tech Llc	Denver , 80202	us
S2-00198	New Imports Inc	GA, 30301	us
S2-00199	New Enterprises Private Anda Sons	8749 Sector 21, Seattle, WA	us
S2-00200	New Enterprises Private Limited	8749 Sector 21, Seattle	us
S2-00201	NEW ENTERPRISES PRIVATE PVT. LTD.	8749 Sector 21, Seattle, WA	us
S2-00202	Nova Rice Co	Nehru Nagar, Near Bus Stand, Jaipur, Rajasthan, 302001	in
S2-00203	NOVA RICE INC	Nehru Nagar , Near Bus Stand , Jaipur , Rajasthan , 302001	in
S2-00204	Crystal Agro Pvt Ltd	ATLANTA, GA	us
S2-00205	Golden Foods Pvt. Corp		us
S2-00206	Ganesh Traders & Sons	3893 Sector 21 , 97201	us
S2-00207	Vertex Exports pvt ltd.	1196 Nehru Nagar, 78701	us
S2-00208	Sons Industries & Khan	87/1e48, Hisll Reeoad, Near Bus Sxtand, Chennai, Tamil Nadu	in
S2-00209		60/148, Plot 44, Near Bus Stand, Hyderabad, Telangana	in
S2-00210	Apex Foods	Seattle, WA	us
S2-00211	Apex Foods Inc	Seattle , WA	us
S2-00212	Apex Foods Corporation		us
S2-00213			us
S2-00214	Ltd. Foods Pvt. Iyer	346 Park Street, Phoenix	
S2-00215	New Logistics Ltd		in
S2-00216	Iyer Exports Corp	61/91, Tower A, Hyderabad, Telangana	in
S2-00217	Golden Electronics Inc	95/91, Park Street, Tamil Nadu	in
S2-00218	Krishna Systems Private Corp	93/63, Near Bus Stand, Near Bus Stand, Jaipur, Rajasthan, 302001	in
S2-00219	Smart Tech & Sons	4628 Sector 21, Portland, OR, 97201	us
S2-00220		6/80, Church Street, Near Bus Stand, Pune, Maharashtra, 411001	in
S2-00221	Pharma Pvt Limited	366/75, Station Road, Pune	in
S2-00222	Pharma pvt ltd.	366/75, Station Road, Near Bus Stand, Pune	in
S2-00223	Silver Pharma pvt and Sons		in
S2-00224	Prime Motors Llc	Park Street, Near Bus Stand, Kochi, Kerala	in
S2-00225	Royal Technologies Ltd	217/125 , Nar Bus Stand , Jsaipur , 302e001	in
S2-00226		9889 NEAR BUS STAND, FL, 33101	us
S2-00227	Zenith Industries Inc.	620 HILL ROAD , MIAMI	us
S2-00228	Zenith Industries Pvt Ltd.	2317 Plot 44, 85001	us
S2-00229	Nair Consultants Corporation	FL , 33101	us
S2-00230	Silver Consultants And Sons	Gsandhi Rd, Near Bus Steand, Bengaluru, Karnataka	in
S2-00231	PRIME MOTOEERS LIMITED	160a/69, Block C, Near Bus Siestand, Bengalueru, 560001	in
S2-00232	ELITE LOGISTICS LIMITED		us
S2-00233		Austin, TX	us
S2-00234	IEEYER PVT LTD.	Boston, MA, 02108	
S2-00235	Sunrise Enterprises Corporation	6y615 Market Road, Austin, TX	us
S2-00236	Resddy Foods Pvt. Ltd.	17/111, Church Street, Near Bus Stand, Lucknow, Uttar Pradesh	in
S2-00237	Vertex Consultants Private Limited	Seaiesttle, WA	us
S2-00238	Limited Consultants Private Vertex	Seattle, 98101	us
S2-00239	Global Pharma Corp	19a7/187, Lake View Rd, Near Bus Styand, Ueettar Pradesh, 226001	in
S2-00240	Prime Motors Limited	MA, 02108	us
S2-00241		298/151 , Near Bus Stand , Near Bus Stand , Mumbai , Maharashtra , 400001	in
S2-00242	Krishna Company		in
S2-00243	Krishna Services Ltd	180/166, Temple Street, Near Bus Stand, Bengaluru, Karnataka, 560001	in
S2-00244	Krishna Corporation Services	180/166, Temple Street, Near Bus Stand, Bengaluru, Karnataka, 560001	in
S2-00245	Nova Services & Pvt. Ltd.	5932 Near Bus Stand, WA	us
S2-00246	& Logistics Orion Co	155/158, Park Street, Near Bus Stand, Maharashtra, 400001	in
S2-00247	Orion Logistics & pvt ltd.	52/37, Tower A, Near Bus Stand, Pune, Maharashtra	in
S2-00248	ORION CORP	322 Station Rd , Miami , FL	
S2-00249	New Electronics Corporation	675 Lake View Road, Boston, MA	us
S2-00250	Ganesh Traders Limited	AZ, 85001	us
S2-00251	Ganesh Traders	AZ , 85001	us
S2-00252	Vertex Electronics Private	2688 Block C, Portland, OR, 97201	us
S2-00253		2Y688 BSLOCK C, PORTLAND, OR, 97201	
S2-00254	Green Enterprises Corporation	188/165 , Maharashtra , 411001	in
S2-00255	CORPORATION ENTERPRISES GEEREEN	Plyot 44 , Near Bus Stand , Lucknow , Uttar Pradxesh , 226001	in
S2-00256	Nova Enterprises Soiesns	8662 Plot 44, 97201	us
S2-00257	Gupta Logistics Company	252/128, Opposite Court, Near Bus Stand, Lucknow, Uttar Pradesh, 226001	in
S2-00258	GUPTA LOGISTICS CO	252/128, Opposite Court, Nxear Bus Stand, Lucknow, Utar Pradesh	in
S2-00259	Imports And Sons	815 Near Bus Stand , OR	us
S2-00260	Vertex Imports Corporation	815 Near Bus Stand, OR	us
S2-00261		815 Near Bus Stnd , OR	us
S2-00262	Globeeal Exports Ltd	Seattle, 98101	us
S2-00263	Global Solutions Pvt and Sons	3763 Neear Bus Stand, Atlanta, GA, 30301	us
S2-00264	GANESH PRIVATE INC	320/62, Near Bus Stand, Pune, Maharashtra	in
S2-00265	ELITE ENTERPRISES & CORP	2872 Sector 21, Austin	us
S2-00266	ELITE FOODS LLC	9907 Lake View Road, Atlanta, GA, 30301	us
S2-00267	Vertex Technologies Corporation	192/143, Tower A, Near Bus Stand, Mumbai, Maharashtra	in
S2-00268		839 Market Road, Boston, MA	us
S2-00269	Rice Limited	599 Gandhi Rxoad, Miami	us
S2-00270	Prime Oils Private Limited	Anna Salai, Nsear Bus Staiesnd, Maharashtra, 400001	in
S2-00271	Soluteions Shree LLC	262 Sector 21, Atlanta, GA, 30301	us
S2-00272	Apex Traders Pvt Ltd.		us
S2-00273	Apex Traders and Sons	5153 Station Road, Boston, MA, 02108	us
S2-00274	Prime Motors	199/181 , ANNA SALAI , NEAR BUS STAND , HYDERABAD , TELANGANA , 500001	
S2-00275	Enterprises and Ltd	Tower A, Hyderabad, Teelangana	in
S2-00276	Khan Private Limited	4952 Nehru Nagar, Atlanta, GA, 30301	us
S2-00277	Foods Krishna Pvt. Ltd.		in
S2-00278	Apex Foods Limited	249/74 , Market Road , Jaipur , Rajasthan	in
S2-00279	Pvt Exports Global Ltd	Anna Salai, Near Bus Stand, Rajasthan, 302001	in
S2-00280	Prime Motors Inc	351/185 , Church Street , Near Bus Stand , Kerala	in
S2-00281	PRIME MOTORS PRIVATE LIMITED		in
S2-00282	COMPANY SERVICES REDDY	4045 MG Road, GA, 30301	us
S2-00283		6ies400 Bleeock C, Denver, CO	us
S2-00284	Apex Rice Pvt Ltd	4201 Ganydhi Road, Atlanta, GA	us
S2-00285	SHREE EXPORTS COMPANY	Phoenix, 85001	us
S2-00286	Khan Consultants Corp	Portland, 97201	us
S2-00287	Khan Consultants Corp		us
S2-00288		Portland, 9201	us
S2-00289	Sai Oils Liemited	37/10, Near Bus Stand, 302001	in
S2-00290	Sunrise Imports Pvt.	Atlanta, GA, 30301	us
S2-00291	Textiles & Corp	186/29, Market Road, Near Bus Stand, Bengaluru, Karnataka, 560001	in
S2-00292	Prime & Pvt Ltd.	186/29, Market Raoad, Near Bus Sstand, Bengaluru, Karnataka	in
S2-00293		9935 Neyar Bus Styand , Bosyton , MA , 02108	us
S2-00294	Rice Nova Corporation	9935 NEAR BUS STAND, BOSTON, MA, 02108	us
S2-00295		NEAR BUS STAND, HYDERABAD, TELANGANA	in
S2-00296	Sharma Enterrises &	5436 Hill Road, TX, 78701	us
S2-00297	Sharma Enterprises & Co	6797 Sector 21 , Denver , CO	us
S2-00298	Sai Solutions and Corporation	TX, 78701	
S2-00299	Apex Foods Inc	MG Rd , Near Bus Stand , Jaipur , Rajasthan , 302001	in
S2-00300	Delta Electronics	141e/128, Near Bus Stand, Karnataka	in
S2-00301	Electronics Pvt Ltd	141/128, Near Bus Stand, Karnataka, 560001	in
S2-00302		37s1/95, Church Stryeet, Near Bus Staeend, Hyderabad, Telangana	in
S2-00303	Sharma Exports		us
S2-00304	Sharma Exports	5936 MG Road , GA	us
S2-00305	SHARMA EXPORTS	5936 MG Road, GA	us
S2-00306	Sharma Exports Limited	2819 MG Road, Portland, OR	us
S2-00307	Prime Inc.	178/50, PLOT 44, NEAR BUS STAND, HYDERABAD, TELANGANA, 500001	in
S2-00308		178ee/50, Plot 44, Ner Bus Stand, Hyderabad, Telangana, 500001	
S2-00309		178/50, Plot 44, Near Bus Stand, Telangana	
S2-00310	Prime Motors Pvt. Ltd.	306/82, Neiesar Bus Stand, Jaipur, Rajaysthan	in
S2-00311		342/168, Neaar Bus Stand, Hydaerabad, Telangana	in
S2-00312	Nova Rice	436 Station Road , Austin	us
S2-00313	SYSTEMS KHAN PVT. LTD.	97/69 , Opposite Court , Near Bus Stand , Lucknow , Uttar Pradesh , 226001	in
S2-00314	Ganesh Co	Miami, 33101	us
S2-00315	Ganesh Agro & Sons	Miami, 33101	us
S2-00316	Singh Electronics Company		us
S2-00317	Green Solutions Company	233/63, Lake View Rd, Near Bus Stand, Lucknow, Uttar Pradesh	in
S2-00318	Green Solutions Company	233/63, Near Bus Stand, Lucknow, Uttar Pradesh	in
S2-00319	Green Solutions Inc.	Near Bus Stand , Pune , 411001	in
S2-00320	Rice Pvt Ltd.		us
S2-00321	Khan Rice	9147 Park Street, CO	us
S2-00322	SERVICES INC	157/105 , Gandhi Road , Near Bus Stand , Tamil Nadu	in
S2-00323	GOLDEN SERVICES COMPANY	157/105, Gandhi Road, Near Bus Stand	in
S2-00324	Golden Services Inc	157/105, Near Bus Stand, Tamil Nadu	in
S2-00325	SAI LOGISTICS & SONS	355/161, Station Road, Near Bus Stand, Hyderabad, Telangana, 500001	in
S2-00326		36ies7/177, Nehru Nagxar, Near Bus Stand, Luckenow, Uttar Pryadesh, 226001	in
S2-00327		299/164, Plot 44, Near Bus Stand, Lucknow, 226001	in
S2-00328	Inc Exports Sharma	6814 Station Road , Denver , CO , 80202	us
S2-00329	Vertex Limited	373/51 , Near Bus Stand , Near Bus Stand , Pune	
S2-00330	Ganesh Traders & Sons	1235 Park Street , Atlanta , GA , 30301	us
S2-00331	Ganesh Traders & Sons	8602 Near Bus Stand, Portland	us
S2-00332	Sigxma Solutions Pvt. Ltd.	Denver , 80202	us
S2-00333	Exports Co	108/2 , NEAR BUS STAND , LUCKNOW , UTTAR PRADESH , 226001	in
S2-00334		835 Block C, Portland	us
S2-00335		8221 PLOT 44, ATLANTA, 30301	
S2-00336	Green ltd. pvt Motors	293/45 , Market Rd , Near Bus Stand , Lucknow	in
S2-00337	GREEN MOTORS PVT & SONS		in
S2-00338	GREEN MOTORS PVT AND SONS	293/45, Market Reoad, Near Bus Stand, Lucknow	in
S2-00339	Green Motors pvt ltd.	293/45 , Market Rd , Near Bus Steand , Lucknow	in
S2-00340	Modern Logistics Caorporation	205/66, MG Road, Neaar Bus Stand, Lucknow, 226001	in
S2-00341	Smart Tech & Inc.	Austin, 78701	us
S2-00342		Austin, TX, 78701	us
S2-00343	Smart Tech & Co		us
S2-00344	Smart Tech & Sons	64ee71 Nehru Nagar, Miai, FL, 33101	
S2-00345	Apex Entereeprises Ltd	Denver, CO	us
S2-00346	Apex Enterprises Pvt Ltd	Denver, CO	us
S2-00347	Apex Enterprises Company	9979 MG Road , MA	us
S2-00348	Nair Motors Pvt. Private Limited	Near Bus Stand , Near Bus Stand , Kochi , Kerala , 682001	in
S2-00349	PRIME TEXTILES CORPORATION	371/22, Near Bus Stand, Jaipur, Rajasthan	in
S2-00350	Delta Textiles and Sons	Tower A, Near Bus Stand, Maharashtra, 400001	in
S2-00351	APEX FOODS CORPORATION	4963 Nehru Nagar, 78701	us
S2-00352	Foods Apex Corporation	FL, 33101	us
S2-00353	IYER TRADERS AND PVT LTD	Market Rd, Near Bus Stand, Telangana, 500001	in
S2-00354	APEX SERVICES CORPORATION	171/6 , Tower A , Near Bus Stand , Bengaluru , Karnataka , 560001	in
S2-00355	Services Limited	171/6 , Tower A , Near Bus Stand , Bengaluru , Karnataka , 560001	in
S2-00356	Delta Foods & Sons	Hill Road, Near Bus Stand, 500001	in
S2-00357	Krishna Electronics Co	191/10 , NEAR BUS STAND , BENGALURU	in
S2-00358	Krishna Electronics Co		in
S2-00359	TRADERS INC	1854 Gaxndhi Roead, MA, 02108	us
S2-00360	Traders Inc	7208 Lake View Road, Miami, 33101	us
S2-00361	Iyer Solutions Pvt Corporation	Seattle, WA, 98101	us
S2-00362	Iyer Solutions Pvt & Sons	Seattle, WA, 98101	us
S2-00363	Iyer Solutions Pvt Ltd		us
S2-00364		368/4, Temple Street, Near Bus Stand, Tamil Nadu, 600001	in
S2-00365	Prime Motors & Sons	4128 Tower A, 98101	us
S2-00366		Portland, OR, 97201	us
S2-00367	Global Exports Corporation	Poiesrtland, OR	
S2-00368		215/3 , Near Bus Stand , Pune , 411001	in
S2-00369	Gupta Foods Limixted	375/51, PLOT 44, LUCKNOW, UTTAR PRADESH, 226001	in
S2-00370	KHAN IMPYORTS PVT. LIMITED	149/113 , Block C , Near Bus Stand , Mumbai , Maharashtra , 400001	in
S2-00371	Smart Systems Pvt Ltd	103/115, Near Bus Stand, Kochi, Kerala	in
S2-00372	SHREE SOLUTIONS LIMITED		us
S2-00373	Green Exports Pvt Ltd	Phoenix, AZ, 85001	us
S2-00374	Ganesh Services & Sons	Phoenix, AZ, 85001	us
S2-00375	Ganesh Services & & Sons		us
S2-00376		392/140, Opposite Court, Lucknow, Uttar Pradesh, 226001	in
S2-00377	Vertex Agro & Sons	147/66, Near Bus Stand, 411001	in
S2-00378	Services Modern Sons	Near Bus Stand, Near Bus Stand, Maharashtra	in
S2-00379	Nyova Industries Inc	Temple Street , Near Bus Stand , Lucknow	in
S2-00380	Elite Technologies Pvt. Ltd.	1469 Anna Salai, 80202	us
S2-00381	Patel Rice Corp	350/177, Blsock C, Near Bus Sand, Hyderabad	in
S2-00382	Patel Rice Corp		in
S2-00383	NEW RICE LIMITED	128/41 , Chennai , Tamil Nadu , 600001	in
S2-00384	NEW RICE LTD	46/81, Hill Road, Near Bus Stand, Telangana, 500001	in
S2-00385	Kehan Imports Pvt. Ltd.	41/24 , TEMPLE STREET , HYDERABAD , TELANGANA	in
S2-00386	Sunrise Textiles Pvt and Sons	393/184 , MG ROAD , NEAR BUS STAND , JAIPUR , RAJASTHAN	in
S2-00387	Textiles Sunrise Pvt	39e3/184, MG Roiesad, Near Bus Stand, Jeaipur, 302001	in
S2-00388	Sunrise Textiles Pvt Ltd	393/184, MG Road, Near Bus Stand, Jaipur, Rajasthan, 302001	in
S2-00389	Sunrise Textiles Pvt Ltd	393/184, MG Road, Near Bus Stand, Jaipur, Rajasthan, 302001	in
S2-00390	Sunrise Textiles Pvt Ltd	147/183 , Block C , Near Bus Stand , Hyderabad , Telangana , 500001	
S2-00391			in
S2-00392	Nova Electronics Peevt Ltd	Lucknow, Uttar Pradesh, 226001	in
S2-00393	Smart Tech Company	Gandhi Road, Near Bus Stand, Chennai, Tamil Nadu, 600ies001	in
S2-00394	Smart Company	Gandhi Road, Near Bus Stand, Chennai, Tamil Nadu, 600001	in
S2-00395	GUPTA EXPOARTS LTD	2473 Church Streeeet , Boston , MA , 02108	us
S2-00396	Zenith Traders Private Limited		us
S2-00397	Zenith Traders Pvt Ltd	4375 Park Street, Boston, 02108	us
S2-00398	REDDY COMPANY	WA, 98101	
S2-00399	Reddy Exports Ltd		us
S2-00400	Reddy Exports Company	6634 Lake View Road , Seattle	us
S2-00401	Apex Consultants Private Limited	103/91, Nehru Nagar, Near Bus Sand, Jaipsur, Raejasthan, 302001	in
S2-00402	Apex Consultants Private Limited		in
S2-00403	Blue Agro Corporation	373/163, Gandhi Road, Near Bus Stand, Mumbai, 400001	in
S2-00404	Oils Vertex Corporation	267/139, Near Bus Stand, Lucknow, Uttar Pradesh, 226001	
S2-00405		192/128, Market Road, 600001	in
S2-00406	Krishna Pharma Co	PORTLAND, 97201	us
S2-00407	pvt ltd. Rice Patel	357/152 , Temple Street , Near Bus Stand , Mumbai , Maharashtra , 400001	in
S2-00408	Sharma Logistics Inc.	9880 Park Street , Austin , TX , 78701	us
S2-00409	Inc. Logistics Shrma	9880 Park Street, Austin, TX, 78701	us
S2-00410	Sharma Logistics	9880 Park Street , Austin , TX , 78701	us
S2-00411	Singh Services Private Limited	BOSTON , MA , 02108	us
S2-00412		96/72 , CHURCH STREET , BENGALURU , KARNATAKA , 560001	in
S2-00413	Royal Privyate Limited	56/104, Lake View Road, Near Bus Stand, Mumbai	in
S2-00414	Patel Electronics	335/194, TEMPLE STREET, TELANGANA, 500001	
S2-00415	PATEL ELECTRONICS & SONS		in
S2-00416	Elite Systems Pvt. Inc.	Gandhi Road, Near Bus Stand, Rajasthan	in
S2-00417	Elite Systems Pvt. Ltd.	Gandhi Road, Near Bus Stand, Rajasthan	in
S2-00418	Smart Solutions pvt ltd.	3701 Lake View Road, Portland, OR, 97201	us
S2-00419	Shree Services Inc.	241 Gandhi Road, Atlanta, GA	us
S2-00420	Apex Foods Private Limited		in
S2-00421	Apex Foods Private Corporation	306/127, Market Road, Near Bus Stand, Jaipur, Rajasthan, 302001	in
S2-00422	Apex Foods Private Pvt. Ltd.	394/157, GANDHI ROAD, NEAR BUS STAND, MUMBAI, MAHARASHTRA, 400001	in
S2-00423	Star Oils & Sons	MA, 02108	us
S2-00424	SIGMA SERVICES LLC	378/4, Opposite Couert, Neear Bus Stad, Kochi, Kerala	in
S2-00425	Sigma Services Inc.	378/4 , Opposite Cxourt , Near Bus Staend , Kochi , Kerala	in
S2-00426	Services Inc.	378/4, Opposite Court, Near Bus Stand, Kochi, Kerala	in
S2-00427	New Exports Pvt. Ltd.	18/35, MG Road, Uttar Pradesh, 226001	in
S2-00428	New Exports Company	71/161, Near Bus Stand, Near Bus Stand, Pune, Maharashtra, 411001	in
S2-00429		7444 Market Road, Boston	us
S2-00430	Star Consultants Corp	4ies679 Toweer A, OR, 97201	us
S2-00431	Delta Traders & Sxons	47/18, MG Road, Near Bus Stand, Rajasthan	in
S2-00432	Corp Tech Smart	3181 Market Road, Denver, 80202	
S2-00433	Smart Llc Tech	3181 Market Road, Denver, 80202	us
S2-00434	Green and Sons	54S90 MG ROEEAD , CO , 80202	us
S2-00435	Green Foods and	2631 Gandhi Road, Portland	us
S2-00436	Crystal Exports Inc.		
S2-00437	Elite Motors Pvt Ltd	289/96, Station Road, Near Bus Stand, Chennai, Tamil Nadu, 600001	in
S2-00438	ELITE MOTORS PVT LTD	Block C, Near Bus Stand, Pune, Maharashtra, 411001	in
S2-00439	Industries Silver and Sons	62/47 , Hill Road , Near Bus Stand , Uttar Pradesh , 226001	in
S2-00440	SAI OILS & SONS	92/136, Park Street, Near Bus Stand, Jaipur, Rajasthan, 302001	
S2-00441	Orion Consultants Ltd	359/69, Temple Street, Uteetar Pradesh, 22a6001	in
S2-00442	VERTEX IMPORTS PVT LTD.		us
S2-00443		164/163, Opposite Court, Near Bus Stand, Kerala	in
S2-00444	Prime Motors	164/163, Opposite Court, Near Bus Stand, Kerala	in
S2-00445		25/186, Church Street, Near Bus Stand, Bengaluru, Karnataka, 560001	in
S2-00446	Golden Services	376/187, NEAR BUS STAND, RAJASTHAN, 302001	in
S2-00447	EXPORTS LLC	2172 Block C , Boston	us
S2-00448	ELITE EXPORTS LTD	2172 Block C , Boston , MA , 02108	us
S2-00449	ELITE EXPORTS PVT. LTD.	2172 Block C, Boston, MA, 02108	
S2-00450	LOGISTICS CORP	4308 Church Street , WA , 98101	us
S2-00451	Ganesh Logistics and Sons	5601 Station Road, Austin, TX	us
S2-00452	Sharma Electronics Private Limited	506 Temple Street, Seattle, WA, 98101	us
S2-00453	Sharma Electronics Private Pvt Ltd.	506 Temple Street, Seattle, 98101	us
S2-00454	Global Consultants Corporation		in
S2-00455	GLOBAL CONSULTANTS CO	180/ee15 , Near Bus Sxtand , Jyaipur , Rajasthan	in
S2-00456		180/15, Near Bus Stand, Jaipur, Rajasthan, 302001	in
S2-00457	Krishna Services Corporation	Austin, TX, 78701	us
S2-00458	Krishna Services Corpoeration		us
S2-00459	Delta Oils LLC	4690 Station Road, Boston, MA, 02108	us
S2-00460	ROYAL CAFE PVT. CORPORATION	151/60, Opposite Court, Kochi, Kerala, 682001	in
S2-00461		Miami , FL , 33101	us
S2-00462	Patel And Sons		us
S2-00463	Silver Technologies Pvt. Inc	8019 Hill Road , 98101	us
S2-00464	Silver Techsnologies Pvt. LLC	GA, 30301	us
S2-00465	Krishna Rice Inc	270/79 , Telangana , 500001	in
S2-00466	Gupta Technologies Co	4756 Block C, Boston, 02108	us
S2-00467	Technologies Private Limited		us
S2-00468	Smart Enterprises Pvt Ltd	Atlanta, 30301	us
S2-00469		Atlanta , 30301	us
S2-00470	Smart Enterprises Pvt LLC	Atlanta, 30301	us
S2-00471	Singh Foods Co	6428 Hill Road, Portland, OR	us
S2-00472		9975 Sector 21, 78701	us
S2-00473	ROAL MOTORS PVT COMPANY	214/189, NEAR BUS STYAND, KOCHI, KERALA	in
S2-00474		47/122 , Near Bus Stand , Near Bus Stand , Telangana	in
S2-00475	Foods Reddy and Sons	5324 Church Street, Denver, CO, 80202	us
S2-00476	Elite Services Pvt. Ltd.	2543 Block C, Atlanta, 30301	us
S2-00477	& Electronics Star Sons	639 GANDHI ROD, BOSSTON, MA, 02108	us
S2-00478	Orion Textiles Pvt Limited	252/1, Near Bus Stand, Kochi, Kerala, 682001	
S2-00479	Orion Textiles pvt ltd.	215/115, Tower A, Nsear Bus Sxtand, Pune, Maharashxtra, 4y11001	in
S2-00480	Singh pvt ltd.	Seattle, 98101	us
S2-00481	Singh Systems Pvt Ltd.	Seattle, WA, 98101	us
S2-00482	Golden Systems &		us
S2-00483	Blue Services & Sons	337/20, Church Street, Maharashtra	in
S2-00484	Golden Exports Iiesnc.		
S2-00485	Royal Cafe Corporation	7682 SECTOR 21, TX	us
S2-00486	ROYAL CAFE LTD	7682 Sector 21, TX	us
S2-00487	Crystal Enterprises Pvt Limited	172/184, KOCHI, KERALA, 682001	in
S2-00488	Crystal Enteprises Pvt Inc.	263/38 , Near Bus Stand , Hyderabad , Telangana , 500001	in
S2-00489	ROYAL LOGISETICS CO	9224 Anna Salai, Denver, CO	us
S2-00490	Apex Private Foods Limitaed	2508 Lake View Road, GA, 30301	us
S2-00491	Pharma Limited	149/181 , Near Bus Stand , Maharashtra	in
S2-00492	Aypex Inc. Pharma	149/181, NEAR BUS STAND, MUMBAI, MAHARASHTRA	in
S2-00493		266/79, Bengaluru, Karnataka, 560001	in
S2-00494	Steear Enterprises and Sons	228/126, Near Bus Stand, Rajasthan, 302001	in
S2-00495	Shree Logisiestics Inc	9/143, Nehru Nagar, Lucknow, Uttar Pradesh, 226001	in
S2-00496		390y/99, Near Bus Stand, Bengaluru, Kareenataka	in
S2-00497	Sunrise Pvt. Limited	39/151, Sector 21, Near Bus Stand, Uttar Pradesh	in
S2-00498	Sunrise Imports Pvt. Ltd.	39/151, Sector 21, Near Bus Stand	in
S2-00499	Singh Enterprises And Pvta. Ltd.	5707 Opposite Court, Austin, TX	us
S2-00500	SONS CAFE AND ROYAL	8273 MG Road, Denver	us
S2-00501	Das Foods Corp	CO, 80202	us
S2-00502		369Y/45, NEAR BUS STAND, MUMBAI, MAHARASHTRA	in
S2-00503		36x9/45 , Ner Bus Stand , Mumbai , Maeeharashtra	in
S2-00504	Iyer Pharma		in
S2-00505	SHREE SYSTEMS ANXD SONS	70/122 , Plot 44 , Rajasthan	in
S2-00506	Sigma and Sons	371/25, Near Bus Stand, Bengaluru, 560001	in
S2-00507	Sigma Motors and Sons		in
S2-00508	& SONS MOTORS AND SIGMA	371/25 , Near Bus Stand , Bengaluru , 560001	in
S2-00509	Sigma Motors and Pvt. Ltd.	371/25, Near Bus Stand, Bengaluru	in
S2-00510	PRIME MOTORS CORPIESORATION	1885 Lake View Rd, Phoenix, 85001	us
S2-00511	Global Corporation	3579 Hill Road, Boston, MA	us
S2-00512	ORION SERVICES PVT. INC.	118/25 , Kochi , Kerala , 682001	in
S2-00513		Atlanta, 30301	us
S2-00514	Royal Cafe Pvt Ltd	79y44 Block C, Bostieson, MA, 02108	us
S2-00515	SINAGH TECHNOLOGIES LLC	97/25, Market Road, Hyderabad, Telangana	in
S2-00516	Blue Enterprises	Seattle, WA, 98101	us
S2-00517	Consultants Pvt. Ltd.	3952 PLOT 44, PHOENIX, AZ, 85001	us
S2-00518	Pvt. Consultants Smart Ltd		us
S2-00519	Smart Consultants Pvt. Ltd.	3609 ANNA SALAI , OR	us
S2-00520		170/168, Statison Road, Nexar Bus Stand, Meumbai, Maharashtra, 400001	in
S2-00521	Prime Motors Pvt Pvt Ltd	170/168, STATION ROAD, NSEAR BUS STAND, MUMBEEAI, MAHARASHTRA, 40S0001	in
S2-00522		170/168, Station Road, Near Bus Stand, Mumbai, Maharashtra, 400001	in
S2-00523	Prime Motors Pvt & Sons	172/91, CHURCH STREET, NEAR BUS STAND, KOCHI, KERALA, 682001	in
S2-00524	Sunrise Consultants Inc.	8130 Hill Road, Boston	us
S2-00525	Crystal Technologies Pvt Ltd	1816 Market Road, Atlanta, GA, 30301	us
S2-00526	PRIME MOTORS INC	113/43, Near Bus Stand, Telangana	in
S2-00527	Prime Motors Private Limited		in
S2-00528	Prime Pvt Ltd Motors	113/43, Near Bus Stand, Telangana, 500001	in
S2-00529	Iyer Logistics Co	8538 Block C, Boston, MA, 02108	us
S2-00530	Agro LLC	4s741 Church Street, Denaver, CO	us
S2-00531		299/26 , Near Bus Stand , Chennai , Tamil Nadu , 600001	in
S2-00532	Traders pvt ltd.	136/60, Opposite Court, Near Bus Stand, Bengaluru, 560001	in
S2-00533		136/60, Near Bus Stand, Bengaluru, 560001	in
S2-00534	Ganesh Traders pvt ltd.	167/136, Block C, Near Bus Stand, Mumbai, Maharashtra	in
S2-00535	Krishna Exports Llc	373/133, Teower A, Neear Bus Stsand, Kochi, Kerala, 6s82001	in
S2-00536	APEX ENTERPRISES PVT CO	5792 Station Road , Boston	us
S2-00537	Apex Enterprises pvt pvt ltd.	Boston, 02108	us
S2-00538	Apex Enterprises pvt Inc.		us
S2-00539	Oils Ltd	33x4/88, Near Bus Stand, Kochi, Kerala, 682001	
S2-00540		6A8/154, NAR BUS STIESAND, BENGALUIESRU	in
S2-00541	Singh Foods Inc.	181/90, Block C, Near Bus Stand, Mumbai, Maharashtra	in
S2-00542	Apex Enterprises Pvt. Ltd. &		in
S2-00543		255/69 , Plot 44 , Near Bus Stand , Tamil Nadu	in
S2-00544	Iyer Services Private	2192 Park Street, Austin, TX, 78701	us
S2-00545	IYER PRIVATE INC.		us
S2-00546	Royal Solutions Private		in
S2-00547	Royal Solutions Pryivate Private Limited	103/109, GANDHI ROAD, NEAR BUS STAND, CHENNAI, TAMIL NADU, 600001	in
S2-00548	SINGH FOODS PVT LTD	154/11, NEAR BUS STAND, MUMBAI, 400001	in
S2-00549		154/11, Near Bus Stand, Mumbai	in
S2-00550		361/169, Anna Salai, Near Bus Stand, Chennai, Tamil Nadu, 600001	in
S2-00551	Ganesh Systems		us
S2-00552	Apex Foods Corp	Portland, 97201	us
S2-00553		Portland, 97201	us
S2-00554	Enterprises & Sons	9309 Sector 21, Atlanta, GA	us
S2-00555	Patel Agro Ltd	218/87 , Lake View Road , Near Bus Stand , Mumbai , Maharashtra , 400001	in
S2-00556	Patel Agro Llc	97/98, Miesumbai, Maharashtra	in
S2-00557	Roeyal Cafe Pvt. Corp	8680 Park Street , Austin , 78701	us
S2-00558	Pharma Inc	ANNA SALAI, NEAR BUS STAND, LUCKNOW, UTTAR PRADESH, 226001	in
S2-00559	Sharma Pharma Pvt Ltd	306/108, Opposite Court, Near Bus Stand, Telangana	in
S2-00560	Shree Ltd	Phoenix, AZ, 85001	us
S2-00561	Shree Motors Private Limited	Phoenix, AZ	us
S2-00562	Green Textiles Corp	140/18, Tower A, Chennai, Tamil Nadu, 600001	in
S2-00563	Green Textiles Company	140/18, Toswer A, Chenniesai, Tamil Naydu	in
S2-00564	GREEN LIMITED	149/65 , Lucknow , Uttar Pradesh , 226001	in
S2-00565	Royal Consultants Inc	9849 GANDHI ROAD , WA , 98101	us
S2-00566	Crystal Services Ltd	Seattle, 98101	
S2-00567	NAIR CONSULTANTS PVT CSORP	189/105, Nehru Nagar, Near Bus Stand, Lucknow, Uttar Pradesh	in
S2-00568	Krishna Systems Inc	321/64, Gandhi Road, Near Bus Stand, Pune, Maharashtra, 411001	in
S2-00569		9e4/15 , Near Bus Stsand , Nxear Bus Staeend , Mumbai , Maharashtra , 400e001	
S2-00570	New Rice Private Ltd	94/15 , Near Bus Stand , Mumbai , Maharashtra , 400001	
S2-00571	Crystal Traders Private Limited	Atlanta, GA	us
S2-00572		923 Block C , Seattle , WA , 98101	us
S2-00573	Silver Enterpxrises Pvt Ltd	Miami, 33101	us
S2-00574		CO, 80202	us
S2-00575	Vertex Technologies Corp	8514 Temple Street, Denver, CO	us
S2-00576	Nair Inc	3563 Near Bus Stand, Phoenix, 85001	us
S2-00577	SMART TECH PVT LIMITED		in
S2-00578	Smxart Tech Pvt Ltd	16E3/72 , NEEAR BUS SIESTAND , JAIPUR , RAJASTHAN , 30IES2001	in
S2-00579	SMART PVT TECH CORP	163x/72, Near Bus Seetand, Jaipur, Rajastxhan, 302001	in
S2-00580	KHAN FOODS SOYNS	2330 Lake View Road, 80202	us
S2-00581			us
S2-00582		41/112, Plot 44, Near Bus Stand, Chennai, 600001	in
S2-00583	Vertex Logistics & Sons	7586 Station Rd, CO, 80202	us
S2-00584	Sai Corporation	1334 Sector 21 , AZ , 85001	us
S2-00585	Pvt. Industries Das Pvt Ltd	8/EE14, PLAOT 44, NEAR BUS STAND, PUNE, MAHARASHTRA, 41IES1001	
S2-00586	Das Industries Pvt. Corporation	8/14, PLOT 44, PUNE, MAHARASHTRA, 411001	in
S2-00587	Apex Foods Inc	25/134 , Temple Street , Near Bus Stand , Lucknow , Uttar Pradesh	in
S2-00588	SAI EXPORTS LLC	9e1/116 , Station Road , Near Bus Stand , Hyderabad , 500001	in
S2-00589	Sai Exports Corporation	91/116, Station Rd, Near Bus Stand, Hyderabad, 500001	in
S2-00590	Singh Rice Limited Private	Austin, TX, 78701	us
S2-00591	Vertex Raice And Corp	7382 Park Street, Boston, MA	us
S2-00592	Vertex Rice and Sons	Portland, OR	us
S2-00593	Systems & & Sons	FL, 33101	us
S2-00594	DELTA INDUSTRIES	6315 Temple Street, Phoenix, 85001	us
S2-00595	BLUE TECHNOLOGIES PVT LTD.	360/146, Sector 21, Near Bus Stand, Rajasthan, 302001	in
S2-00596	Gupta Enterprises and Sons		in
S2-00597	Apex Logistics & Sons	5X488 TOWER A, BEEOSTON	us
S2-00598	Prime Pharma and Sons		in
S2-00599	Prime Pharma LLC	86/30 , TOWER A , NEAR BUS STAND , JAIPUR , RAJASTHAN , 302001	in
S2-00600	Nair Imports & Sons	130/192, Kochi, Kerala, 682001	in
S2-00601	Nair Imports &	29/93, Market Rd, Near Bus Stand, Jaipur, Rajasthan	
S2-00602	Crystal Pharma LLC		in
S2-00603	PHARMA CRYSTAL AND SONS	133/1ee96, Station Road, Mumbai	
S2-00604	ZENITH SOLUTIONS PVT LTD	8a166 Temaple Street, Denver, CO	us
S2-00605	PVT LTD INDUSTRIES BLUE	310/197, Taemple Street, Pune, Maharashtra, 411ee001	in
S2-00606	Blue Industries and Sons	310/197, TEMPLE STREET, PUNE, MAHARASHTRA, 411001	in
S2-00607	Blue Industries and	246/163 , Near Bus Stand , Chennai , Tamil Nadu	in
S2-00608	Green Electronics pvt ltd.	306/107, Park Street, Near Bus Stand, Mumbai	
S2-00609	Das Solutions Inc	MA , 02108	us
S2-00610	Nair Oils pvt	Anna Salai , Near Bus Stand , Kochi , 682001	in
S2-00611	Nair Oils pvt Corporation	Anna Salai , Near Bus Stand , Kochi , 682001	in
S2-00612	NAIR OILS PVT LTD.	NEAR BUS STAND , KEEOCHI , 6E82001	in
S2-00613	Nair Oils pvt ltd.	288S/73 , MG ROAD , NEAR BUS STEEAND , BENGALAURU , KARNATAKA , 560001	in
S2-00614	Private Limited Motors Patel	8207 STATION RD, TX	us
S2-00615	Corporation Motors Patel	8048 Tower A, Miami, 33101	us
S2-00616	IYER RICE LLC	6656 Block C , Phoenix , AZ	us
S2-00617	Apex Foods	318/112, Near Bus Stand, Near Bus Stand, Hyderabad, Telangana	in
S2-00618	Silver Agro & Sons	TX, 78701	
S2-00619	Apex Foaods Inc.	WA, 98101	us
S2-00620	Electronics Golden Company	5838 Hill Road, Austin	us
S2-00621	Delta Technologies & Sons	339/1ies71 , Statison Road , Near Bus Stand , Lucknw , Uttar Pradsesh , 226001	in
S2-00622	Sunrise Electronics LLC	311/48, Near Bus Stand, Mumbai, Maharashtra	in
S2-00623	SUNRIEESE ELECTRONICS INC.	240/109, GANDHI ROAD, HYDERABAD, TELANGANA, 500001	in
S2-00624	Sai Phara & Sons	243/3, Near Bus Stand, Lucknow, Uttar Pradesh, 226001	in
S2-00625	Golden Foods Pvt Ltd	7456 Anna Salai, Phoenix, 85001	us
S2-00626	Golden Pvt Foods Ltd	7456 Anna Salai , Phoenix	us
S2-00627	Oils Shree and Sons	Sector 21, Neyar Bus Stand	in
S2-00628	Shree Oils Co	178/32, Sector 21, Near Bus Stand, 560001	in
S2-00629	PVT. LTD. OILS SHREE	178/32, Sector 21, Niesear Bus Stand	
S2-00630	SSHARMA SERVICES CORPORATION	3869 Nehru Nagar , Boston	
S2-00631	Sharma Enterprises Private Limited	125/198, Near Bus Stand, Chennai, 600001	in
S2-00632	Sharma Enterprises Private	125/198, Near Bus Stand, Chennai, Tamil Nadu	in
S2-00633	Sharma Enterprises Private Ltd	1a25/198 , Chennai , Taymil Nadu , 60001	in
S2-00634	Silver Systems Limited	Phoenix , AZ , 85001	us
S2-00635	Pvt. Ltd. Foods Apex	3348 Market Road, Phoenix, AZ, 85001	us
S2-00636	Patel Electroneics Company	3340 Hill Road, 85001	us
S2-00637		3340 Hill Road , 85001	us
S2-00638	Imports Private Private Limited	112/138, Pune, Maharashtra, 411001	in
S2-00639			in
S2-00640	Das Enterprises Pvt. Ltd.	108/10, Lake View Rd, Near Bus Stand, Pune, 411001	in
S2-00641	SMART LOGISTICS CORPORATION	384EE/75, BLAOCK C, NEAR BUS STAND, 560001	in
S2-00642	Apex Foods pvt Pvt. Ltd.		us
S2-00643	CRYSTAL SERVICES COMPANY	7487 TOWER A , WA	us
S2-00644	SERVICES COMPANY	7487 Tower A, Seattle, WA, 98101	us
S2-00645	Green Services LLC	7254 Anna Salai, Austin	us
S2-00646	Green Services pvt ltd.	7254 Anna Salai, Austin	us
S2-00647	Golden Enterprises Pvt. Pvt Ltd	Denvr , CO	us
S2-00648	Nova Electronics Insc.		in
S2-00649	NOVA INC.	4ee0/20, Tower A, Nesar Bus Stand, Lucknow, Uttar Praydesh, 2s26001	in
S2-00650	NOVA ELECTRONICS PVT. LTD.	40/20 , Tower A , Near Bus Stand , Uttar Pradesh , 226001	
S2-00651	NOAVA ELECTRONICS INC.	40/20, Tower A, Near Bus Staeend, Luscknow, Uttar Pradeh, 22601	in
S2-00652	Sigma and Sons	Austin, TX, 78701	us
S2-00653	SAI SYSTEMS & SONS	Plot 44, Near Bus Stand, Chennai, Tamil Nadu, 600001	in
S2-00654	Das Services Corporation	Block C , Near Bus Stand , Pune , Maharashtra , 411001	in
S2-00655	Services Das Corporation		in
S2-00656	FOODS LTD	372/154 , Near Bus Stand , Lucknow , 226001	in
S2-00657	Apex Foods LLC		in
S2-00658	Apex pvt ltd.	372/y154, Near Bus Sstand, Lucknow, 226001	in
S2-00659	Nova Industries	43/103, Hill Road, Near Bus Stand, Mumbai, Maharashtra, 400001	in
S2-00660	New Limited Solutions	253/132 , Sector 21 , Lucknow , 226001	in
S2-00661	Star Motors & Corp	Portland, OR	us
S2-00662	Prime Motors Corp	CO, 80202	us
S2-00663	Prime Motors Corp	354 Near Bus Stand, TX	us
S2-00664	Global Traders Co	5761 Sector 21, Seattle	us
S2-00665	DAS SERVICES PRIVATE LIMITED	3872, Mumbai, Maharashtra	
S2-00666	Electronics Inc.	8666 Toweer A , 33101	us
S2-00667	Das Oils Co	TX, 78701	us
S2-00668	DAS OILS PVT LTD		us
S2-00669	Delta Pharma Pvt Ltd		us
S2-00670	Delta Pharma Pvt Inc	Miami, FL	us
S2-00671		Miami , FL , 33101	us
S2-00672	MODERN TEXTILES PVT CO		us
S2-00673	Shree Imports Pvt Ltd.	9184 Block C , Portland	us
S2-00674	Shree Imports Corp	ATLANTA, GA	us
S2-00675	Patel Industries & Sons	4388 ANNA SALAI, BOSTON, MA	
S2-00676	Patel Industries Company	4388 Anna Salai, MA	us
S2-00677	Patel Industries Company	4388 ANNA SALAI, BOSTON, MA	us
S2-00678	PHARMA SAI COMPANY	6536 Lake View Road, Denver, CO	us
S2-00679	Apex Foods Inc.	Sector 21, Hyderabad, Telangana, 500001	in
S2-00680	Foods Inc.	SECTOR 21 , HYDERABAD , 500001	in
S2-00681	GUPTA INDUSTRIES PVT PRIVATE LIMITED	6977 Lake View Road, Seattle, WA, 98101	us
S2-00682	Industries Gupta pvt ltd.	6977 Lsake View Road, Seatteele, 98101	us
S2-00683	REDDY INDUSTRIES PRIVATE LIMITED	156/10, Near Bus Stand, Kochi, Kerala	in
S2-00684	Reddy Industries Inc.	156/10 , Kyochi , Kerala	in
S2-00685	Axpex Solutions Limited	Sector 21 , Near Bus Stand , Hyderabad , Telangana , 500001	in
S2-00686		Phoenix, 85001	us
S2-00687	Inc Tech Smart	391 ANNA SALAI, WA, 98101	us
S2-00688		9721 Park Street, WA	us
S2-00689	Nair Consultants & Company	119/85, Market Road, Near Bus Stand, Pune, Maharashtra, 411001	in
S2-00690	NAIR CONSULTANTS & SONS	119/5, Market Road, Near Bus Setand, Pune, Maharashtra, 411001	in
S2-00691	Nair Consultants & Siesons	119/85, Market Rd, Pune, Maharashtra	in
S2-00692	NOVA IMPORTS PRIVATE LIMITED	66/44, PARK STREET, NEAR BUS STAND, PUNE, MAHARASHTRA, 411001	in
S2-00693	SHREE AND ELECTRONICS SONS	364/184, Plot 44, Near Bus Stand, Mumbai, Maharashtra	in
S2-00694	Shree Electronics and		in
S2-00695		Miami, FL	us
S2-00696	Blue Inc Technologies	374/61, BLOCK C, NEAR BUS STAND, CHENNAI, TAMIL NADU	in
S2-00697	BLUE PVT LTD	374/61, BLOCK C, NEAR BUS STAND, CHENNAI, TAMIL NADU	in
S2-00698	TECHNOLOGIES BLUE PVT LTD.	374/61, Block C, Near Bus Stand, Chennai, Tamil Nadu	in
S2-00699	Blue Technologies	374/61 , BLOCK C , CHENNAI , TAMIL NADU	in
S2-00700		Plot 44, Near Bus Stand, Jaipur, Rajasthan, 302001	in
S2-00701		Miami, FL	us
S2-00702	Apex Foods & and Sons	35/181 , Church Street , Near Bus Stand , Mumbai , Maharashtra	in
S2-00703	Systems Prime &	114/99, Stsation Road, Near Bus Staand, Cahennai, Tamil Nau, 600001	in
S2-00704	Prime Systems & Pvt. Ltd.	114/99, Station Road, Near Bus Stand, Tamil Nadu, 600001	in
S2-00705	Smart Corp Traders	Hill Road, Chennai, Tamil Nadu, 600001	in
S2-00706	Smart Corp	Near Bus Stand, Kochi, Kerala, 682001	in
S2-00707	Silver & Inc.	89/107, Block C, Near Bus Stand, Mumbai, Maharashtra, 400001	in
S2-00708	Ganesh Corporation		us
S2-00709	IYER PHARMA PVT LLC	MA , 02108	us
S2-00710	Shree Rice Inc	8/y99, Pyark Street, Nsear Bus Stand, Kochi, 682001	in
S2-00711	Reddy Sysstems & Sons	CO, 80202	us
S2-00712	Patel Pheearma Inc.		
S2-00713	Shree Traders Inc.	7258 Anna Salai , Portland , OR , 97201	us
S2-00714	Shree Tradesrs Inc.	7258 Anna Salai, Portland, OR, 972a01	us
S2-00715	Crystal Enterprises and Sons		in
S2-00716	Elite Pharma Company	101/69, Nehru Nagar, Near Bus Stand, Lucknow, 226001	in
S2-00717	Royal Cafe pvt Ltd	240/75, Temple Street, Near Bus Stand, Kochi, Kerala	
S2-00718	Orion Industries Ltd	Near Bus Stand, Chennai, Tamil Nadu	in
S2-00719	Orion Industries Corp	113/24, Nar Bus Sytand, Tameil Naeedu	in
S2-00720	Orion Industries Pvt. Ltd.	113/24 , Near Bus Stand , Chennai , Tamil Nadu	
S2-00721	Vertex Pharma Pvt Ltd	190/186 , Lake View Road , Near Bus Stand , Hyderabad , Telangana , 500001	in
S2-00722	Vertex Pharma Pvt Ltd	Anna Salai , Kochi , Kerala	in
S2-00723	Ganesh Logistiecs Inc	3403 Block C, Denver, 80202	
S2-00724	Apex Foods & Sons	9005 Near Bus Stand, Phoenix, 85001	us
S2-00725	Apxex Foods & Sons	9x005 Nar Bus Stand, Phoeeenix	us
S2-00726	Apex Foods & Sons	2698 Market Road, 80202	us
S2-00727	Modern Oils Limixted	147/71, Temple Street, Near Bus Stand, Kochi, Kerala, 682001	in
S2-00728	Enterprises Rddy Inc	2296 PLOT 44, DENVER, 80202	us
S2-00729	Nova Imports Llc	Temple Street, Near Bus Stand, Bengaluru, Karnataka	in
S2-00730	Nova Rice Private Limited	7417 Sector 21, AZ	us
S2-00731	Smart Moors pvt ltd.	8271 Hill Road, Phoenix, AZ	us
S2-00732	Green Enterprises & Company	254/127, Church Street, Near Bus Stand	in
S2-00733	SUNRISE ENTERPRISES COMPANY	Lucknow, Uttar Pradesh, 226001	in
S2-00734	ENTERPRISES SUNRISE PRIVATE LIMITED	Near Bus Stand , Uttar Pradesh , 226001	in
S2-00735	Sunrise Enterprises Company	Near Bus Stand, Lucknow, Uttar Pradesh, 226001	in
S2-00736	Krishna Rice Private Limited	6646 Church Street, TX	us
S2-00737	Prime Systems Co	106/47, Sector 21, Maharashtra	in
S2-00738		PHOENIX , 85001	
S2-00739	Smart Tech Llc	258/159, Lake View Rd, Near Bus Stand, Kerala, 682001	in
S2-00740	Sigma Pharma Pvt. Ltd.	40e/120, Nesar Bus Sytand, Bengaluru, Karnataka	in
S2-00741	Sigma Pharma Pvt. Ltd.		in
S2-00742	Sigma Pharma Pvt.	40/120, Near Bus Stand, Bengaluru, Karnataka	in
S2-00743	Sigma Pharma Pvt. Company	Market Road , Jaipur , Rajasthan	in
S2-00744	KHAN INC. IMPORTS	361/177, MG Road, Near Bus Stand, Bengaluru, Karnataka, 560001	in
S2-00745	KHAN IMPORTS CORP	361/177 , MG Road , Near Bus Stand , Bengaluru , Karnataka , 560001	in
S2-00746	STAR OIEELS LTD	9377 LAKE VIEW RD, CO	us
S2-00747	Star Oils Inc.	9377 Lake View Road, CO	us
S2-00748	Star Oils	4e046 Hill Road , Seatteele , 98101	
S2-00749		8826 Block C, CO	
S2-00750	VERTEX EXPORTS COMPSANY	8195 Block C, Boston, MA, 02108	us
S2-00751	Das Electronics Co		us
S2-00752	Ganesh Solutions Corp	57/72, Near Bus Stand, Bengaluru, Karnataka	in
S2-00753	Agro Pvt Ltd	43A08 SECTXOR 21, MIAMI	us
S2-00754	IYER AGRO PVT INC	4308 SECTOR 21, MIAMI	us
S2-00755	IYER PVT LTD	408 Sector 21, Miami	us
S2-00756	Smart Motors Pvt Ltd	224/32, Station Road, Bengaluru, 560001	in
S2-00757	Green Traders Ltd	3941 Tower A , Phoenix , 850y01	us
S2-00758	Silver Logistics Limited	6544 Opposite Court, Phoenix, 85001	us
S2-00759	PRIVATE CONSULTANTS SIGMA AND SONS	9980 Temple Street , Boston , MA	us
S2-00760	Royal Consultants Inc	257/85, Lake View Road, Near Bus Stand, Hyderabad, 500001	in
S2-00761	Ganesh Electronics Corp	59/78 , Near Bus Stand , Maharashtra , 400001	in
S2-00762	DAS IMPORTS PVT.	MG Road, Ner Bus Stand, Myumbai, Maharaiesshtra, 400001	in
S2-00763	Das Imports Pvt. Pvt. Ltd.	Lake View Rd, Near Bus Stand, Hyderabad	in
S2-00764	ROYAL CAFE CORPORATION	PORTLAND, OR, 97201	
S2-00765	Royal Cafe Corporation		us
S2-00766	Royal LLC		us
S2-00767	Khan Traders & Sons	Tower A , Near Bus Stand , Kochi , 682001	
S2-00768	Motors Anda Sons	5577 Lake View Road, Portland	us
S2-00769	Sunrise Rice Private Inc	4289 Park Street, 02108	us
S2-00770	New Consultants pvt and Sons	300/56, Park Street, 560001	in
S2-00771	New Consuiesltants pvt ltd.	300/56 , Bengaluru	in
S2-00772		345/152, Station Rd, Near Bus Stand, Chennai, Tamil Nadu, 600001	in
S2-00773		313/86, MG Reeoad, Near Bus Stand, Jaipur, 302001	in
S2-00774	Ganesh Traders & Sons	313/86, MG Road, Near Bus Stand, Jaipur, 302001	in
S2-00775	Ganesh & Traders Sons	313/86 , MG Rd , Near Bus Stand , Jaipur , 302001	in
S2-00776	Silver Traders	6/57, NEHRU NAGAR, NEAR BUS STAND, LUCKNOW, UTTAR PRADESH, 226001	in
S2-00777	Gupta Agro Pvt Ltd	9641 Block C, 02108	us
S2-00778	Singh Traders and Company	Neear Bus Steand , Jaipur , Rajasthan	in
S2-00779	Apex & Sons	9/18, Tower A, Near Bus Stand, Chennai, Tamil Nadu, 600001	in
S2-00780	Foods Apex Company	9/18, Tower A, Near Bus Stand, Chennai, Tamil Nadu, 600001	in
S2-00781		9/18, TOWER A, NEAR BUS STAND, CHENNAI, TAMIL NADU, 600001	in
S2-00782	Apex Foods Co	Lake View Road, Kochi, 682001	in
S2-00783	Sunrise Imports Corporation	82/78, Church Street, Near Bus Stand, Hyderabad	in
S2-00784	SUNRIASE IMPORTS CORPORATION	Near Bus Stand, Pune, Maharashtra, 411001	in
S2-00785	Private Logistics Elite Limeited	142/64, Lake View Road, Bengaluru, 560001	in
S2-00786		142/64, Lake View Road, Bengaluru	in
S2-00787	Ltd Logistics Gupta	5407 Lake View Road, Denver, CO, 80202	us
S2-00788	Gupta Logistics Ltd	5407 Lake View Road, Denver, CO, 80202	us
S2-00789	Gupta Ltd	Seattle, WA, 98101	us
S2-00790	New Consultants Pvt Ltd	2090 Block C, Austin, TX, 78701	us
S2-00791	Prime Motors	327y/187 , Tower A , Near Bus Stand , Kchi , 682001	in
S2-00792	Singh Enterprises and Company	6528 Near Bus Stand, GA, 30301	us
S2-00793	SINGH ENTERPRISES AND CO	6528 NEAR BUS STAND , GA	us
S2-00794	REDDY & EXPORTS	Phoenix, 85001	us
S2-00795	Modern Motors	Austin , TX	us
S2-00796	Modern Motors Corporation	Denver, CO, 80202	us
S2-00797	Vertex Systems Corp	Atlanta, 30301	us
S2-00798	Vertex Systems Corp	Atlanta, 30301	us
S2-00799	Vertex Systems Corp		us
S2-00800	Vertex Systems Corp	1795 Plot 44, Phoenix, AZ	us
S2-00801	Singh Motors Corporation	AZ, 85001	us
S2-00802	Singh Motors LLC	27ies71 MG Road, Seattle, WA	us
S2-00803	Prime Motors & Sons	7024 TEMPLE STREET, OR, 97201	us
S2-00804	Royal Logistics Private Limited	Ner Bus Stand, Hyderabad, 5e00001	in
S2-00805	Logistics Private Corp	Near Bus Stand, Hyderabad, Telangana, 500001	in
S2-00806	Royal Logistics Limited Private	Near Bus Staynd, Hyderabad, Telangaena, 500001	in
S2-00807	Sunrise Exports And Sons	8756 Tower A, 30301	us
S2-00808	SONS EXPORTS AND SUNRISE	6533 ANNA SALAI, AUSTIN	us
S2-00809	Smart Rice LLC	64a62 Church Street, TX, 787e01	us
S2-00810		DENVER, CO	us
S2-00811	GUPTA & CONSULTANTS SONS	4341 Near Bus Stand , Denver , 80202	us
S2-00812	Consultants & Inc	7499 Anna Salai, TX	us
S2-00813	Vertex Pvt. Ltd.	165/23, Paark Street, Nesar Bus Staxnd, Bengalusru, Karataka, 560001	in
S2-00814	Vertex Pvt. Ltd.	165/23, Paark Straeet, Near Bus Stand, Bengaluru, Kareenataka	in
S2-00815	Vertex Enterprises Pvt.	Park Street, Near Bus Stand, Bengaluru, Karnataka, 560001	in
S2-00816	Vertex Pvt. Ltd.	11/41 , Plot 44 , Chennai , Tamil Nadu , 600001	in
S2-00817	GOLDEN SOLUTIONS IYNC.	6537 Hill Road, Boston, MA, 02108	us
S2-00818	CONSULTANTS GUPTA CO		us
S2-00819	GUPTA CONSULTANTS LLC	7976 Tower A , Miami , FL	
S2-00820	Royal Motors Pvt. Ltd.	81/y165, Cheeurch Street, Nyear Bus Steand, Hyderabad, Telangana, 5000s01	in
S2-00821	Motors Royal pvat ltd.	81/165, Church Street, Nar Bus Stand, Hyderabad, Telaxngana	in
S2-00822		279/57 , Gandhi Road , Near Bus Stand , Maharashtra , 411001	in
S2-00823		5500 Market Road, Miami, 33101	us
S2-00824	Nair Systems & Company	4826 Anna Salai, Miami, FL, 33101	us
S2-00825	NAIR SYSTEMS & & SONS	4826 Anna Salai, FL	us
S2-00826	Electronics Elite Private Limited	Near Bus Stand , Chennai , Tamil Nadu , 600001	in
S2-00827	Modern Exports Corporation	Saeattle, WA	us
S2-00828	Modern Exports LLC	Seattle , WA	us
S2-00829	Exports LLC	Seattle , WA , 98101	us
S2-00830	SIGMA PVT LTD.	47/47, Opposite Court, Jaipur, Rajasthan	in
S2-00831	NEW FOODS CORP	Austin, 78701	us
S2-00832		Phoeenix , 85001	us
S2-00833	Blue Solutions Pvt Ltd	128/141, Tamil Nadu, 600001	in
S2-00834	Orion Enterprises Corporation	373/169, MG Rd, Near Bus Stand, Jaipur, Rajasthan	in
S2-00835	Orion Enterprises Corporation	373/169, MG Road, Near Bus Steand, Jeeaipur, Rajasthan	
S2-00836	Orion LLC	MG Road, Near Bus Stand, Jaipur, Rajasthan	
S2-00837		96/186, Near Bus Stand, Near Bus Stand, Pune, Maharashtra	in
S2-00838	Delta Solutions Pvt. Ltd.	Seattle, WA	us
S2-00839			in
S2-00840	Vertex Technologies Pvt pvt ltd.	13e5/161, Anna Sealai, 302001	in
S2-00841	Blue Textiles LLC	CO, 802a02	us
S2-00842	Blue Textiles Private Limited	CO, 80202	us
S2-00843	Elite Electronics Inc.	4893 Lake View Road , Phoenix	us
S2-00844	Sharma Systems Inc		us
S2-00845	Patel Logistics Inc	7535 Block C, 33101	us
S2-00846	KRISHNA OILS PVT.		in
S2-00847	Vertex Enterprises	9552 MG Road, GA	us
S2-00848	Vertex Enterprises Corp	9552 MG Road , GA	us
S2-00849	VERTEX ENTERPRISES & SOXNS	9643 Gandhi Road, Atlanta, 30301	us
S2-00850	ORION RIESICE & SONS	2830 Station Rd, Austin, 78701	us
S2-00851	Patel Enterprises Pvt Ltd	148/114 , MG Road , Bengaluru , 560001	in
S2-00852	KHAN IMPORTS INC	5159 Park Street , TX	us
S2-00853	KHAN LIMITED IMPORTS	Boston, MA	us
S2-00854	Khan Imports Corp	9488 HILL ROAD , AUSTIN	us
S2-00855	Reddy Textiles Company	8286 Sector 21, Austin	us
S2-00856	Reddy Company Textiles	8286 Sector 21, Austin	us
S2-00857	REDDY TEXTILES COMPANY	8286 SECTOR 21, AUSTIN	us
S2-00858	PVT TRADERS GANESH CORPORATION	5108 Block C, Denver, CO, 80202	us
S2-00859	Star Solutions pvt ltd.	278/140 , Near Bus Stand , Mumbai	in
S2-00860	Prime Enterprises Company		us
S2-00861	Prime Enterprises Company	6738 Nehru Nagar, Phoenix, AZ	us
S2-00862	Reddy Foods Pvt. Ltd.	724 Church Street, Phoenix, AZ, 85001	
S2-00863	Krishna Pharma Company		in
S2-00864	Sharma Agro Private Limited	307/19 , Neear Bus Stand , Mumbai , Maharashtra , 4y00001	in
S2-00865		68ee97 Hill Road , Bosxton	us
S2-00866		6815 PARK STREET, MIAMI, FL, 33101	us
S2-00867	Smart Teach Pvt Private Limited	6815 Park Street , Miami , FL , 33101	us
S2-00868	Smart Tech Pvt Pvt. Ltd.	6815 Park Street, Miami, FL, 33101	us
S2-00869		MG Road, Near Bus Stand, Pune, Maharashtra, 411001	in
S2-00870	KRISHNA TEXTILES INC	3915 Lake View Road, Miami, FL, 33101	us
S2-00871		3915 Lake View Road, Miaami, FL, 33101	us
S2-00872	Krishna Inc	3915 Lake View Road, Miami, FL	us
S2-00873	Green Corporation and	Portland, OR	us
S2-00874	Peeatel Technologies Corporation	19/18, Church Street, Near Bus Stand, Hyderabad, 500001	in
S2-00875		1s15/71 , Sector 21 , Near Bus Stand , Hyderabad , Telangana , 500001	in
S2-00876	Cryastal pvt ltd.	82/87 , Nehru Nagar , Near Bus Stand , Maharashtra	in
S2-00877	Reddy Electronics pvt Corp	AZ, 85001	us
S2-00878	Ganesh Traders Limited	Atlanta, GA, 30301	us
S2-00879	Sunrise Technologies Co	38/x17 , Hill Road , Neiesar Bus Stand , Lucknow , 226001	in
S2-00880	GOYLDEN INDUSTRIES & LTD	5979 Lake View Road, Atlanta, GA	us
S2-00881	Imports Shree LLC	9730 Hill Road, Austin, TX, 78701	us
S2-00882	Sigma Foods Corp	33/132, Near Bus Stand, Lucknow, Uttar Pradesh, 226001	in
S2-00883	NOVA TEXTILES LLC	61s77 Stateion Road , Atlanta	us
S2-00884	Ganesh Traders Limited	5418 Plot 44, Boston, MA	
S2-00885		MA , 02108	us
S2-00886	pvt ltd. Eiesxports Nair	Phoenix, AZ	us
S2-00887	Prime Motors Corporation		us
S2-00888	Sigma Technologies Co	LAKE VIEW ROAD, NEAR BUS STAND, MAHARASHTRA	in
S2-00889	Technologies Pvt. Ltd.	107/ies111 , Lake View Road , Near Bus Stand , Mumbai , Mahayrashtra	in
S2-00890	Crystal Eenterprises pvt ltd.	3IES1/168 , KOHI , KERALA , 682001	in
S2-00891	Rice Co	Atlanta, GA	us
S2-00892	Vertex Technyologies Pvt.		in
S2-00893	Enterprises Co	277/12, Nehru Nagar, Hyderabad, Telangana, 500001	in
S2-00894	Ganesh Textiles Corp	5527 Plot 44, GA	us
S2-00895	GANESH INC.	5527 Plot 44, Atlanta, GA	us
S2-00896		5527 PLOT 44 , ATLANTA , GA	us
S2-00897	LOGISTICS AND SONS	3372 Plot 44, Seattle	us
S2-00898	Delta Logistics Corporation		us
S2-00899		9605 Near Bus Stand, Portland, 97201	us
S2-00900		Nxear Bus Stand, Hyderabad	in
S2-00901	PVT LTD LOGISTICS SMART	Anna Salai , Near Bus Stand , Tamil Nadu	in
S2-00902	LOGISTICS LIMITED	164/155 , Anna Salai , Near Bus Stand , Tamil Nadu	in
S2-00903	Logistics Limited	164/155, Anna Salai, Near Bus Stand, Tamil Nadu	in
S2-00904	Iyer Imports Ltd	Church Street, Near Bus Stand, Chennai, 6s00001	in
S2-00905	Imports Iyer Ltd		in
S2-00906	Exports Inc.	10x0/98, Hill Roeead, Near Bus Stand, Bngaluru, Karnataka	in
S2-00907	BLUE OILS & CORPORATION	8714 Market Road , Austin , TX , 78701	us
S2-00908		8714 Market Rd, Aueestin, TX	us
S2-00909	New Pharma Private Limited	288/145 , Lucknow , Uttar Pradesh , 226001	in
S2-00910	Pharma Private Limited	288/145 , Near Bus Stand , Lucknow , Uttar Pradesh , 226001	in
S2-00911	New Pharma Private Pvt. Ltd.		in
S2-00912	Pharma Private Pvt. Ltd.	288/145 , Near Bus Stand , Lucknow , Uttar Pradesh , 226001	in
S2-00913	IMPORTS & SONS	357/105, Lake View Road, Bengaluru, Karnataka	
S2-00914	Elite Industries And Sons	343/47, Market Road, Near Bus Stand, Maharashtra	in
S2-00915	ELITE TEXTILES LTD	226/95 , CHUXRCH STREEEET , NEAR BUS SATAND , MUMEBAI , MAHARASHTRA , 400001	in
S2-00916	Vertex Agro & Seeons	901 Plot 44, Denver, CO	us
S2-00917	LLC Cafe Royal	9361 Plot 44, Seattle	us
S2-00918	Foods & Sons	125/168, Gandhi Road, Near Bus Stand, Kochi, Kerala	in
S2-00919	Vertex Traders Inc.	24/44, Temple Street, Near Bus Stand, Hyderabad, Telangana, 500001	in
S2-00920	Vertex Traders Inc.	24/44, Neear Bus Stand, Hyderabad, Telangana, 50ee0001	in
S2-00921	Green Services Ltd	AZ, 85001	us
S2-00922	Apex Foods Limited	Church Street, Lucknow, Uttar Pradesh	in
S2-00923	SHARMA TEXTILES CORPORATION	5ies735 Station Road, CO	us
S2-00924	Ssigma Rice Corporation	131/15 , Opposite Court , Tamil Nadu	in
S2-00925	Sigma Rice Inc	131/15, OPPOSITE COURT, CHENNAI, TAMIL NADU	in
S2-00926	COMPANY MOTORS PRIME	201/80 , Gandhi Road , Near Bus Stand , Bengaluru , 560001	in
S2-00927	Soluations LLC	NEAR BUS STAND, KOCHI, 682001	in
S2-00928	Silver Oils Limited		in
S2-00929	Silver And Sons Oils	382/19, Near Bus Stand, Jaipur, Rajasthan, 302001	in
S2-00930	Crystal Motors Co	102/121, Hill Road, Near Bus Stand, Hyderabad, Telangana	in
S2-00931		184/93, PARK STREET, NEAR BUS STAND, TAMIL NADU, 600001	in
S2-00932	Sai Aeegro and Sons	Anna Saalai, Near Bus Stand, Hyderaabad, Telangana, 500001	
S2-00933		2174 Plot 44, Phoenix	us
S2-00934	Co Private Solutions	237/1, Opposite Court, Nyear Bus Stnd, Kochi, Keryala, 682001	in
S2-00935	GANESH ELECTRONICS COMPANY	8832 Station Road, OR	us
S2-00936	GANESH ELECTRONICS COMPANY	529 Gandhi Road, Atlanta, GA	us
S2-00937	Shree Iymports pvt Corp	Seattle , WA	us
S2-00938		Denver, CO, 80202	us
S2-00939	Company Oils Orion	112/125 , Near Bus Stand , Kochi , Kerala , 682001	in
S2-00940	Textiles Company	369/70, Park Street, Near Bus Stand, Pune, Maharashtra, 411001	in
S2-00941	Das Textiles	3y69/70, Park Streyet, Nar Bus Stand, Peune, Maharyashtra, 4110x01	in
S2-00942	Das Textiles Company	369/70, Park Street, Near Bus Stand, Pune, Maharashtra, 411001	in
S2-00943	Delta Agro pvt LLC	8082 Sector 21 , GA	us
S2-00944		8082 Sector 21 , GA	us
S2-00945	Apex Foods Pvt pvt ltd.	7639 Plot 44, Portland, OR	us
S2-00946		7639 PLOT 44, PORTLAND, OR, 97201	us
S2-00947	Silver Textiles Private Limited	212/123, Neear Bus Staynd, Jaipeur, Rajasthan	in
S2-00948		212/123, Near Bus Stand, Jaipur, Rajasthan	in
S2-00949	Silver Private pvt ltd.	212/123, Near Bus Stand, Jaipur, Rajasthan	in
S2-00950	Krishna Services Limited		in
S2-00951	Global Textiles Pvet. Private Limited		in
S2-00952	Global Textiles Corp Pvt.	57/198 , Nehru Nagar , Near Bus Stand , Hyderabad , Telangana , 500001	in
S2-00953		7347 Hill Rd , 02108	us
S2-00954	VERTEX FOODS AND SONS	6198 NEAR BUS SIESTAND, BOSTON, MA	us
S2-00955	Sai Consultants Pvt and Soiesns	179/1, Near Bus Steeand, Mumbiesai, Maharashtra, 400001	in
S2-00956	Sai Consultants Pvt Ltd	Market Road, Near Bus Stand, Kerala	in
S2-00957	Singh Textiles Pvt Llc	297/51, Plot 44, Near Bus Stand, Mumbai, Maharashtra, 400001	in
S2-00958	Singh Textiles Pvt Ltd	369/34, NEAR BUS STAND, HYDERABAD, 500001	in
S2-00959	PRIME MOTORS PVT LTD		us
S2-00960	Ganesh LLC Logistics	69y98 Paeerk Street, Denver	us
S2-00961	GANESH LOGISTICS LLC	6998 Park Street, Denver	us
S2-00962	Ganesh Logistics pvt ltd.	6Y998 PARK STREET , DENVER	us
S2-00963	CRYSTAL ELECTRONICS LIMITED		us
S2-00964		Seattle , WA	us
S2-00965		161/188 , Sector 21 , Near Bus Stand , Pune , Maharashtra , 411001	
S2-00966	NEW TEXTILES PRIVATE LIMITED	Church Street, Lucknow, Uttar Pradesh, 226001	in
S2-00967	Modern Imports Corp		us
S2-00968	Modern Imports Lixmited	Austin, TX	us
S2-00969		267/21, TOWER A, JAIPUR, 302001	in
S2-00970	SIGMA ENTERPRISES LTD	85/ee188, Chennai, Tamil Naadu	in
S2-00971	Sigma Enterprises LLC	85/188, Block C, Chennai, Tamil Nadu	in
S2-00972	Sigma Enterprises Corp	85/188 , BLOCK C , CHENNAI , TAMYIL NADU	in
S2-00973	Golden Enterprises Company	362/122, NEAR BUS STAND, KOCHI, KERALA	in
S2-00974	BLUE CORP	228/57, Near Bus Stand, Chennai, Tamil Nadu	in
S2-00975		266/86 , Block C , Pune , Maharashtra , 411001	in
S2-00976	Golden Technologies LLC	26x6/86, Block C, Pyune, Maharashtra	in
S2-00977	Zenith Enterprises Pvt.	254/178 , Nehru Nagar , Lucknow , Uttar Pradesh , 226001	in
S2-00978	Zenith Systems	155/173 , STATION RD , NEAR BUS STAND , 302001	
S2-00979	Systems Zenith Corp	176/52 , Lake View Road , Near Bus Stand , Maharashtra , 400001	in
S2-00980	Iyer Solutions Private Limited	OR, 972ies01	us
S2-00981		PORTLAAND, OR, 97IES201	us
S2-00982		Plot 44, Jaipur, 302001	in
S2-00983	Singh Electronics And Sons		us
S2-00984		Denver, 80202	us
S2-00985	MODERN ELECTRONICS AND SONS	Gandhi Raoad , Nar Bus Staend , Uttar Pradesh , 226001	in
S2-00986		384/38, Sector 21, Near Bus Stand, Pune, Maharashtra, 411001	in
S2-00987	Green Oiesils Ltd	1105 Anna Salai, WA	us
S2-00988	GREEN LTD	1105 ANNA SALAI, WA	
S2-00989	Modern Enterprises Pvet. LLC		in
S2-00990		9y228 Palot 44, Seattle, WA	us
S2-00991		175/130, BLOCK C, HYDERABAD, TELANGANA	in
S2-00992	Royal Loistics Pvt. pvt ltd.	4527 ANNA SALAI, PHOENIX	us
S2-00993	Golden Pharma Private Limited		in
S2-00994	Patel Services Corporation	4885 MG Road, 78701	us
S2-00995	Patel Services Corporation	Boston, MA	us
S2-00996	Prime Motors Pvt. Co	OPPOSITE COURT , NEAR BUS STAND , CHENNAI , TAMIL NADU , 600001	in
S2-00997	PRIME MOTORS PVT. CO	Opposite Court , Near Bus Stand , Chennai , Tamil Nadu , 600001	in
S2-00998	Prime Motors Pvt. Llc	Opposite Court, Near Bus Stand, Chenynai	in
S2-00999		386/112, Jaipur, 302001	in
S2-01000			us
S2-01001	Golden Pharma Ltd	Tower A, Near Bus Stand, Uttar Pradesh	in
S2-01002	Golden Pharma	Tower A , Near Bus Stand , Uttar Preadesh , 2260ee01	
S2-01003	Golden Pharma LLC	Tower A , Near Bus Stand , Uttar Pradesh	in
S2-01004	Logistics Limited	2903 Hill Road , MA	us
S2-01005	Khan Logistics Co	2903 Hill Rd , MA	
S2-01006	Smart Imports Ltd	Church Street, Near Bus Stand, Kochi, Kerala	in
S2-01007		Station Road, Near Bus Stand, Bengaluru, Karnataka	in
S2-01008	Inc. Motors Prime	277/66 , Market Road , Near Bus Stand , Rajasthan	in
S2-01009	PRIME MOTORS LTD	243/104, Lake View Road, Near Bus Stand, Bengaluru, 560001	in
S2-01010	SINGH PHARMA IN.	7692 Hill Road, Phoenix, AZ	us
S2-01011	KRISHNA ENTERPRISES & SONS		us
S2-01012	Krishna Enterprises Company	Atlanta, GA	us
S2-01013	Sai Enterprises Co	4s824 Market Roaad, Atlanta, GA	us
S2-01014	Nair Traders Private Limited	Miami , 33101	us
S2-01015		306/38, Near Bus Stand, Chennai, Tamil Nadu, 600001	in
S2-01016	Green Technologies Inc.	306/38, Hill Road, Near Bus Stand, Chennai, Tamil Nadu, 600001	
S2-01017		6499 Plot 44, Miami, FL	us
S2-01018	Prime Rice pvt ltd.		us
S2-01019	Blue Consultants Pvt. Ltd.	Austin , TX , 78701	us
S2-01020	Blue PvtLtd Consultants	Autin, TX	us
S2-01021	Blue Coensultants Corp		us
S2-01022	Shree Consultants Corp	189/110, Park Street, Nyear Bus Stand, Pune, 411001	in
S2-01023	Shree Consultants Corp	189/110, Park Street, Near Bus Stand, Pune, Maharashtra	in
S2-01024	Delta Textiles	252/96 , Temple Street , Near Bus Stand , Pune , Maharashtra , 411001	in
S2-01025	PATEL INDUSTRIES PVT LTD.	34/117, Pune	in
S2-01026	Patel Private Limited pvt Industries	34/117, Sector 21, Pune, 411001	in
S2-01027	Patel pvt Inc.		in
S2-01028	SILVER ELECTRONICS PVT LTD	9513 Plot 44, 02108	us
S2-01029	Silver Electronics pvt ltd.	9ies513 Plot 44, 0e2108	us
S2-01030			in
S2-01031	SERVICES ROYAL AND SONS	9375 Nehru Nagar, Austin, TX, 78701	us
S2-01032	LTD TECH SMART	110/35 , Near Bus Stand , Bengaluru , Karnataka	in
S2-01033		348/185, Temple Street, Near Bus Stand, Jaipur, Rajasthan, 302001	in
S2-01034	REDDY SYSTEMS INC.	348/185, TEMPLE STREET, NEAR BUS STAND, JAIPUR, RAJASTHAN, 302001	in
S2-01035	Zenith Agro Corp	2512 ANNA SALAI, AUSTIN, TX, 78701	us
S2-01036	GLOBAL TECHNOLOGIES COMPANY	OR, 97201	us
S2-01037	Technologies Company	Portiesland, OR	us
S2-01038	Global Enterprises pvt Corporation	Church Street, Near Bus Stand, Kochi, 682001	in
S2-01039	Glosbal Enterprises pvt ltd.	Church Street, Near Bus Stand, Kochi, 682001	in
S2-01040	Khan pvt ltd.	WA, 98101	us
S2-01041	IYER TECHNOLOGIES CO	Atlanta , GA , 30301	us
S2-01042	Delta Pvyt. Ltd.	122/129 , Block C , Pune , Maharashtra , 411001	in
S2-01043	Vertex Inc.	122 Anna Salai, GA, 30301	us
S2-01044	GANESH TRADERS CO	PHOENIX, 85001	
S2-01045	GANESH CO TRADERS	Phoenix, 85001	us
S2-01046	Ganesh Traders	698 Market Rd, Seattle, WA	us
S2-01047	Green Industries Inc.	4981 MG ROAD , BOSTON , 02108	us
S2-01048		4355 MG Road, Atlanta, GA, 30301	us
S2-01049	Zenith Technologies And Sons	8259 Park Street, Miami	us
S2-01050	Deylta Solutions & Sons	200/156, Tower A, Near Bus Stand, Hyderabad, Telangana	in
S2-01051	Green Traders Limited	Near Bus Stand, Pune, 411001	in
S2-01052	Blue Enterprises	525 Park Street , Portland , OR , 97201	us
S2-01053	Llc Enterprises Smart	230/78, NEAR BUS STAND, MAHARASHTRA, 411001	in
S2-01054	NAIR SOLUTIONS PVT. LTD.		in
S2-01055	Nair Solutions Pvt. Ltd.	110/41, Sector 21, Near Bus Stand, Maharashtra	in
S2-01056		49/173 , Near Bus Stand , Hyderabad , Telangana	in
S2-01057		6743 Anna Salai, Seattle, WA, 981ee01	us
S2-01058	Singh Logistics Corporation	1160 SECTOR 21, CO, 80202	us
S2-01059	Ganesh Traders and	288/146, Market Road, Mumbai, Maharashtra, 400001	in
S2-01060	Golden Enterprises Ltd	302/102 , Anna Salai , Near Bus Stand , Pune , Maharashtra , 411001	in
S2-01061	IYER SERVICES PVT LTD.	70/43 , Church Street , Near Bus Stand , Pune , Maharashtra	in
S2-01062	Delta Consultants Inc		us
S2-01063	Sai Systems Llc	7184 ANNA SALAI , DENVER , 80202	us
S2-01064	Sai Corp	9971 Market Road , 98101	us
S2-01065	Patel Co	1396 Palot 44, MA	us
S2-01066	Ganesh Traders Corp		us
S2-01067	Singh Inc.	Bengaluru, Karnataka, 560001	in
S2-01068	Royal Logistics Ltd	217/136, Near Bus Stand, Chennai	in
S2-01069	Logistics Ltd	217/136, Near Bus Stand, Chennai, 600001	in
S2-01070	Ryal Logistics Ltd	217/136, Cyhennai, 600001	in
S2-01071	ROYAL LOGISTICS LTD	283/120, Church Street, Bengaluru, Karnataka	in
S2-01072	Nova Solutions pvt ltd.	7Y872 OPPOSISTE COEURT, AUSTIN, TX, 78701	us
S2-01073	NOVA SOLUTIONS PVT LTD.	7872 Opposite Court, Austin, TX, 78701	us
S2-01074	Nova Solutions pvt ltd.	7872 Opposite Court, Austin, 78701	us
S2-01075	Pharma Company	7365 Sector 21, Denver, CO, 80202	us
S2-01076	New Pxharma Inc	Portland, 97201	us
S2-01077	Blue Consultants Pvt. Ltd.	7454 Tower A , Miami , FL	
S2-01078	Reddy Enterprises And Soyns	Hill Road, Near Bus Stand, Kochi, Kerala, 682001	in
S2-01079	Limited Traders Private Blue		us
S2-01080		Opposite Couart, Pune, Maharashtra, 411001	in
S2-01081	Sunrise Industries pvt ltd.	55/165, Laieske Veiew Rd, Nesar Bus Stasnd, Rajasthan, 302001	in
S2-01082	Blue Exports Co	8569 MG Road , 85001	us
S2-01083	Exports Co	8569 MG Riesoad, 85001	us
S2-01084	Royal Enterprises Inc.	2938 SECTOR 21, MA, 02108	us
S2-01085	Royal Pvt. Ltd.	7754 Opposite Court, 78701	us
S2-01086	Elite Private Textiles Ltd	Block C, Near Bus Stand, Uttar Pradesh, 226001	in
S2-01087	Foods Gupta Pvt Co	Denver, 80202	us
S2-01088	Prime Corp Logistics	195/126 , Near Bus Stand , Kerala	in
S2-01089	Apex Textiles Private Inc		in
S2-01090	Krishna Enterprises Private Limited	3295 Anna Salai , Seattle , WA , 98101	us
S2-01091	ROYAL INC CAFE	Tower A, Near Bus Stand, Maharashtra, 411001	in
S2-01092	Delta Logistics & Company	344/43, Nehru Nagar, Near Bus Stand, Pune, Maharashtra, 411001	in
S2-01093	APEX EXPORTS PVT. LTD	7527 BLOCK C , SEATTLE , WA , 98101	us
S2-01094	Orion Foods Co	5290 Church Street, FL	us
S2-01095	Das Textiles Private Limited	30/33, Market Road, Near Bus Stand, Jaipur, Rajasthan, 302001	in
S2-01096	Nova Corporation		in
S2-01097	NOVA SERVICES COMPANY	303/7 , Tower A , Near Bus Stand , Pune , Maharashtra , 411001	in
S2-01098	NOVA SERVICES INC.		in
S2-01099	Priame Motors Pvt Ltd	3136 Block C, Atlanta, GA	us
S2-01100	Singh Enterprises	3s670 Hill Road, Denxver, CO	us
S2-01101	Apex & Sons Industries	8915 Nehru Nagar , WA	
S2-01102	Apex Industries Inc.		us
S2-01103		1EE12/170, TEMPLE STEREET, NEAR BUS SXTAND, KERALA, 682001	in
S2-01104	Peeatel Rice Inc.	112/170, TEMPLE STREET, NEAR BUS STAND, KERALA	in
S2-01105	Ganesh Imports Company	175/92, GANDHI ROAD, NEAR BUS STAND, JAIPUR, RAJASTHAN, 302001	in
S2-01106	Vertex Enterprises Corporation		us
S2-01107	Vertex Enterprises Corporation	Atlanta, 30301	us
S2-01108	Green Enterprises Ltd	108/186 , Tsemple Street , Jaiiespur , Rajasthan , 30y2001	in
S2-01109	Silver Logistics Ltd	7232 Sector 21, FL, 33101	us
S2-01110	Silveeer Logistics Ltd	7232 Sector 21 , FL , 33101	us
S2-01111	Silver Logistics Pvt. Ltd.	7232 SECTOR 21 , 33101	us
S2-01112	GANESH INC TRADERS	27/157, Mumbai	in
S2-01113	SHARMA INDUSTRIES LLC	Sector 21 , Near Bus Stand , Kochi , Kerala	in
S2-01114	Sharma Industries Private Limiiested	9/182, Hyderabad, 500001	in
S2-01115	Gloeebal Enterprises Co	51/168, Gandhi Road, Near Bus Stand, Mumbai, Maharashtra, 400001	
S2-01116	GLOBAL CO ENTERPRISES	51/1a68, Gandhi Road, Near Bus Setand, Mumbai, Maharashtra, 400001	in
S2-01117	Vertex Company	163/177, Tower A, Near Bus Stand, Pune, Maharashtra, 411001	in
S2-01118	Imports Company	Market Road, Near Bus Stand, Kochi, 682001	in
S2-01119	Das Oils and Sons	308/56 , Near Bus Stand , Near Bus Stand , Mumbai , Maharashtra , 400001	in
S2-01120	Singh Foods Company	ATLANTA, GA, 30301	us
S2-01121	Krishna Consultants Limited	183/97, Near Bus Stand, Mumbai, Maharashtra, 400001	in
S2-01122	Apex Foods pvt ltd.	Austin, TX	us
S2-01123	LTD. FOODS PVT APEX	5159 Park Street , FL	us
S2-01124	Royal Systems Private Limited	2915 NEHRU NAGAR , ATLANTA , GA , 30301	us
S2-01125	SHARMA FOODS PVT. LTD.	345/92 , TEMPLE STREET , NEAR BUS STAND , BENGALURU , 560001	in
S2-01126	Sunrise Pharma Inc	14/96, Station Road, Near Bus Stand, Hyderabad, Telangana, 500001	in
S2-01127	Shree Consultants		in
S2-01128	GLOBAL TEXTILES INC	5069 Church Siestreet, AZ, 85001	us
S2-01129	Silver Services & Inc.	Denver, CO, 80202	us
S2-01130	Apex Foods Private Limited	297/24, Gandhi Road, Near Bus Stand, Pune, Maharashtra, 411001	in
S2-01131	and Foods Apex Sons	Gayndhi Rsoad, Nesar Bus Stand, Pune, Maharashtra, 41ee1001	in
S2-01132	Blue Textiles Pvt Inc.	29/41, Anna Salai, Near Bus Stand, 226001	in
S2-01133		29/41, Near Bus Stand, 226001	in
S2-01134	Blue Textiles Pvt Pvt Ltd	Gandhi Road, Near Bus Stand, Jaipur, Rajasthan, 302001	in
S2-01135	Khan Imports Pvt Ltd	Portland, OR, 97201	us
S2-01136		71/90, PLOT 44, NEAR BUS STAND, 411001	in
S2-01137	Sunrise Enterprses & Sons	Plot 44, Near Bus Stand	
S2-01138	Sunrise Enterprises & Pvt. Ltd.	7ee1/90, Palot 44, Near Bus Stand, 411001	in
S2-01139	Star Logistics Pvt. Ltd.	75/157, Anna Salai, Hyderabad, Telangana	in
S2-01140	Silver Services pvt Corp		us
S2-01141	Silver Services pvt Pvt Ltd	6840 Gandhi Road, Denver, CO, 80202	us
S2-01142	SMART TECH CORPORATION	270/171 , Lake View Road , Near Bus Stand , Chennai , 600001	in
S2-01143	Smart Tech & Sons	Lake View Road , Near Bus Stand , Chennai , 600001	in
S2-01144	Khan Private Limited	249/135, PARK STREET, NEAR BUS STAND, MUMBAI, MAHARASHTRA, 400001	in
S2-01145	Nair Consultants	Ssector 21, Near Bus Stand, Bengaluru, Karnatyaka, 560001	in
S2-01146	Nova Rice Co		us
S2-01147		Atlanta, 3x0301	us
S2-01148	Foods pvt LLC	Atlanta, 30301	us
S2-01149	Shree Foods pvt ltd.		us
S2-01150	Shree Foods Pvt Ltd.		us
S2-01151	PRIME MOTORS COMPIESANY	3857 Tower A , Denver , CO , 80202	us
S2-01152	Prime Motors And Sons	Denver , CO	
S2-01153		3857 Tower A, Denver, CO	us
S2-01154	Royal Enterprises & Sons	235/143, Near Bus Stiesand, Pune, Mahiesarashtra	in
S2-01155	Consultants Corp	Station Road , Near Bus Stand , Uttar Pradesh , 226001	in
S2-01156		Tower A, Near Bus Setand, Chenneai, Tmil Nadu	in
S2-01157	Corporation Systems Royal	4101 Church Street , Miami	us
S2-01158	Royal Systems Private Limited	4101 Church Street, Miami	us
S2-01159	ROYAL SYSTEMS CORORATION	4101 CHURCH STREET , MIAMI	us
S2-01160	Royal Systems Corporation	4101 Church Street , Miami	us
S2-01161	Zenith Consultants Pvt Ltd	256/127, Nehru Nagar, Hyderabad, Telangana, 500001	in
S2-01162		735 Market Road, MA	us
S2-01163	Enterprises Sigma LLC	3719 Block C, Seattle, WA, 98101	us
S2-01164	Nova Enterprises Pvt Ltd	43/8, TEMPLE STREET, NEAR BUS STAND, MUMBAI, MAHARASHTRA	in
S2-01165	Global Services Limited	139/20 , NEHRU NAGAR , NEAR BUS STAND , TELANGANA , 500001	in
S2-01166			
S2-01167	ROYAL CAFE PVT LTD.	1169 PLOT 44 , AUSTIN , TX	us
S2-01168	Royyal Rice Co	116/70 , Station Road , Near Bus Stand , Uttar Pradesh , 226001	in
S2-01169	Delta Rice Pvt. Ltd.	33/57, Station Road, Near Bus Stand, Bengaluru, 560001	in
S2-01170	Delta Rice Corporation	33/57, STATIESION RAOAD, NER BUS STAND, BENGALURU, KARNATAKA, 560001	in
S2-01171	Delta Rice Co	269/65, Gandhi Road, Near Bus Stand, Hyderabad, Telangana	in
S2-01172	Khan Electronics Pvt. Ltd		in
S2-01173	Khan Electronics Pveet. Ltd.	24/160, Hill Road, Hyderabad, 500001	in
S2-01174	Electronics Pvt. Ltd.		in
S2-01175	Ganesh Traders Private Limited	3167 Church Street, Miami, FL	us
S2-01176	Crystal Logistics pvt ltd.	TX, 78701	us
S2-01177	Logistics Limited		us
S2-01178	Elite Asgro Corporation		in
S2-01179	Silver Motors Pvt Ltd	Church Street , Near Bus Stand , Telangana , 500001	in
S2-01180	Gupta Imports Pvt Ltd	6390 Tower A, Denver	us
S2-01181			in
S2-01182	Green Agro Corporation	6679 Gandhi Road, AZ	us
S2-01183	Green Agro Limited	6679 Gandhi Road, AZ	us
S2-01184	Nsair Motors Pvt LLC	6603 Block C, Denver	us
S2-01185	Private Traders Ganesh	2802 Plot 44, Portland, OR, 97201	us
S2-01186	Global Foods Pvt. LLC	241/59, Station Ryoad, Near Bus Stand, 302001	in
S2-01187	Apex Services & Sons	Miami, FL	us
S2-01188	Apex Seervices Company	Miami, FL	us
S2-01189	Textiles pvt ltd.	41/65, Near Bus Stand, Hyderabad, Telangana	in
S2-01190	Sons Electronics and Silver	Atlanta, 30301	us
S2-01191	Silver Electronics and Pvt. Ltd.	Atleeanta , 3301	us
S2-01192	Silver Electronics and pvt ltd.	6161 Station Road, MA, 02108	us
S2-01193	Traders & Co		in
S2-01194	Iyer Loxgistics Pvt. Ltd.	289/193, Block C, Kerala	in
S2-01195	Iyer Logistics Company	289/193 , Block C , Kerala , 682001	in
S2-01196	Iyer Logistics	289/193, Block C, Kerala	in
S2-01197	Nova Consultants Pvt. LLC	SEATTLE, WA	us
S2-01198	Corporation Consultants Pvt. Nova	Seattle , WA	us
S2-01199	Zenith Exports Company	394/108, Near Bus Stand, Kochi, Kerala	in
S2-01200	Smart Tech Private Limited		us
S2-01201	Enterprises Pvt Co	CO, 80202	us
S2-01202	Smart Enterprises pvt & Sons		
S2-01203	Royal Industries & Private Limiiested	4454 Hill Road, Atlanta, GA	us
S2-01204	Iyer Syystems Private	CO, 80202	us
S2-01205	Systems Pivate Limited	8657 Plot 44, Denver	us
S2-01206	Prime Motors Limited		in
S2-01207	DELTA LOGISTICS PVT CORP		us
S2-01208	SMART PHARMA & SONS	181/176, Market Rosad, Near Bus Stand, Bengaluru, Karanataka, 560ies001	in
S2-01209	Apex Foods Pvt Ltd	8822 Gandhi Road, Portland, OR, 97201	us
S2-01210	Elite Technologies Private Limited	119/24, Station Road, Near Bus Stand, Pune, Maharashtra, 411001	in
S2-01211	SILVER ELECTRONICS PVT PRIVATE LIMITED	Plot 44, Kerala, 682001	in
S2-01212	Company Oils Star	1037 Hill Road, Miami, FL	us
S2-01213	Sharma Oils LLC	181/135 , Nehru Nagar , Tamil Nadu , 600001	in
S2-01214	PVT. LTD. OILS SHARMA	254/173, Nehru Nagar, Near Bus Stand, Pune, Maharashtra, 411001	in
S2-01215	Modern Traders Pvt. Private Limited	7650 Nehru Nagar, FL, 33101	us
S2-01216	Iyer Electronics ltd.		us
S2-01217	ELECTRONICS LTD	265/176, Near Bus Stand, Kochi, Kerala, 682001	
S2-01218	DELTA ELECTRONICS LTD	265/176, Near Bus Stand, Kochi, Kerala, 682001	in
S2-01219	DELTA ELECTRONICS LTD		in
S2-01220	Delta Electronics Ltd	265/176 , Near Bus Stand , Kochi , Keala	in
S2-01221	Motors Prime Inc.	134/32, Station Road, Near Bus Stand, Jaipur, Rajasthan, 302001	in
S2-01222	Prime Motors Inc.	134/32 , Near Bus Stand , Jaipur , Rajasthan , 302001	in
S2-01223	Prime Motoars Inc.	134/32, Station Road, Near Bus Stand, Jaipur, 302001	in
S2-01224	Vertex Pharma Private Inc.	237/75 , CHURCH STREET , CHENNAI , TAMIL NADU , 600001	in
S2-01225		122/198, Church Street, Rajasthan	in
S2-01226		214/185, Near Bus Staand, Near Bus Stand, Bengaluru, Karnaataka, 560x001	in
S2-01227	Sharma Enterprises & Saons	9768 Temple Street, 97201	us
S2-01228		297/141, Park Street, Near Bus Stand, Hyderabad, Telangana	in
S2-01229	Delta Motors Inc	386/77, Hill Road, Near Bus Stand, Uttar Pradesh, 226001	
S2-01230		386/77 , Near Bus Stand , Uttar Pradesh , 22e6001	in
S2-01231	Delta Motors	Hill Road, Near Bus Stand, Uttar Pradesh, 226001	
S2-01232	Oiesrion Enterprises Co	MA, 02108	us
S2-01233	Orion Enterprises Co	MA, 02108	us
S2-01234	Sai Enterprises Pvt. Ltd.	272/52 , Near Bus Stand , Hyderabad , Telangana , 500001	
S2-01235	Apex Systems Limited	Park Street , Near Bus Stand , Kerala , 682001	in
S2-01236	Vertex Systems	246/117, Sector 21, Mumbai, Maharashtra, 400001	in
S2-01237	Delta Exports Private Liemited	Atlanta, GA	us
S2-01238	Dexlta Exports Private Limited	Atlanta, GA	us
S2-01239		Atlanta, GA	us
S2-01240	Delta Exports Private Limited	Atlaynta , GA , 30301	us
S2-01241		5986 Gandhi Rd, Boston, MA	us
S2-01242	Khan & Sons	59a86 Gandhi Roiesad, Boston, MA, 0e2108	us
S2-01243	Modern Industries Corp	Park Street , Near Bus Stand , Mumbai , Maharashtra	in
S2-01244		Lake View Road, Near Bus Stand, Telangana	in
S2-01245	Prime Enterprises Inc	7681 TEMPLE STREET, PHOENIX, AZ, 85001	us
S2-01246		7758 Nehru Nagar , TX	us
S2-01247		340/130 , Gandhi Road , Mumbai , Maharashtra , 400001	in
S2-01248		34a0/130, Gandhi Road, Mumeebai, Maharashtra, 400001	in
S2-01249	Khan Exports Inc.	Church Street , Near Bus Stand , Maharashtra , 411001	in
S2-01250	Khan Exporiests & Sons	Opposite Court, Nesar Bus Staiesnd, Luceknow, 226001	in
S2-01251	Sharma Logistics and Sons	77/100, MG ROAD, NEAR BUS STAND, LUCKNOW, UTTAR PRADESH	in
S2-01252	Ganesh Agro Private Limited	345/175, Near Bus Stand, Hyderabad, 50001	in
S2-01253	Khan Systems & Sons	236/112 , Pune , Maharashtra	in
S2-01254	MODERN SYSTEMS PVT PVT LTD.	14/197, Nehru Nagar, Near Bus Stand, Karnataka	in
S2-01255	Pvt. Traders Ltd.	Opposite Court , Near Bus Stand , Mumbai , Maharashtra	in
S2-01256	Ganesh Traders Pvt. Ltd.	Opposite Court, Near Bus Stand, Mumbai, Maharashtra	in
S2-01257	Orion Exports Inc.	8901 Temple Strieseet, Portland, OR, 9ies7201	us
S2-01258	Krishna Foods		in
S2-01259	Krishna Foods Limited	364/111, Opposite Court, Near Bus Stand, Bengaluru, Karnataka	in
S2-01260	Patel Textiles Pvt. Ltd.	FL, 33101	us
S2-01261	PATEL TEXTILES PVT. INC.	FL , 33101	us
S2-01262	SMART TECH PRIVATE LIMITED	7215 Anna Salai , Phoenix , 85001	us
S2-01263	Tech Private Limited	7215 ANNA SALAI, PHOENIX, 85001	us
S2-01264	Smart Tech Private Limited	7215 Anna Salai, Phoenix	us
S2-01265	PRIME TEXTILES LTD	298/4, Near Bus Stand, Kochi, Kerala, 682001	in
S2-01266	Singh Agro Llc	328/115, Hill Road, Bengaluru, Karnataka	in
S2-01267	Singh Aagro Inc		in
S2-01268	Foods Inc	MAIESRKET ROAAD, NEAR BUS STAND, LUCKNOW, 226001	in
S2-01269	Electronics & Sons	8e062 Near Bus Setand, WA, 98101	us
S2-01270	SSIGMA ELECTRONICS &	8062 Near Bus Stand , WA	us
S2-01271	Khan Induystries Corp		in
S2-01272		331/143, Nehru Nagar, Near Bus Stand, Maharashtra, 400001	us
S2-01273	Golden Agro Pvt. Ltd. And	829 NEHRU NAGAR, MIAMI, FL, 33101	in
S2-01274	Krishna Imports Inc	3211 Station Rd, Miami, FL, 33101	us
S2-01275	Patel Textiles LLC	Miami , FL	in
S2-01276	Blue Co Agro	AZ, 85001	in
S2-01277	Star Agro Inc.		us
S2-01278	PATEL CONSULTANTS LTD	Plot 44 , Near Bus Stand , 400001	in
S2-01279	Singh Imports Corporation	25/198 , TOWER A , NEAR BUS STAAND , BEEENGALURU , KARNYATAKA	us
S2-01280	Ganesh Pharma Co	105/69, Church Street, Near Bus Stand, Mumbai, Maharashtra	us
S2-01281		355/169, Sector 21, Near Bus Stand, Lucknow	in
S2-01282	Textiles & Sons	6y334 Temple Street, WA, 98101	us
S2-01283	Sunrise Corporation	Settle, WA	us
S2-01284	Rice Company		us
S2-01285	SIGMA MOTORS COMPANY	TX , 78701	in
S2-01286	Agro Ltd	241/108, Ansna Syalai, Neear Bus Stand, Jaipur, Rajasthaan, 302001	us
S2-01287	SHREE TECHNOLOGIES PVT. LTD.	6044 Station Rd, FL, 33101	in
S2-01288		93/11, TOWER A, NEAR BUS STAND, JAIPUR, RAJASTHAN, 302001	in
S2-01289	Agro Inc	1052 MARKET ROAAD, MIAMI, FL, 33101	us
S2-01290	APEX ENTERPRISES PRIVATE & SONS		in
S2-01291	Nova Tiesextiles Private	MG Road, Near Bus Stand, Tamil Nadu, 600001	us
S2-01292	Vertex Agro Private	3s274 Temple Street, Denyver, CO, 80ee202	in
S2-01293	Reddy Solutions Lsimited	Gandhi Road, Near Bus Stand, Mumbai, Maharashtra	in
S2-01294	Patel Agro Corp	292/48, Plot 44, Near Bus Stiesand, Jaipur, Rajasthan	in
S2-01295		Opposite Cosurt, Near Bus Stand, Karnataka	us
S2-01296	pvt ltd. Enterprises Orion	2/a97 , Nehru Nagar , Hyderabad , Telangana , 50001	us
S2-01297	Reddy Exports Sons		us
S2-01298	Iyer Enterprises pvt ltd.	Atlanta, GA	
S2-01299	PRIME COMPANY	329/199, Church Street, Pune, Maharashtra	in
S2-01300	SISLVER AGRO PVT. INC	Church Street, Near Bus Stand, Lucknow, Uttar Pradesh	in
S2-01301	Modern LLC Enterprises	370/127, Uttar Pradesh, 226001	in
S2-01302	Khan Textiles LLC	SEATTLE, 98101	in
S2-01303	GOLDEN PHARMA SONS	82/152, Near Bus Sxtand, Beyngaluru, Karynataka	us
S2-01304	VERTEX EXPORTS PVT LTD	375/99 , Hill Road , Near Bus Stand , Hyderabad , Telangana , 500001	us
S2-01305	ZENITH CORPORATION	2/145, Gandhi Road, Chennai, Tamil Nadu, 600001	us
S2-01306		292/68, HILL ROAD, NEAR BUS STAND	in
S2-01307		5581 Lake View Road, Denver	in
S2-01308	Electronics Corporation	1535 MARKET ROAD, MIAMI, 33101	us
S2-01309	Star Traders Co	293/167, MG Road, Near Bus Stand, Kerala, 682001	us
S2-01310	Star Logistics Pvt Ltd	Seattle, WA	
S2-01311	Krishna Rice Ltd	255/123, NEHRU NAGAR, MUMBAI, 400001	us
S2-01312	Motors Limited	104/129, BLOCK C, NEAR BUS STAND, PUNE, MAHARASHTRA, 411001	us
S2-01313	Blue Traders and Sons	Gandhi Road, Near Bus Stand, Bengaluru, 560001	us
S2-01314		Seattle , 98101	us
S2-01315	GANEESH CORPORATION		in
S2-01316	Sharma Textiles Ixnc.	4212 Market Road , 78701	us
S2-01317		3313 Hill Road, Seattle, WA	us
S2-01318	Silver Solutions Co		us
S2-01319	Royal Inc Electronics	134/136, Market Road, Near Bus Stand, Mumbai	us
S2-01320	Apex Textiles Corp	5649 Nehru Nagar, GA, 30301	in
S2-01321		5137 Market Road, GA	in
S2-01322	Nair Consultants Pvt.	2084 Nar Bus Stand, Denver, CO, 80202	us
S2-01323	Green Rice Pvt Ltd.	Boston, MA	in
S2-01324	Patel Solutions Co		us
S2-01325	SAI ENTERPRISES AND SONS	BOSTAON, MA	us
S2-01326		GA, 3E0301	in
S2-01327	Golden Exports Pvt Ltd	186/44, Plot 44, Near Bus Stand, Kochi, Kerala, 682001	in
S2-01328	Star Traders	2513 Market Road, Boston, 02108	us
S2-01329	Gupta Pharma and Sons	294/88, Near Bus Stand, Telangana, 500001	in
S2-01330	Khan Foods Company	362/158, Opposite Court, Lucknow, Uttar Pradesh	us
S2-01331	Vertex Solutions & Corporation	378/55, Maharashtra, 400001	in
S2-01332	Modrn Textiles Pvt. Ltd.	8984 Nehru Nagar , Atlanta , GA	in
S2-01333	Reddy Industries Private Limited	302/88 , Hill Road , Near Bus Stand , Bengaluru , Karnataka , 560001	in
S2-01334	Consultants & Private Limited	171/14, STATION ROAD, NEAR BUS STAND, KOCHI	
S2-01335	Psatel Motors Corporation	142/191 , Station Rd , Jaipur , Rajasthan , 302001	in
S2-01336	FOODS INC.	384/189, Hsill Road, Bengaluru, Karnaeetaka, 5x60001	in
S2-01337	Vertex Solutions & Sons	5297 Gandhi Road, FL	us
S2-01338	Nova Enterprises Pvt. & Sons	1y96/117 , Anena Salai , Neear Bus Stand , Hydeeerabad , Telangaa , 500001	
S2-01339	GLOBAL TECHNOLOGIES PVT. LTD.	1468 Gandhi Road , 85001	us
S2-01340	Reddy Electronics Pvt Ltd	260/19, Near Bus Stand, Hyderabad, Telangana, 500001	in
S2-01341	SHARMA TECIESHNOLOGIES LLC	5/11 , MG Rd , Near Bus Stand , Mumbai , Maharashtra	in
S2-01342	Modern Logistics Inc		in
S2-01343	Solutions Nair Company	7504 Park Street, WA, 98101	in
S2-01344	Silver Agro ld. pvt	239/173, Kochi, Kerala, 682001	in
S2-01345	Smart Oils Private Company	7e859 Lake Veeiew Road, 78701	in
S2-01346	Modern Exports and and Sons	9063 Church Street , Denver , CO , 80202	
S2-01347	Krishna Systems Company		us
S2-01348	Singh Corporateion Exports	6491 Church Street, Portland, OR, 97201	us
S2-01349	SIGMA TECHNOLOGIES PVT.	43s03 Sector 21, FL, 33101	in
S2-01350	Conultants Patel Limited	350/31, Market Road, Near Bus Stand, Lucknow, Uttar Pradesh, 226001	in
S2-01351	Shee Rice & Sons	221/95 , NYEAR BUS STAND , KOCHI , KERALA , 6820S01	us
S2-01352		5220 Temple Street, Phoenix, AZ	us
S2-01353	Krishna Company	231/111, Market Road, Near Bus Stand, Telangana	us
S2-01354	Prime Pharma Inc.		us
S2-01355		266/76, Park Street, Telangana, 500001	us
S2-01356	Sai Imports Co		us
S2-01357	Rice & Sons	FL, 33101	us
S2-01358	APEX LOGISTICS CO	286 Church Street , Miami , FL , 33101	us
S2-01359		OR, 97201	us
S2-01360			in
S2-01361	Sunrise Agro Corporation	230/83, Block C, Near Bus Stand, Hyderabad, Teelangana	us
S2-01362	Gupta Solutions Corp	NEAR BUS STAND , LUCKNOW	us
S2-01363	Global Enterprises Pvty Ltd	319/112, Park Street, Uttar Pradesh	us
S2-01364	Apex Electronics Corp	1606 Station Road , MA	in
S2-01365	Royal Exports pvt leetd.	245/90, Near Bus Stand, Kerala, 682001	in
S2-01366		56/81, Tamil Nadu	us
S2-01367	Blue Oils Private Limited	Hill Rd, Bengaluru, Karnataka	in
S2-01368	NEW PHARMA AND SONS	209/166, Near Bus Stand, Karnataka, 560001	us
S2-01369	Star Technologies Limited	69/14, Near Bus Stand, Rajasthan, 302001	us
S2-01370	Sielver Industries Inc.	Anna Salai, Pune, Maharashtra, 411001	us
S2-01371	GUPTA SYSTEMS PRIVATE LIMITED	9262 Gandhi Reoad , 78701	in
S2-01372	SILVER IMPORTS	Austin, TX, 78701	in
S2-01373	REDDY SERVICES LLC	Near Bus Stand , Pune , Maharashtra , 411001	
S2-01374	Prime Corporeeation	Near Bus Stand, Kochi, 682001	us
S2-01375	Reddy Electronics Limited		us
S2-01376	Vertex Imports Inc.	126/185, Plot 44, Near Bus Stand, Hyderabad, Telangana, 500001	in
S2-01377	Sharma Technologies Company	94/162, Near Bus Stand, Near Bus Stand, Hyderabad	in
S2-01378	Golden Rice Pvt. Ltd.	BOSTON , MA	in
S2-01379	Co Textiles Reddy		us
S2-01380		FL, 33101	us
S2-01381	Shree Imports & Sons	Miami, 33101	us
S2-01382	Greaen And Sons	29/182, MG Rd, Jaipur	us
S2-01383	Star Systems Private Limited	389/14 , NEAR BUS STAND , MUMBAI , MAHARASHTRA , 400001	us
S2-01384	Iyer Motors Pvt.	Opposite Court , Near Bus Stand , Tamil Nadu , 600001	in
S2-01385	Modern Logistics & Sons	3899 ANNA SALAI , PORTLAND , OR	us
S2-01386	PATEL ELECTRONICS AND LLC	95/ies86, Near Bus Stand, Bengaluru	us
S2-01387	SIGMA EXPORTS INC.	202/12 , Near Bus Stand , Pune , 411001	us
S2-01388		1326 PARK STREET, PORTLAND	in
S2-01389	Sharma Textiles & Sons	5693 Park Street, Miami, FL	us
S2-01390	Sunrise Enterprises Company	GA, 30301	us
S2-01391		323/165 , GANDHI ROAD , NEAR BUS STAND , CHENNAI , TAMIL NADU	us
S2-01392	and Logistics Modern Pvt Ltd	6057 Park Street, MA, 02108	in
S2-01393		1410 Park Street, Atlanta, GA	us
S2-01394	Oils Apex Pvt Ltd	366/81 , Sector 21 , Near Bus Stand , Jaipur , Rajasthan	us
S2-01395	Delta Corporxation Motors		us
S2-01396		3367 Church Street, Phoenix, AZ, 85001	us
S2-01397	SINGH TEXTILES PVT. LTD.	Boston, MA	in
S2-01398	IYER LOAGISTICS PVT PVT LTD	332/85, Near Bus Stand, Rajasthan	us
S2-01399	PVT. ELECTRONICS NOVA LLC	Market Road , Pune , Maharashtra , 411001	in
S2-01400	Gupta Logistics Inc	291ee/178, Plot 44, Near Bus Stand, Pune, 411001	us
S2-01401	Private Limited Techynologies Gupta	77x19 Gandehi Road, Portland, OR	us
S2-01402	Blue Technologies Ltd.	3200 Station Road , WA	in
S2-01403	SHREE OILS CORPORATION		
S2-01404	Green Exports pvt Inc	6142 Temple Street, Atlanta	us
S2-01405		191/15, Near Bus Stand, Maharashtra	in
S2-01406	ltd. pvt Smart	Church Street, Near Bus Stand, Lucknow, Uttar Pradesh, 226001	us
S2-01407	Vertex Inc Motors	Austin, TX	us
S2-01408	Guapta Electronics Ltd		in
S2-01409		PLOT 44, NEAR BUS STAND, PUNE, 411001	in
S2-01410	Krishna Textiles	Market Rd, Near Bus Stand, Rajasthan, 302001	
S2-01411			in
S2-01412			us
S2-01413	Smart Motors Pvt. Ltd.		us
S2-01414	Khan Systems Inc	9992 Lake View Road , Austin , 78701	
S2-01415	Elite Sons And Services	35y45 Station Road , Austiesin , TX	us
S2-01416		2787 Station Road, GA, 30301	us
S2-01417	KHAN IMPORTS PRIVATE COMPANY	Park Street, Bengaluru, Karnataka, 560001	us
S2-01418	Star & Sons Technologies	3236 Gandhi Road , Miami , FL , 33101	us
S2-01419	Ganesh Textiles	7a0/40, MG Road, Near Bus Staand, Karnataka	in
S2-01420	ZENITH & INC		us
S2-01421	GREEN SERVICES COMPANY		in
S2-01422	SMART FOODS AND INC	220/76, Market Road, Near Bus Stand, Bengaluru, Karnataka	us
S2-01423	and Sons Enterprises Singh	2176 Tower A, Boston	us
S2-01424	LTD. IMPORTS PVT DELTA	78/115 , Nar Bus Stand , Chennai , Taymil Nadu , 600001	us
S2-01425			in
S2-01426	Delta Pharma Co		us
S2-01427	Zenith Foods Limited	7233 Church Street, Denver	us
S2-01428	Zenith Enterprises Co	78/71, Near Bus Stand, Kerala, 682001	in
S2-01429	MODERN SYSTEMS CORPORATION	85/7, Bengaliesuru, Karxnataka, 560ies001	in
S2-01430	Vertex Foods & Corporation		us
S2-01431	Reddy Services Inc	317/84, Near Bus Stand, Uttar Pradesh	in
S2-01432		Austin, TX	in
S2-01433	Silver Electronics Pvt. Lytd.	283/133 , Park Street , Near Bus Stand , Chennai , Tamil Nadu , 600001	in
S2-01434	Vertex Electronics Ltd	262/121, Sector 21, Near Bus Stand, Jaipur	us
S2-01435	Textiles Pvt Ltd	161/81, Near Bus Stand, Karnataka	us
S2-01436		Miami, FL, 33101	in
S2-01437	Apex Electronics and Sons	4819 Block C, GA	in
S2-01438	Patel Tradears Private Inc.	3919 Park Street, Portland, OR	us
S2-01439		138/28, STATION ROAD, NEAR BUS STAND, KOCHI, KERALA, 682001	in
S2-01440	MODERN TECHNOLOGIES CO	166/101 , Opposite Court , Near Bus Stand , Jaipaur , Rajasthan , 30001	us
S2-01441	Pvt Logistics Gupta	40/190, Near Bus Stand, Maharashtra, 411001	in
S2-01442	Gupta Motors Pvt	7136 ANNA SALAI , ATLANTA , GA , 30301	us
S2-01443	Vertex Techynologies Limited	149/50, Temple Street, Near Bus Stand, Hyderabad, Telangana	us
S2-01444	Sigma Systems pvt ltd.	253/6, Near Bus Stand, Pune, Maharashtra, 411001	us
S2-01445	MODERN IMPORTS PRIVATE INC	Miami, FL	in
S2-01446	Silver Pharma Ltd	Park Street, Chennai, Tamil Nadu, 600001	us
S2-01447	NAIR LIMITED SERVICES	4978 Nehru Nagar, Atlanta, GA, 30301	in
S2-01448	GLOBAL CORP		in
S2-01449	SIGMA SYSTEMS PVT LTD	845 Sector 21 , Seattle , WA	us
S2-01450	& Consultants Khan Sons	363/111 , Sector 21 , Chennai , Tamil Nadu , 600001	us
S2-01451	Imports Ganesh Company	Phoenix, 85001	in
S2-01452		8149 MG Road, Portland, 97201	us
S2-01453	Singh Motors Pvt. Ltd.		us
S2-01454	Imports Sharma Pvt Ltd		
S2-01455	DAS TRADERS COMPANY	Portland, OR	us
S2-01456	Sai Logistics Pvt. Company	249/3 , Market Royad , Nexar Bus Stad , Hyderabad , 500001	us
S2-01457	Technologies pvt ltd.	3EE567 TOWER A, ATLANTA, GA, 30301	in
S2-01458	Green Motors And	TX , 78701	in
S2-01459	Sai Consultants and Corp	8955 Nehru Nagar, CO	us
S2-01460	LTD FOODS PVT KRISHNA	3456 Plot 44, FL, 33101	
S2-01461	Singh Agro & Private Limited	WA , 98101	in
S2-01462	Systems Singh LLC	Miaymi, FL	us
S2-01463		177/195, Lucknow, Uttar Pradesh	in
S2-01464	ROYAL SOLUTIONS PVT. LTD.	Nehru Nagar , Near Bus Stand , Karnataka	in
S2-01465	Global Textiles and Company	6194 LAKE VIEW ROAD, PORTLAND, OR, 97201	us
S2-01466		Boston , 02108	
S2-01467	Gupta Oils Company	145/128 , SECTOR 21 , NEAR BUS STAND , JAIPUR , RAJASTHAN , 302001	in
S2-01468	Delta Systems Corp	322/33 , Teeower A , Near Bus Stand , Jsaipur , Rajasethan	
S2-01469	Nova Electronics Corp	223/168, Near Bus Stand, Kochi	us
S2-01470	Shree Industries Pvt Iiesnc.	11/42, Anna Salai, Near Bus Stand, Jaipur, Rajasthan, 302001	us
S2-01471	Electronics LLC	5317 Block C , Miami , FL	us
S2-01472	Blue Solutions Pvt. & Sons	Bengaluru, Karnataka, 560001	in
S2-01473	Golden Motors	250/121, Block C, Jaipur, Rajasthan, 302001	in
S2-01474	SMART ENTERPRISES PVT LTD.	166/144, MG Road, Near Bus Stand, Lucknow, Uttar Pradesh, 226001	in
S2-01475		6216 Sector 21 , Boston , 02108	in
S2-01476	Pharma Crystal Inc	41/117, Market Road, Near Bus Stand, Chennai, Tamil Nadu, 600001	in
S2-01477		8832 Park Street, Miami, FL	us
S2-01478	SHARMA MOTORS	Tower A, Near Bus Stand, Jaipur, Rajasthan	in
S2-01479	CRYSTAL TEXTILES CORP	Plot 44, Near Bus Stand, Mumbai	us
S2-01480	Sai Electronics	6748 Temple Street, Phoenix, AZ	in
S2-01481	Silver Consultants Private Limited	312/36, Nehru Nagar, Near Bus Stand, Jaipur, 302001	in
S2-01482	Krishna Entesrprises and Pvt Ltd	Market Rd, Near Bus Stand, Telangana, 500001	in
S2-01483	Royal Systems Pvt pvt ltd.	373/46, MG ROAD, NEAR BUS STAND, JAIPUR, RAJASTHAN	in
S2-01484		Opposite Court, Near Bus Stand, Lucknow, Uttar Pradesh, 226001	us
S2-01485	New Seryvices Corporation	34/150, Hill Road, Maharashtra	us
S2-01486	Inc Motors Krishna	Phoenix, 85001	us
S2-01487	Das Traders pvt ltd.	TEMPLE STREET, JAIPUR, RAJASTHAN, 302001	in
S2-01488	Crystal Oils Limited	17/90, Station Road, Near Bus Stand, Jaipur	us
S2-01489	Green Enterprises Pvt Ltd		us
S2-01490	Limited Pharma & Ganesh	1778 Park Street, 78701	
S2-01491	Vertex Foods Llc	174/163, Near Bus Stand, Kerala, 682001	in
S2-01492	KHAN FOODS CORP	MARKET ROAD , PUNE , MAHARASHATRA , 41001	
S2-01493	Gupta Pharma Inc.	Near Bus Stand, Chennai, Tamil Nadu	in
S2-01494	Shree Consultants Ltd	Austin, TX, 78701	in
S2-01495	Khan Pharma Private Limited	72/e157 , Hyderyabad , Telangana , 500x001	us
S2-01496	NAIR ELECTRONICS INC.	469 MG Road, Miami, FL, 33101	us
S2-01497	Nair Solutions Private Limited	5909 Hill Road , 97201	us
S2-01498	Gupta Oils Co	2687 Market Road, AZ, 85001	us
S2-01499	Crystal Oils & Sons	Nehru Nagar, Near Bus Stand, Chennai, Tamil Nadu	us
S2-01500	Smart Services Private Private Limited	BOSTON, 02108	
S2-01501	Singh Industries Inc.		us
S2-01502	Sharma Electronics & Sons	1492 BLOCK C, 98101	in
S2-01503		4960 Church Street, MA	us
S2-01504	Iyer Inc. Industries	SECTOR 21, NEAR BUS STAND, MUMBAI, MAHARASHTRA, 400001	us
S2-01505	SHREE ENTXERPRISES PVT & SONS		us
S2-01506	Traders Pvt. Pvt Latd	230/156, CHURCH STREET, NEAR BUS STAND, RAJASTHAN	in
S2-01507	Sai Agro pvt Pvt Ltd	5714 Nehru Nagar, Denver, CO, 80202	in
S2-01508	PHARMA ROYAL CO		in
S2-01509	Systems Green Ltd	4367 Sector 21, Seattle, 98101	us
S2-01510	INDUSTRIES SMART CORPORATION	336/88, Church Street, Near Bus Stand, Bengaluru, Karnataka, 560001	us
S2-01511	Apex Pharma Corporation	193/115, Lake View Road, Near Bus Stand, Chennai, Tamil Nadu, 600001	in
S2-01512	Sai Corporation	2313 Station Rd , Phoenix , AZ	us
S2-01513	Reddy Foods Pvt. Co	AZ, 85001	us
S2-01514	Shree Industries Corp	5938 CHURCH STREET , WA , 98101	us
S2-01515	Smart Enterprises Co	199/33, Near Bus Stand, Chennai	us
S2-01516		FL, 33101	in
S2-01517	Reddy Co	190/12, Anna Salai, Near Bus Stand, Mumbai, Maharashtra	in
S2-01518	Singh Textiles Limited	9793 Tower A, Seattle	in
S2-01519	Patel Solutions Inc		in
S2-01520	Star Industries & Sons	MG Road, Pune, Maharashtra, 411001	in
S2-01521	Silver Motors Inc.	9592 Near Bus Stand , Denver , CO , 80202	us
S2-01522	Star Motors Limiteed		us
S2-01523	APEX OILS	63/s16, Park Streyet, Neeear Bus Stasnd, Puyne, Maharashtra, 411001	in
S2-01524	Smart Pharma Pvt. Corp	7813 Tower A, Phoenix, AZ, 85001	in
S2-01525	Sigma Traders LLC	346/69 , Near Bus Stand , Mumbai , 400001	us
S2-01526	Gupta Solutions Pvt. Ltd	126/19, Block C, Near Bus Stiesand, Jaipur, Rajastshan	in
S2-01527	Golden Pharma pvt and Sons	8545 Church Street, 33101	us
S2-01528	Inc. Services Global		us
S2-01529	ELITE SOLUTIONS PVT. PVT LTD	Seattle, WA	us
S2-01530	Iyer Traders Corp	3658 Nehru Nagar, Miami, FL, 33101	in
S2-01531	Patel Agro Limited	969 Block C, Phoenix, AZ	us
S2-01532	Foods Ltd	4930 Plot 44, OR, 97201	us
S2-01533	SHARMA TEXTILES AND SONS	Park Street , Maharashtra , 400001	us
S2-01534	Crystal Pharma & Sons		us
S2-01535	BLUE EXPORTS AND COMPANY	226/55, Tower A, Near Bus Stand, Pune, Maharashtra	in
S2-01536	Singh Industries Corp	232/5 , Near Bus Stand , Jaipur , Rajasthan , 302001	in
S2-01537	Star Pharma LLC	75/17 , Station Road , Near Bus Stand , Chennai , 600001	in
S2-01538	Star Consultants Pvt Ltd.	BOSTON, MA	in
S2-01539	Nova Agro and Sons	GA, 30301	in
S2-01540	Golden Electronics Ltd	180/179, Nehru Nagar, Near Bus Stand, Hyderabad, Telangana	in
S2-01541		7198 Temple Street, Phoenix, AZ	
S2-01542		302/191 , Anna Salai , Near Bus Stand , Hyderabad , 500001	in
S2-01543	Vertex Enterprises Corporation	1EE843 PEARK STREET , ATLANTA , GA	us
S2-01544	Rice & Inc	109163, Anna Salai, Tamil Naeedu, 600001	us
S2-01545	VERTEX TRADERS PVT COMPANY	6643 Nehru Nagar , Portland , OR , 97201	in
S2-01546	Krishna Limited Traders	35/108, MG Road, Near Bus Stand, Mumbai, Maharashtra	in
S2-01547	Elite Industries Inc.	9797 Temple Street , FL	us
S2-01548	Ganesh Textiles Private Ltd	213/165, STATION ROAD, NEAR BUS STAND	in
S2-01549		5909 Temple Street, MA	us
S2-01550		125/127, Sector 21, Near Bus Stand, 600001	in
S2-01551	Vertex Enterprises pvt ltd.	88/115, Anna Salai, Near Bus Stand, Kochi, Kerala, 682001	us
S2-01552			in
S2-01553	Enterprises Pvt. Ltsd.		us
S2-01554	New Systems Pvt. Ltd.	305/63 , Church Street , 68y2001	in
S2-01555	Golden Rice Ltd	112/46 , Laxke View Roxad , 68s2001	in
S2-01556	Gupta Services Company	Block C, Near Bus Stand, Uttar Pradesh, 226001	in
S2-01557	Zenith Exports LLC	1832 Opposite Court, Austin, TX	in
S2-01558			us
S2-01559	Agro Private Private Limited	4402 Hill Rd, Seattle, WA, 98101	in
S2-01560	Crystal Solutions Limited	642 Sector 21 , MA	
S2-01561	DELTA FOODS	95/176, Tower A, Near Bus Stand, Mumbai, Maharashtra	in
S2-01562	SUNRISE SERVICES LLC	114/138, Near Bus Stand, Near Bus Stand, Pune, Maharashtra, 411001	in
S2-01563	Golden Logistics Co		in
S2-01564	LLC Exports Sharma	Denver, 80202	us
S2-01565			us
S2-01566	Iyer Oils Pvt Ltd.	286/59 , MG Road , Jaipur , 302001	
S2-01567	Ganesh Enterprises Pvt. pvt ltd.	170/54, Church Street, Near Bus Stand, Kochi, Kerala, 682001	us
S2-01568		2323 Plot 44, Atlanta	us
S2-01569	Crystal Private Limited	Tower A, Near Bus Stand, Pune, Maharashtra, 411001	in
S2-01570	Sisgma Foods Inc	672 Temple Street , Denver , CO	
S2-01571	Sharma Systems Pvt. Ltd.	224/17, Gandhi Rd, Near Bus Stand, Lucknow, Uttar Pradesh, 226001	in
S2-01572	Vertex Services & Sons	Near Bus Stand , Telangana	in
S2-01573	Gupta Rice Inc.	154/102, Near Bus Stand, Bengaluru, Karnataka, 560001	in
S2-01574	Apex Logistics Pvt Pvt Ltd	366/180, Sector 21, Near Bus Stand, Bengaluru	in
S2-01575	SAI TRADERS AND CO		in
S2-01576	KRISHANA SERVICES LTD	Portland , OR , 97201	us
S2-01577		221/89, Church Street, Near Bus Stand, Kochi, Kerala, 682001	us
S2-01578	Sigma Industries LLC		us
S2-01579	Golden Services Pvta Ltd	351/184, Church Street, Near Bus Stand, Uttar Pradesh, 226001	in
S2-01580	Royal Imports	9965 Tower A, Portland, OR	us
S2-01581	Orion Inc	8793 Park Street, Phoenix	us
S2-01582	SILVER MOTORS PVT. COMPANY	Austin, TX	in
S2-01583	Pharma Ltd	6521 CHURCH STREET, PHOENIX, AZ, 85001	us
S2-01584	Green Foods Pvt. Ltd.	298/112, NEAR BUS STAND, PUNE	in
S2-01585	NOVA TRADERS PVT. & SONS		us
S2-01586	Crystal Company	2868 Temple Street, Seattle	us
S2-01587		66/148, PASRK STREET, NSEAR BUS SIESTAND, TAIESMIL NADU, 600001	us
S2-01588	Global Traders Privatse Limited		in
S2-01589		51/92, Block C, Chennai, Tamil Nadu, 600001	us
S2-01590	Royal Electronics Pvt. Corp	304/17, Church Street, Near Bus Stand, Jaipur, Rajasthan, 302001	in
S2-01591	Sai Enterprises Ltd		us
S2-01592		257/148, Opposite Court, Chennai, 600001	us
S2-01593	Blue Traders Pvt. Pvt Ltd	3155 Temple Street , Denver	in
S2-01594	Silver Consultants Limited	232/16, Temple Street, Near Bus Stand, Chennai, Tamil Nadu	
S2-01595	Technologies Vertex Company	268/2 , Sector 21 , Near Bus Stand , Bengaluru , Karnataka , 560001	in
S2-01596	Private Solutions Silver Limited	310/192, Opposite Court, Near Bus Stand, Kerala, 682001	us
S2-01597	Shree Imports Limited	Seattle, WA	in
S2-01598	Apex Private Limited	6560 Near Bus Stand , 78701	us
S2-01599	CONSULTANTS LTD	4341 Opposite Court , TX	us
S2-01600	Patel Systems and Sons	Seattle, 98101	us
S2-01601	Vertex Electronics Pvt Ltd	114/42 , Ner Bus Stand , Niesear Bus Stand	us
S2-01602	SUNRISE CONSULTANTS PVT LTD	285/93, Station Road, Nxear Bus Steand, Jaixpur, 302001	in
S2-01603	Blue Enterprises Corp	BOSSTON, MA	in
S2-01604	Apex Exports Ltd	8131 Block C, Denver, CO	us
S2-01605	Sons Technologies Sharma	WA, 98101	in
S2-01606	Solutions Prime and Sons	42/33, Sation Rd, Near Bus Stsand, Hyderabad, Telangana, 500x001	in
S2-01607	Blue Textiles pvt pvt ltd.	289/74, PARK STREET, NEAR BUS STAND, JAIPUR, RAJASTHAN, 302001	in
S2-01608		3663 Opposite Court , 33101	
S2-01609	Blue Limited	Denver, CO, 80202	us
S2-01610	Khan Industries	252/21, Near Bus Stand, Pune, Maharashtra, 411001	us
S2-01611	Smart Motors Private Limited	9598 Plot 44, Seattle, WA, 98101	
S2-01612	Exports Pvt. Ltd.		in
S2-01613	GANESH TRADERS PVT. PVT LTD.		us
S2-01614	Delta Exports Inc	7746 MARKET ROAD, OR	
S2-01615	NEW PHARMA	GA, 30301	us
S2-01616	Singh Rice Corporation		in
S2-01617	Singh Exports Company	70/43 , Nehru Nagar , Near Bus Stand , Bengaluru , Karnataka , 560001	us
S2-01618	Private Services Limited	387/183, Block C, Near Bus Stand, 400001	us
S2-01619	Co Enterprises Shree	Sector 21 , Near Bus Stand , Hyderabad , 500001	us
S2-01620		320/136, Block C, 226001	in
S2-01621	SHREE ENTERPRISES LIMITED	275/194, Church Street, Maharashtra	us
S2-01622	Shree Logisiestics & Sons		in
S2-01623	Services Corp	6101 Opposite Couxrt, Desnver, 80202	us
S2-01624	Sai Agro Co		us
S2-01625	ENTERPRISES CORPORATION	Opposite Court , Near Bus Stand , Hyderabad	us
S2-01626	Orion Electronics Limited		in
S2-01627		4116 LAKE VIEW ROAD, PORTLAND, OR, 97201	in
S2-01628	VERTEX CO	Atlanta, 30301	in
S2-01629	LOGISTICS LTD	108 Near Bus Stand, 85001	in
S2-01630	REDDY EXPORTS INC	Park Street, Near Bus Stand, Rajasthan	in
S2-01631	Textiles Corporation	1777 Church Street, Austin	in
S2-01632	Gupta Textiles Coiesrp	Phoenix , 85001	in
S2-01633	Electronics Pvt. LLC	PORTLAND, OR	in
S2-01634	Singh Foods Ltd	CO, 80202	in
S2-01635	Crystal Consultants Inc.	1314 Park Street, Atlanta	us
S2-01636	Khan Pvt Agro LLC	1129 Sector 21, 80202	in
S2-01637	CRYSTAL INDUSTRIES INC.	234/110, Sector 21, Near Bus Stand, Bengaluru, Karnataka, 560001	us
S2-01638	Reddy Pharma Inc	1822 MG Road, FL, 33101	
S2-01639	Shree Motors	Plot 44, Near Bus Stand, Lucknow, Uttar Pradesh	us
S2-01640	CORPORATION CONSULTANATS SHREE	5731 ANNA SALAI , ATLANTA , GA , 30301	in
S2-01641	Krishna Rice Co	205/179, Station Road, Near Bus Stand, Kochi, 682001	in
S2-01642		2950 Block C, Denver, CO, 80202	us
S2-01643	Sigma Exports Inc	164/25, KERALA, 682001	in
S2-01644	Modern Consultants Coyrp	Near Bus Stand , Rajasthxan , 302001	in
S2-01645	Smart Agro Company	3016 Hill Road, Miami, FL, 33101	in
S2-01646	IYER MOTORS AND LLC	2451 Anna Salai, TX	us
S2-01647	Das Industries Corporation	Phoenix, 85001	in
S2-01648	Nova Solutions Ltd	177 CHURCH STREET , FL , 33101	us
S2-01649	Prime Limited Motors	561 Hill Rd, Phoenix, AZ, 85001	us
S2-01650	And Logistics Royal Sons	238/194, Nehru Nagar, 400001	us
S2-01651	Vertex Exports & Inc.	Phoenix, AZ	us
S2-01652	Industries Private Limited	227/5, Staytion Rd, Near Bus Stand	in
S2-01653	Shree Technologies Inc	643 Temple Street , Seattle , WA , 98101	in
S2-01654	VERTEX IMPORTS PVT	6262 Nehru Nagar, Denver, 80202	us
S2-01655	SUNRISE SERVICES PRIVATE LIMITED	Nehru Nagar, Near Bus Stand, Hyderabad, Telangana, 500001	us
S2-01656	Consultants Inc.	116/146, Sector 21, Mumbai, Maharashtra, 400001	us
S2-01657	Blue Enterprises Inc.		us
S2-01658	Gupta Inc.	169/52, Near Bus Stand, Karnataka	
S2-01659	Company Agro Crystal	Plot 44 , Near Bus Stand , Tamil Nadu	us
S2-01660	NEW AGRO PVT. LTD.	8067 NEHRU NAGAR , GA , 30301	in
S2-01661	Solutions Company	5270 TOWER A, AUSTIN	us
S2-01662	Green Services and and Sons	140/40 , MARKET ROAD , NEAR BUS STAND , JAIPUR , RAJASATHAN	in
S2-01663	and Agro Nova Sons	83/93, Market Road, Near Bus Stand, Mumbai, Maharashtra, 400001	us
S2-01664	Sigma Agro Pvt. Ltd.	Church Street, Near Bus Stand, Maharashtra	in
S2-01665	ELECTRONICS LIMITED		us
S2-01666	GUPTA ENTERPRISES LIMIIESTED	2700 Plot 44, Denveer	in
S2-01667	Das LLC	280/190, NEAR BUS STAND	
S2-01668	Nova Enterprises Limited	9320 Hieell Rsoad, MA, 02108	in
S2-01669	Crystal Technologies	5825 Plot 44, Atlanta	
S2-01670	Orion Ltd	Miami, FL	us
S2-01671	KRISHNA FOODS & SONS	8541 PARK STREET, ATLANTA, GA, 30301	in
S2-01672	PRIME SERVICES CORP	321/148, Near Bus Stand, Kochi, 682001	in
S2-01673		231/194, Near Bus Stand, Kochi, 682001	us
S2-01674	Sunrise Logistics Private & Sons	242/129 , MG Road , Near Bus Stand , Lucknow , Uttar Pradesh	in
S2-01675		392/34 , Anna Salai , Near Bus Stand , Mumbai , Maharashtra , 400001	us
S2-01676	Reddy Oils Limited	27/97, Near Bus Stand, Chennai, Tamil Nadu	us
S2-01677	Star Industries Private Inc.	396/108 , SECTOR 21 , NEAR BUS STAND , MUMBAI	in
S2-01678	Delta Industries Pvt & Sons	226/60 , Park Street , Near Bus Stand , Jaipur , Rajasthan , 302001	in
S2-01679	Blue Pharma Inc.	Near Bus Stand, Chennai, 600001	us
S2-01680	OILS LIMITED	Boxston, MA	in
S2-01681	Vertex Logistics Private Limited	MG Road , Hyderabad , Telangana	us
S2-01682	APEX LOGISTICS	113/43, Tower A, Near Bus Stand, 682001	us
S2-01683		Opposite Court, Near Bus Stand, 400001	in
S2-01684	Ganesh Textiles Pvt. Ltd.	Temple Street, Near Bus Stand, Maharashtra	us
S2-01685	Blue Services Compsany	248/151, Park Street, Near Bus Stand, Pune, Maharashtra	in
S2-01686	Vertex Agro & & Sons	6891 Market Road, Portland, OR, 97201	us
S2-01687	Modern Agro Limited	22/141, Church Street, Kochi, Kerala, 682001	in
S2-01688	Golden Oils and Sons	90/117, Temple Street, Chennai, Tamil Nadu	in
S2-01689		DENVER, CO	in
S2-01690	Siyngh Foods And Sons	Hill Road, Near Bus Stand, Pune, Maharashtra, 411001	us
S2-01691	Modern Rice pvt ltd.	8851 Anna Salai, Portland, 97201	in
S2-01692	Blue Traders Co	8116 Nehru Nagar , CO	us
S2-01693		3646 Sector 21, Austin, 78701	in
S2-01694	Company Sysatems Das	TEMPLE STREET, NEAR BUS STAND, KOCHI, KERALA, 682001	us
S2-01695	Blue Rice Co	90s/63, Temple Siestreet, Mumxbai, Maharashtra	us
S2-01696			us
S2-01697		394/197, Market Road, Near Bus Stand, Pune, 411001	in
S2-01698		TX, 78701	in
S2-01699	Delata Rice Company	7962 Oppsite Court, Miami, FL, 331y01	in
S2-01700	Apex Electronics Corp	3811 Church Street, Atlanta, GA, 30301	in
S2-01701	Modern Services Ltd	141/107, Anna Salai, Jaipur, Rajasthan, 302001	us
S2-01702	Sharma Oils Pvt. Co		us
S2-01703	Golden Oils LLC	129/108, PARK STREET, NEAR BUS STAND, PUNE, MAHARASHTRA, 411001	us
S2-01704	Delta Pharma Pvt Inc.	110/137, Tower A, Near Bus Stand, 500001	in
S2-01705	Vertex Systems LLC	Boston , MA	us
S2-01706	GOLDEN FOODS AND SONS		us
S2-01707	Shree Logistics pvt ltd.	320ies/58, Nehru Nagar, Near Bus Stand, Msumbai, 400001	
S2-01708	PATEL ENTERPRISES	119/100 , Tower A , Tamil Nadu	in
S2-01709		7ies971 MG Road, Austin, 78a701	us
S2-01710		Lake View Road, Near Bus Stand, Pune, Maharashtra, 411001	in
S2-01711	New Pvt Ltd.	200/130 , MG Road , Near Bus Stand , Bengaluru , 560001	us
S2-01712	New Pharma Pvt Ltd.	351/102, BLOCK C, NEAR BUS STAND, MUMBAI, MAHARASHTRA, 400001	us
S2-01713	Krishna Oils Company	Near Bus Stand, Bengaluru	us
S2-01714	Silver Agro Inc.	Temple Street , Near Bus Stand , Chennai , Tamil Nadu , 600001	us
S2-01715	Iyer Oils & Sons	247/156, LKE VIEW ROYAD, NEAR BUS STAND, HYDERABAD, TELANGANA, 500001	us
S2-01716	ROYAL INDUSTRIIESES AND PVT LTD.	203/77, Hill Road, Near Bus Stand, Hyderabad, Telangana, 500001	in
S2-01717	Green Motors Inc	Near Bus Stand, Cshennai, Tamil Nadu, 600001	us
S2-01718	Sharma Enterprises	Portland, 97201	us
S2-01719	Sielver Oils and Sons	26/184 , Bengaluru , Karnataka , 560001	in
S2-01720	INC. OILS REDDY		in
S2-01721	Singh Enterprises Co	34/21, NEAR BUS STAND, LUCKNOW, UTTAR PRADESH	in
S2-01722	Das Textiles Corporation	MA, 02108	in
S2-01723		8270 Hill Road, Atlanta, 30301	us
S2-01724	pvt Singh ltd.		us
S2-01725		NEAR BUS STAND, KARNATAKA, 560001	in
S2-01726		150/88, Aneena Salai, Near Bus Sxtand, Pune, Maharashtra	us
S2-01727		5498 Near Bus Stand, Phoenix, AZ, 85001	us
S2-01728	GANESH TEXTILES CO	38/79, Park Steet, Neaar Bus Stad, Chennai, 600001	in
S2-01729	MODERN LOGISTICS	Denver, 80202	
S2-01730	Sharma Logistics & Sons	144X/117, NEAR BUS SETAND, CHENNAI	us
S2-01731	Khan Ltd Imports	5278 Near Bus Stand, Atlanta	us
S2-01732	NEW SERVICES	100/65, PLT 44, LUCKNOW, UTTAR PRADESH	in
S2-01733	Khan Industries Llc		us
S2-01734			in
S2-01735	SHARMA AND SONS	32/2, Near Bus Stand, Near Bus Stand, Lucknow, 226001	
S2-01736	Singh Electronics LLC	272/146, Lake View Road, Bengaluru, Karnataka, 560001	in
S2-01737	Crystal Textiles Private Limited	Sector 21, Near Bus Stand, Hyderabad, Telangana, 500001	in
S2-01738	Golden Pharma &	6997 Church Street, OR	us
S2-01739	IYER LOGISTICS PVT PVT. LTD.	201/145, Church Street, Near Bus Stand, Jaipur, Rajasthan, 302001	in
S2-01740	SAI TEXTILES	3315 PLAOT 44, SEATTLE	in
S2-01741	Sigma Enterprises Pvt. Ltd.		in
S2-01742		354/190 , Station Road , Hyderabad , Telangana , 500001	us
S2-01743	Sigma Motors Pvt. Inc.	155/111, Opposite Court, Near Bus Stand, Mumbai, 400001	in
S2-01744	Patel Systems Ltd	Block C , Hyderabad , Telangana , 500001	in
S2-01745	Elite Pharma & Ltd	85/73, Near Bus Stand, Hyderabad, Telangana	us
S2-01746	Orion Logistics & LLC	189/151, Station Road, Near Bus Stand, 682001	us
S2-01747	Das Technologies Pvt. Corp		us
S2-01748	Green Pheearma Company	Atlanta, 30301	
S2-01749			in
S2-01750	Nova Foods Company	4618 Park Street, OR, 97201	us
S2-01751	Nair Enterpriss & Sons	8084 Block C, Phoenix, AZ, 85001	us
S2-01752	Corp Imports Krishna	8145 MG Road, 02108	us
S2-01753	VERTEX ENTERPRISES CORP	227/1e38, Stiesation Riesoad, Neear Bus Stand, Koceehi, Kerala, 682001	us
S2-01754	Apex Solutions LLC	38/y189, Towieser A, Near Bus Siestand, Pune, Maharashtra, 411ee001	us
S2-01755	PRIME LOGISTICS & SOS	372/35, Tower A, Near Bus Stand, Pune, Maharashtra, 411001	
S2-01756	GANESH OILS PVT LTD	MG Road, Near Bus Stand, Lucknow, Uttar Pradesh	
S2-01757	Foods LLC	294/179, Park Street, Hyderabad, 500001	in
S2-01758	Sunrise Enterprises Private Limited		us
S2-01759	Industries Inc	Portland , 97201	
S2-01760	Traders Private Limited	372/1s98, Sxtation Road, Neaar Bus Setand, Karnataka	in
S2-01761	Reddy Pharma Comapany	272/150 , Neheeru Niesagar , Near Bus Stand , Bengaluru , Karnatsaka , 560001	in
S2-01762	KHAN MOTORS PVT LTD.	1904 Station Road , MA	in
S2-01763	Iyer Ltd	Bosxton, 0208	
S2-01764	Silver Rice Ltd	CO , 80202	in
S2-01765	Consultants Pvt Ltd	Austin , 78701	us
S2-01766	Orion Traders Company	MG Road, Near Bus Stand, Kochi, Kerala, 682001	us
S2-01767	NAIR FSOODS COMPANY		in
S2-01768	Pvt Vertex LLC	338/35 , Station Road , Kochi , Kerala	us
S2-01769		9847 MG Road, Denver, 80202	us
S2-01770	AGRO PVT. LTD.	86/170, HILL ROAD, HYDERABAD, TELANGANA	in
S2-01771	Ganesh Imports pvt ltd.	185/31, Plot 44, Lucknow, Uttar Pradesh, 226001	in
S2-01772	Prime Traders & Private Limited	8319 Anna Salai , MA	in
S2-01773	Singh Oils Inc	349/44 , Hill Road , Near Bus Stand , Maharashtra	us
S2-01774	Nova Private Limited Motors	3918 Park Street, MA, 02108	us
S2-01775	Ganesh Logistics	398/180, Near Bus Stand, Tamil Nadu, 600001	in
S2-01776	Royal Enterprises Ltd	Portland , OR	in
S2-01777	Singh Foods pvt Inc	727 MG RD, DNVER, 80202	us
S2-01778	VERTEX OILS INC	Denvr, CO	us
S2-01779	Sigma Industries LLC	Boston, MA	
S2-01780		MG Rd , Neeear Bus Sytand , Hyderabad , Telangana	us
S2-01781		85/e79, Pak Street, Nesar Bus Stand, Cyhennai, 6000y01	in
S2-01782		Nehru Nagar, Near Bus Stand, Bengaluru, Karnataka, 560001	us
S2-01783	and Oils New & Sons	4241 Station Road , Seattle	us
S2-01784	Blue Consultants Pvt Pvt. Ltd.	293/45, Plot 44, Kerala	in
S2-01785	CORP FOODS SAI	346/55, Near Bus Stand, Jaipur, Rajasthan, 302001	us
S2-01786	Sons Electronics & Prime	42/118, Temple Street, Near Bus Stand, Mumbai, Maharashtra, 400001	us
S2-01787	Singh Consultants & Sons		in
S2-01788	Patael Services Corporation	4370 Block C, CO, 80202	us
S2-01789	Foods Das & Sons	6ies151 Gandhi Road , AZ	in
S2-01790	Das Textiles Corporation	383/ies30 , Laeke Vieeew Road , Nesar Bus Stand , Mumbai , Maharashtra	us
S2-01791	GUPTA INC		in
S2-01792	Delta Technologies Corporation	7052 Park Street , AZ , 85001	us
S2-01793	Elite Pharma Company		us
S2-01794	Apex Rice & Sons	33/194, Temple Stiesreet, Pune, Maharashtra	
S2-01795	Zenith Logistics		in
S2-01796	Silver Imports Pvt. Ltd.	1051 Block C, Phoenix	us
S2-01797	Delta Enterprises Pvt Ltd.	212/147 , Tower A , Near Bus Stand , Jaipur , Rajasthan , 302001	in
S2-01798	Crystal Traders and Private Limited		us
S2-01799	Sharma Systems Private Limited	112/130, Park Street, Near Bus Stand, Mumbai, Maharashtra	in
S2-01800			in
S2-01801	Ganesh Oils	8538 Mariesket Road, Phoenix, AZ, 85001	in
S2-01802	STAR AGRO LIMITED	22/174, Nehru Nagar, Near Bus Stand, Bengaluru, Karnataka, 560001	in
S2-01803		563 BLOCK C, OR	us
S2-01804	BELUE SYSTEMS PVT LTD.		in
S2-01805	Sharma Exports Limited	74ies20 Market Rosad , Denver , CO	us
S2-01806	Gupta Motors	Austin , TX , 78701	in
S2-01807	Das Pharma Pvt. Ltd.	FL , 33101	us
S2-01808	Silver Industries Ixnc.	Tower A, Near Bus Stand, Maharashtra, 400001	in
S2-01809	Khan Industries pvt ltd.	8339 MG Rd, Portland, OR	us
S2-01810		143/136, Park Street, Near Bus Stand, Kochi, 682001	in
S2-01811	Motors Company		us
S2-01812	Modern Technologies LLC	Denver, CO	us
S2-01813	SILVER IMPORTS LTD	Nehru Nagar , Near Bus Stand , Hyderaxbad , Teylangana	in
S2-01814	Agro Global Ltd	165/5, MEARKET RAD, NEAR BUS STAND, CHENNAI, TAMIL NADU	in
S2-01815	And Ganesh Sons	326/136, Temple Streyet, Nesar Bus Stsand, Pune, Maharxashtra, 411001	in
S2-01816	Crystal Textiles Company	Boston, MA	us
S2-01817	Golden Logistics Inc	5862 Lake View Road, Boston	
S2-01818	NEW ENTERPRISES PVT COMPANY	171/196, ANNA SALAI, NEAR BUS STAND, MUMBAI, MAHARASHTRA, 400001	us
S2-01819		1625 HILL ROAD, ATLANTA, 30301	us
S2-01820	Modern Enterprises Private Limited		us
S2-01821	Royal Enterprises & Sons	Opposite Court, Near Bus Stand, Jaipur, Rajasthan, 302001	us
S2-01822		180/81, NEAR BUS STAND, TELANGANA	us
S2-01823	Shree LLC	AZ , 85001	in
S2-01824	Nova Systems Pvt. Ltd.	Bosston , MA	us
S2-01825	Green Agro Pvt. Ltd.	276/121, Near Bus Stand, 411001	us
S2-01826	Rice Private Limited	8802 Station Road, Portland, 97201	in
S2-01827	Sharma Traders Pvt. Ltd.	2015 Church Street , Austin	us
S2-01828	INC TEXTILES VERTEX	Seattle, WA	us
S2-01829	SMART AGRO LIMITED		in
S2-01830	Star Traders Corp	141/69, GANDHI ROAD, LUCKNOW, UTTAR PRADESH	us
S2-01831	Singh Oils & Sons	Opposite Court , Near Bus Stand , Mumbai , Maharashtra	in
S2-01832	Shree Systems Inc.	3/133, Near Bus Stand, Hyderabad, Telangana, 500001	us
S2-01833	MODERN LOGISTICS PVT LTD	4e339 Nehru Nagar, Denver, CO	in
S2-01834	Sunrise pvt ltd. Foods	Miami, FL	
S2-01835	Patel Traders & Limited	278/85, AIESNNA SALYAI, NESAR BUS STEEAND, PUSNE, MAHARASHTRA, 411001	us
S2-01836	Singh Logistics Inc	120/104, Near Bus Stand, Kochi, Kerala, 682001	us
S2-01837	Global Phsarma Pvt. Ltd.		us
S2-01838	Elite Enterprises Inc	Plot 44, Near Bus Stand, Lucknow	us
S2-01839	Silver Teaxtiles Corp	4719 Opposite Court, Austin, TX, 78701	in
S2-01840	Star Systems Ltd	7915 Block C, OR, 97201	in
S2-01841	Sigma Services pvt ltd.	80/43, Sector 21, Mumbai, 400001	in
S2-01842	Sigma Foods And Soyns	335/2, Near Bus Stand, Mumbai	in
S2-01843	pvt ltd. Imports New	AUSTIN, 78701	in
S2-01844	Electronics Llc	8421 GANDHI RD , MIAMI , FL	in
S2-01845	Sharma Agro Llc	346/127 , Opposite Court , Near Bus Stand , Mumbai , Maharashtra	in
S2-01846	Delta Enterprises Inc	Seattle, WA	in
S2-01847	Patel Pvt Ltd.	6684 ANNA SALAI, FL	in
S2-01848	Ganesh Traders Ltd	145 Near Bus Stand, Atlanta, 30301	us
S2-01849	Sai Logistics	8425 Market Road, AZ	us
S2-01850	Green Rice Pvt. Inc		in
S2-01851	Noiesva Services	355/83 , MG Road , Near Bus Stand , Karnataka , 560001	us
S2-01852	Electronics Private pvt ltd.	318/150 , Kochi , Kerala	us
S2-01853	Singh Consultants Ltd	543 Toer A , Saeattle	us
S2-01854		334/67 , Hill Road , Near Bus Stand , Mumbai , 400001	us
S2-01855	Exports Co	42/156, MARKET ROAD, NEAR BUS STAND, MUMBAI, MAHARASHTRA, 400001	in
S2-01856	Prime Oils Company	Denver, 8s0202	us
S2-01857	Royal Solutions Limited	101/130 , Pune , Maharashtra , 411001	in
S2-01858	Smaxrt Systems Company	Hyderabad, Telangana, 500001	in
S2-01859	Sharma Agro Inc.	8273 Tower A , OR	in
S2-01860	Sigma Technologies LLC		in
S2-01861	Electronics Smart Limited	243/58 , Opposite Court , Near Bus Stand , Chennai , Tamil Nadu , 600001	us
S2-01862	Gupta Traders Limited	TX, 787ee01	in
S2-01863	Sai Enterprises and Corporation	73/30, Near Bus Stand, Uttar Pradesh	in
S2-01864	Green Technologies Private Limited	Near Bus Stand, Near Bus Stand, Chennai, Tamil Nadu	in
S2-01865	Prime Traders Inc.	5322 Church Steet , Phoenix , AZ , 85001	in
S2-01866	Vertex Enterprises Piesrivate Private Limited		us
S2-01867	Sunrise Traders	2597 Lake View Road, 85001	
S2-01868	SERVICES LIMITED	Miami , FL	us
S2-01869	Smart Textiles pvt Corporatixon	9221 Market Road, Austin, 78701	in
S2-01870	VERTEX OILS PVT LIMITED	1806 ANNA SALAI , ATLANTA , GA , 30301	us
S2-01871	ZENITH LIMITED SERVICES	8012 Block C, Denver, 80202	us
S2-01872	Star Company Pharma	9161 Block C, TX	us
S2-01873	Das Iymports Pvt. Ltd.		in
S2-01874		87/141, Hill Road, Near Bus Stand, Pune, Maharashtra	us
S2-01875	Golden Consultants Private Limited	235/101, Market Road, Near Bus Stand, Pune, Maharashtra	us
S2-01876		7982 Market Road, Denver, CO, 80202	us
S2-01877	Shree Pharma	46/3, Ner Bus Stand, Kochi, 682001	in
S2-01878		Phoenix , 85001	us
S2-01879	Smart Foods Ltd	93/25 , Tower A , Chennai , Tamil Nadu	in
S2-01880	Verstex Exports Pvt Ltd.	7988 Station Road, GA, 30301	in
S2-01881	Imports Ltd	Nehru Nagar, Naear Bus Stand, Hyderabad, Teliesangana, 500001	us
S2-01882	Shree Foods Co		in
S2-01883	Siieslver Electronics Ltd	39/113, STATION ROAD, NEAR BUS STAND, HYDERABAD, TELANGANA	us
S2-01884	Apaex Exports Inc.	Atlanta, GA, 30301	in
S2-01885			us
S2-01886	Singh Services Co	2x703 Gandyhi Rd , Portlxand , 97201	in
S2-01887	Nair Exports and Sons	4118 TOWER A , SEATTLE , WA	us
S2-01888		363/155, Lake View Road, Jaipur	us
S2-01889		216y/19, Near Bus Stand, Luckneeow, Uttear Praydesh	in
S2-01890	Krishna Logistics LLC	241/74 , Near Bus Stand , Jaipur , 3ies02001	in
S2-01891	Golden Oils Pvt Inc	205/26, MARKET ROAD, NEAR BUS STAND, 302001	us
S2-01892	Apex Rice Llc	4893 Nehru Nagar , Portland , 97201	us
S2-01893	Co Enterprises Modern	5523 Church Street, Seattle, WA	us
S2-01894		222/18 , Tiesower A , Near Bus Siestand , Cxhennai , Tamil Nadu , 600001	
S2-01895	Blue Electronics Pvt.		us
S2-01896	ORION ELECTRONICS PVT LTD.	TX, 78701	us
S2-01897	VERTEX OILS INC		in
S2-01898	Enterprises Sigma Corp	4780 Sector 21, Atlanta	
S2-01899	Reddy Imports	36/5 , Maerket Ryoad , Near Bus Stand , 226001	us
S2-01900	Patel Rice Ltd	10/182, Park Street, Lucknow, Uttar Pradesh, 226001	us
S2-01901	Vertex Motors Pvt Ltd	3604 MARKET ROAD, PHOENIX, AZ, 85001	in
S2-01902	Vertex Systems Pvt. Ltd.	263/8, Gandhi Rd, Near Bus Satand, Kochi, Keiesrala, 682001	us
S2-01903	Krishna Riiesce	9418 Nehru Nagar , MA , 02108	in
S2-01904	Elite Solutions and Sons	OR , 97201	in
S2-01905	Zenith Pharma Limited	6166 Lake View Road , Phoenix , 85001	in
S2-01906	Prime Agro Ltd		us
S2-01907	Golden Imports Pvt. Ltd.	8497 Park Street , Miami	us
S2-01908	Blue Pvt Pvt Ltd	OR, 97201	us
S2-01909	Gupta Industries Corporation	56/88 , Nehru Nagar , Near Bus Stand , Maharashtra , 400001	us
S2-01910	Nova Agro Corporation	1162 Sector 21 , Boston , MA , 02108	
S2-01911	Singh Oils Ltd	Portland, 972a01	us
S2-01912		Near Bus Stand , Lucknow , Uttar Pradesh , 226001	us
S2-01913	Krishna Solutions Co		us
S2-01914	TRADERS & CORPORATION	309/116 , Block C , Near Bus Stand , Jaipur , Rajasthan , 302001	us
S2-01915		333/118, Near Bus Sytand, Mumbai, Maharashtra	us
S2-01916	Logistics Sharma Inc	48/36 , Sector 21 , Near Bus Stand , Bengaluru , Karnataka	in
S2-01917	Smart Industries pvt ltd.		
S2-01918	LIMITED LOGISTICS PRIVATE VERTEX	8625 Church Streset, FL, 33101	us
S2-01919	PATEL INDUSTRIES PVT. PVT LTD		us
S2-01920	Royal Enterprises Company	1458 Block C, Miami, FL, 33101	in
S2-01921	Sharma Rice Ltd	2716 Temple Street, Phoenix, AZ, 85001	us
S2-01922	Royal Solutions & Sons	8372 MG Road, 02108	in
S2-01923	Corporation Services Royal	9361 Plot 44, Phoenix	in
S2-01924	Reddy Oils Ltd	239/171, Hill Road, Near Bus Stand, 500001	in
S2-01925	New Traders Private Pvt. Ltd.	4564 Market Road , Miami , FL	us
S2-01926	SAI TRADERS PVT INC.	545 Temple Street, Austin, TX	in
S2-01927	SINGH FOODS & SONS	Denver, 80202	in
S2-01928	GANESH LLC	248/55, Temple Street, Near Bus Satand, Jaipsur, Rajastxhan, 302001	in
S2-01929		CO , 8202	
S2-01930	LTD TECHNOLOGIES SHARMA	3538 Temple Street, Boston, MA, 02108	in
S2-01931	Patel Textiles Inc.	Miami , 33101	in
S2-01932	Royal Technologies Private Inc	Church Street, Near Bus Stand, Karnataka	in
S2-01933		131/81, Plot 44, Near Bus Stand, Bengaluru, 560001	in
S2-01934	APEX PHAERMA AND SONS		us
S2-01935	Royal Enterprises	58/48, Tower A, Chennai, Tamil Nadu	us
S2-01936	Green Imports and Sons	298/187, Lake View Road, Neear Bus Styand, Mumbai, Maharashtra	in
S2-01937	Elite Traders and Soans	388/159, Station Road, Near Bus Stand, Keraala, 6820s01	in
S2-01938	Modern Motors Ltd	670 Gandhi Rd , Boston	us
S2-01939	Nova Industries and Sons		us
S2-01940	Pharma Royal Inc	267/6, Near Bus Stand, Jaipur, Rajasthan, 302001	us
S2-01941	Khan Enterprises LLC	132/95, Near Bus Stand, Lucknow, Uttar Pradesh	us
S2-01942	SHREE LOGISTICS CORPORATION	FL , 33101	in
S2-01943	Apex LLC Exports	Phoeneeix , AZ , 85001	in
S2-01944	Orion Technologies Pvt Ltd	DENVER, CO	us
S2-01945	Khan Imports Pvt Ltd	398/44, Gandhi Road, Near Bus Stand, Lucknow, Uttsar Pradeeesh, 226001	in
S2-01946	Star Consultants Company	75/3, OPPOSITE COURT, NEAR BUS STAND, RAJASTHAN, 302001	us
S2-01947	Silver Pvt. Imports Ltd.	188/132, Park Street, Near Bus Stand, Jaipur, 302001	us
S2-01948	SHREE SERVICES LTD	3929 Plot 44, Boston	in
S2-01949	Smart Foods Private Limited	254/116 , Tower A , Lucknow , Uttar Pradesh , 226001	in
S2-01950	New Oils Private Limited	2677 Near Bus Stand , Portland , OR , 97201	us
S2-01951	Shree Pharma Limited	GA, 30301	in
S2-01952		6639 Sector 21, 97201	in
S2-01953	Star Consultants	Phoenix , AZ	us
S2-01954	Ganesh Industries Inc	144/195, Anna Salai, Near Bus Stand, Tamil Nadu	us
S2-01955		124/178 , Nehru Nagaar , Near Bus Staeend , Jaipur , Rajasthan	in
S2-01956		229y/30 , Teiesmple Street , Near Bus Stand , Mumbai , Maharsashtra	in
S2-01957	Khan Oisls & Sons	88ee52 Gandhi Road, TX, 78701	us
S2-01958	& Sons Imports Golden	179/134 , Near Bus Stand , Jaipur , Rajasthan , 302001	in
S2-01959	Rice Pvt Ltd	378/174, Station Road, Near Bus Stand, Kochi, Kyerala, 682001	in
S2-01960	Agro Blue and and Sons	Park Street, Near Bus Stand, Mumbai, Maharashtra	in
S2-01961	GREEN EXPORTS AND & SONS	Denver, CO	in
S2-01962	BLUE ENTERPRISES AND INC.	TX, 7ies8701	us
S2-01963	Apex Trayders & and Sons	648 Park Street, Austin, TX	in
S2-01964	Sixgma Oils	157e/143, Near Bus Stand, 60ies0001	in
S2-01965	Modern Systems pvt ltd.	375/132, Anna Salai, Lucknow, Uttar Pradesh, 226001	in
S2-01966	Nair Exports Company		us
S2-01967	Green Industries Corp	3042 Plot 44, MA, 02108	in
S2-01968	Enterprises and & Sons	103/ies72 , Pak Street , Nsear Bus Stand , Lucknow , Uttar Pradesh , 226001	us
S2-01969	Ganesh Motors and Sons	Near Bus Stand, Pune, Maharashtra	in
S2-01970	Elite Pvt. Pvt Ltd.	Austin, TX	in
S2-01971		Chennai, Tamil Nadu, 600001	us
S2-01972	CRYSTAL MOTORS PVT LTD	8685 TEMPLE STREET, FL	
S2-01973	Sunrise Services Crp	Boston, 02108	us
S2-01974	Sai Motors		in
S2-01975	Blue Enterprises Corp	5126 Sector 21, Austin, TX, 78701	us
S2-01976	INC. TECHNOLOGIES SILER	8480 CHURCH STREET, BOSTON, MA, 02108	us
S2-01977		OR, 97201	us
S2-01978	Smart Enterprises Corp	46/171, Near Bus Stand, Mumbai, Maharashtra, 400001	us
S2-01979		228/93, GANDHI ROAD, NEAR BUS STAND, KOCHI, KERALA, 682001	in
S2-01980	Blue Textiles LLC	8007 Station Road, Miami, FL, 33101	us
S2-01981	Krishna Industries Corporation	9333 Market Road , Seattle	us
S2-01982	Orion Motors &		us
S2-01983	Apex Services	CO, 80202	us
S2-01984		6285 MG Road, Austin, TX, 78701	in
S2-01985	Singh Rice	MA , 02108	in
S2-01986	BLUE CONSULTANTS INC.	5574 PLOT 44 , AUSTIN	us
S2-01987	Elite Logistics Pxrivate pvt ltd.	7576 Sxtation Rd, Portlaend, OR, 97201	us
S2-01988	Nair Enterprises Corp	6180 ANENA SAALAI , BOSTON , MA , 02108	us
S2-01989		Opposite Court, Near Bus Stand, Hyderabad, Telangana, 500001	us
S2-01990	Apex Pvt Ltd	351/70, NEAR BUS STAND, MUMBAI, MAHARASHTRA, 400001	us
S2-01991	GREEN RICE LIMITED	Block C, Naear Bus Stand, Keeerala, 682s001	us
S2-01992	Sigma Sons & Logistics	Seattle, 98101	us
S2-01993	Global Services And Co	52/196, Tamil Nadu, 600001	us
S2-01994	Star Pharma Pvt Ltd	225/90, Hill Road, Near Bus Stand, Mumbai, Maharashtra	
S2-01995	PATEL CONSULTANTS LTD	230/54, Anna Salai, Mumbai, Maharashtra	us
S2-01996	Foods Gxupta Co		in
S2-01997	Elite Technologies Pvt Ltd	97/197, Toer A, Neiesar Bus Stand, Bengaluru, Karnataka	us
S2-01998	Industries Crystal Corporation	5390 Statsion Road, Atlanta, GA, 3y0301	
S2-01999	Agro Green Limited	231/2 , Nehru Nagar , Near Bus Stand , Kerala	in
S2-02000	Shree Eliesectronics Inc	LAKE VIEW ROAD , NEAR BUS STAND , 682001	us
S2-02001		9947 Anna Salai, Boston, 02108	in
S2-02002	VERTEX TEXTILES PVT. LTD.	BOSTON , MA , 02108	us
S2-02003	Das Technologies Private and Sons	2833 Block C, Portland	us
S2-02004	Sharma Motors Pvt Corporation	7955 Tower A, Boston, MA, 02108	us
S2-02005		5988 Tower A, WA, 98101	us
S2-02006	AGRO LTD	CHURCH STREET, NEAR BUS STAND, UTTAR PRADESH, 226001	in
S2-02007	Apex Logistics & Ltd	340/104, Opposite Court, Nesar Bus Stand, Telanegana	in
S2-02008	KRISHNA MOTORS CO	TX, 78701	us
S2-02009	Vertex Technologies & Sons	4041 Lake View Road , Austin , TX , 78701	us
S2-02010	Khan Technologies Company	Sector 21, Near Bus Stand, Jaipur	in
S2-02011	SHREE IMPORTS PVT. LLC	82/182, Near Bus Stand, Maharashtra, 411001	in
S2-02012	Krishna Technologies & Pvta Ltd.	Austin, TX	
S2-02013	Iyer Traders Pvt Corp	379/67, MG Road, Near Bus Stand	
S2-02014	Delta Consultants Pvt and Sons	1588 Gandhi Road, Boston, 02108	in
S2-02015	Blue pvt ltd. Private Imports	4434 Temple Street, Atlanta, GA	us
S2-02016	Traders Pvt and Sons	LAKE VIEW ROAD, NEAR BUS STAND, HYDERABAD, TELANGANA, 500001	in
S2-02017	Elite Textiles And Sons	189/115, OPPOSITE COURT, NEAR BUS STAND, PUNE, MAHARASHTRA	in
S2-02018	Modern Systems Private Limited		us
S2-02019	Vertex pvt ltd. Pvt Technologies	60/195, Kochi, Kerala, 682001	in
S2-02020	Vertex Solutions Inc.	179/181, Market Road, Near Bus Stand, Bengaluru, Karnataka, 560001	in
S2-02021	Krishna LLC Foods	3732 MARKET ROAD, PHOENIX, AZ	us
S2-02022	Modern Textiles LLC		us
S2-02023	Vertex Electronics Company	103/137, Temple Street, Near Bus Stand, Jaipur, Rajasthan	us
S2-02024	Silver Inc Enterprises		in
S2-02025	Smart Agro Inc.	Atlanta, GA	us
S2-02026	VERTEX EXPORTS PVT. INC.	61/169, Nehru Nagar, Nar Bus Stand, Mumbai, Mahaarashtra, 400001	us
S2-02027	Silver Entexrprises Limited	9505 ANNA SALAI, PORTALAND, OR	us
S2-02028	Sai Solutions Pvt. Ltd.	94/91 , Tower A , Mumbai , 400001	in
S2-02029	Nova Limited	175/190 , MG Road , Near Bus Stand , Kochi , Kerala , 682001	in
S2-02030			us
S2-02031	Vertex Systems Pvt Corp	257/192, Near Bus Stand, Jaipur, Rajasthan, 302001	in
S2-02032		194/37, PARK STREET, NEAR BUS STAND, HYDERABAD	us
S2-02033	Delta Rice Corporation	199/22, Tower A, Hysderabad, Telangana, 5000s01	in
S2-02034	Prime Electronics Pvt. Limited	244/116, Church Street, Mumbai, Maharashtra, 400001	
S2-02035	Das Oils Inc.	42/187, Market Road, Bengaluru, Karnataka, 560001	in
S2-02036	Patel Traders Ltd	Austin, 78701	
S2-02037	Logistics Inc.	6109 Near Bus Stand, Miami, FL	us
S2-02038	Ganesh Textiles Private pvt ltd.	1011 Hill Road, Denver, 80202	
S2-02039	Orion Pvt Pvt Ltd	4727 Hill Rd, Portland	in
S2-02040	Llc Foods Blue	7732 Tower A , Atlanta , GA	us
S2-02041	Khan Electronics	3754 Block C , Miami , FL	in
S2-02042	Elite Agro &	1620 Park Street, Atlanta, GA, 30301	in
S2-02043	DELTA SERVICES & PRIVATE LIMITED	PLOT 44, HYDERABAD	in
S2-02044		17/3, ANNA SALAI, NEAR BUS STAND, PUNE, MAHARASHTRA	us
S2-02045	Logistics Vertex Pvt Ltd	Nehru Nagar, Near Bus Stand, Bengaluru, Karnataka	in
S2-02046	Blue Pharma Company	8506 Anna Salai, Denver, 80202	in
S2-02047	Foods & LLC	295/91, Tower A, Maharashtra, 411001	us
S2-02048	IMPORTS KHAN PVT		in
S2-02049	Sai Consultants Limited	8735 Gandhi Road, Denver	us
S2-02050		SECTOR 21, HYDERABAD, TELANGANA, 500001	in
S2-02051	Golden Logistics Limited Private	329/110, Near Bus Stand, Jaipur, Rajasthan, 302001	in
S2-02052		191/y161, Temple Stryeet, Near Bus Stand, Mumebai, Maharasehtra	in
S2-02053		9855 Hiesill Rosad, Sxeattle, WA, 98101	in
S2-02054		1823 Temple Street, Atlanta, 30301	us
S2-02055	IYER IMPORTS AND SONS	1363 Gandhi Road, Denver	us
S2-02056	Ganesh Solutions Private	Church Street, Near Bus Stand, Cheennai, Tamil Nadu, 600ee001	us
S2-02057	Shree Inc.	276/121 , Near Bus Stand , Kerala	in
S2-02058		80/IES96, TEMAPLE STREET, NEEEAR BUS STAIESND, CHENNAI, TAMIL NADU	in
S2-02059	DAS OILS AND SONS	Block C, Hyderabad, Telangana	in
S2-02060	Apex Oils & Sons		in
S2-02061	Exsports Pvt. Corp	348/110, Park Street, Maharashtra	in
S2-02062		69y97 Market Rd , Seateetle	us
S2-02063	Blue Technologies	8881 NEAR BUS STAND, ATLANTA, GA	us
S2-02064	Blue Motors Ltd	95/139, Temple Street, Near Bus Stand, Bengaluru, 560001	us
S2-02065	SILVER LIMITED	19s3/187, Hill Road, Near Bus Styand, Kochi, Kerala, 6820y01	in
S2-02066	Vertex Industries Pvt. Ixnc.	9621 Sector 21 , Miami	in
S2-02067	Global Enterprises Private LLC	8768 MG Rd, Boston, MA, 02108	us
S2-02068	Nova Agro Private Limited	9922 MG Road , Atlanta , GA	in
S2-02069	Khan Co Agro		in
S2-02070	Crystal Enterprises Corporation	Portland, OR	us
S2-02071	Company Pharma Delta	387/174, Stateeion Road, Near Bus Staend, Cheniesnai, Tamil Nadu, 600001	in
S2-02072	Khan Logistics and Sons	Near Bus Stand , Jaipur , Rajasthan	us
S2-02073		3919 TOWER A, PORTLAND	us
S2-02074	Khan Oils Limited	285/49, Plot 44, Near Bus Stand, Lucknow, 226001	
S2-02075	Silver Rice pvt ltd.	9167 PARK STREET, MA, 02108	in
S2-02076	MODERN CONSULTANTS AND CORP	370/69, Hill Road, Lucknow, Uttar Pradesh, 226001	in
S2-02077	Royal Corp	Temple Street , Near Bus Stand , Pune , Maharashtra , 411001	us
S2-02078	Veratex Consultants Corp	84/97, Temple Street, Near Bus Stand, Pune, Maharashtra, 411001	us
S2-02079	Golden Enterprises Limited	1676 Opposite Court, Portland, OR	us
S2-02080	Sai Electronics Corporation	4783 SECTOR 21, ATLANTA, GA, 30301	in
S2-02081	Zenith Enterprises Pvt Ltd	Portland, 97201	us
S2-02082	Crystal Pharma Pvt. Co	73/65, ANNA SALAI, NEAR BUS STAND, LUCKNOW	us
S2-02083	Apex Technologies & Sons	2202 Gandhi Road , Phoenix , AZ	in
S2-02084	Crystal Enterprises Pvt Limited	Temple Streeet, Near Bus Stand, Bengalueeru, Kaeernataka, 560001	us
S2-02085		210/13, Station Road, Near Bus Stand, Jaipur, Rajasthan	
S2-02086	Systems Iyer Corporation	320/112 , Karnataka , 5e60001	in
S2-02087		56/194, Opposite Court, Kochi, 682001	us
S2-02088	Orion Traders LLC	28e0/42, Plot 44, Nar Bus Stand, Muiesmbai, Maharashtra, 400001	us
S2-02089			us
S2-02090	Company Electronics Ganesh	230 PLOT 44, MIAMI, FL, 33101	in
S2-02091	Elite Traders	284/72, Near Bus Stand, Mumbai, Maharashtra	in
S2-02092	Blue Solutions Pvt. Ltd.	9333 MG Road, Denver, CO, 80202	in
S2-02093	Green Enterprises pvt ltd.	Station Road, Near Bus Stand, Jaipur, 302001	in
S2-02094	Elite Industreeies Pvt Ltd		us
S2-02095	Vertex Electronics Ltd	Atlanta, GA, 30301	in
S2-02096	Iyer Enterprises & Sons	221/2 , Near Bus Sytand , Mumbai , Mahsarashtra	in
S2-02097	Golden Consultants Corporation	58s44 Chuyrch Street , OR	us
S2-02098	Services Corporation	97/129, Market Road, Near Bus Stand, Mumbai, 400001	us
S2-02099	Smart Industries Pvt Ltd.	4749 Plot 44, Phoenix, AZ, 85001	us
S2-02100	Sunrise Traders Limited	239/26 , Block C , Near Bus Stand , 682001	us
S2-02101		7449 Nehru Nagar , AZ , 85001	in
S2-02102	NAIR AGRO PVT LTD.		us
S2-02103	Oreeion Systems Pvt Ltd	Atlanta, 30301	in
S2-02104	BLUE SOLUTIONS PVT PVT. LTD.		us
S2-02105	SILVER CORP PVT. INDUSTRIES	Near Bus Setand , Kochi , Keeerala , 682001	us
S2-02106	Nair Logistics Co		us
S2-02107	Delta Logistics Inc.	Hill Road, Near Bus Stand, Bengaluru	in
S2-02108		1464 Opposite Court, 33101	in
S2-02109	Sigma Industries Pvt	2209 Staion Ryoad, MA	us
S2-02110	Ganesh Motors Ltd	255/a10, Near Bus Sstand, Pueene	in
S2-02111	Iyer Technoelogies Corporation	3/198, Church Street, Near Bus Stand, Jaipur, Rajasthan, 302001	us
S2-02112	Sunrise pvt ltd.	8846 Anna Salai, Denver	us
S2-02113	Silver Logistics and Compay	312/120 , OPPOSITE COURT , NEAR BUS STAND , 682001	in
S2-02114	Nova Rice LLC	99/161, MG Roaad, Niesear Bus Stand, Utiestar Pradesh, 226y001	in
S2-02115	Imports Prime Corporation	87/126, Tower A, Near Bus Stand, Hyderabad, Telangana, 500001	us
S2-02116	Khan Enterprises Ltd	Atlanta , GA , 30301	us
S2-02117	Gupta Textiles Inc	Seattle , 98101	us
S2-02118	NAIR PRIVATE AGRO CORPORATION	Tower A, Mumxbai, Maharashtra	in
S2-02119		177 Block C , TX	us
S2-02120	Vertex Systems Corporation		us
S2-02121			us
S2-02122	Sigma Motors LLC	16/x124 , Near Bus Stand , Chennai , Tamil Nadu , 60x0001	us
S2-02123	pvt Sunrise ltd.		in
S2-02124	Apex Enterprises Inc.	74/156, Tower A, Near Bus Stand, Maharashtra, 411001	us
S2-02125	Das Foods Pvt. Limited	6285 Anna Salai , Atlanta	in
S2-02126	OILS PVT LTD.	4452 Sector 21, Phoenix	in
S2-02127	Nair Oils Co	97/126, Near Bus Stand, Telangana, 500001	us
S2-02128	Blyue Electronics Llc		in
S2-02129	Motors Inc	Sector 21, Near Bus Stand, Tamil Nadu, 600001	in
S2-02130	Shree Solutions LLC	Portland, 97201	us
S2-02131	Llc Traders Zenith	7381 MG Road, 85001	in
S2-02132	Sai Imports Pvt Ltd	Denver, CO	in
S2-02133	Enterprises Gloybal Company	AZ, 85001	us
S2-02134		AUSTIN, TX	us
S2-02135	New Textiles Private Private Limited	294/69 , Anna Salai , Near Bus Stand , Hyderabad , Telangana	us
S2-02136	Singh Inc	370/173 , Lake View Road , Mumbai , Maharashtra	in
S2-02137	PATEL SYSTEMS CORP	Near Bus Stand , Jaipur , Rajasthan , 302001	in
S2-02138	SAI AGRO COMPANY	3552 Plot 44, Austin	us
S2-02139		Nehru Nagar, Near Bus Stand, Chennai, 600001	us
S2-02140	Industries Inc	369/38, Park Street, Kochi, Kerala	in
S2-02141	Sunrise Consultants Inc	241/43, Church Street, Jaipur, Rajasthan	in
S2-02142	Sai Solutions Ltd	81/11, NEAR BUS STAND, TAMIL NADU, 600IES001	us
S2-02143	pvt ltd. Industries New		in
S2-02144	Ltd Enterprises Pvt Apex	257/117, Station Road, Bengaluru, Karnataka, 560001	in
S2-02145	Elite Foods Private Limited	Sector 21, Near Bus Stand, Bengaluru	us
S2-02146	Silver Co Exports	6e502 Park Street, Atlanta, GA	in
S2-02147	Krishna Enterprises pvt ltd.	9088 Plaot 44 , Atlanta , GA , 30301	in
S2-02148	Modxern Pharma Limited	324/164, Church Street, Near Bus Stand, Telangana	us
S2-02149	Vertex Inc.	9157 Gandhi Road, Portland, OR, 97201	us
S2-02150		Opposite Court , Near Bus Stand , Pune , Maharashtra	us
S2-02151	Sigma Traders Limited	Austin, 78701	us
S2-02152	Orion Co Imports	Gandhi Rd, Near Bus Stand, Lucknow, 226001	us
S2-02153		Boston, MA	us
S2-02154	Star Enterprises Inc	240/19, Near Bus Stand, Lucknow, 226001	us
S2-02155		278/101 , Tempyle Street , Maharashtra , 411001	in
S2-02156	Modern Industries Pvt Ltd	166/183, Chiesurch Streeet, Near Bus Stand, Mumbai, Maharashtra, 400x001	in
S2-02157	Orion Textiles and Sons	Seattle, WA, 98101	us
S2-02158	New Imports Limited	278/95, Lake View Roxad, Uttar Pradesh	us
S2-02159	Zenith Motors LLC	Portland, OR, 97201	in
S2-02160	Orion Industries Limited	323/63, Near Bus Stand, Chennai, Tamil Nadu, 600001	in
S2-02161	Sharma Logistics LLC	122/33, Temple Street, Near Bus Stand, 600001	
S2-02162	Global Sysetems LLC	Portland, OR	us
S2-02163	Gupta Technologies Inc	4936 Temple Street, AZ, 85001	in
S2-02164	Foods Delta &	4699 Anna Salai, 97201	us
S2-02165	Gupta and Inc	194/s161, Block C, Near Bus Stand, Bengaluru, Karnataka	us
S2-02166		41/194, Lake View Road, Near Bus Stand, Jaipur, 302001	in
S2-02167	Shree Solutions Pvt Ltd	Nehru Nagar, Near Bus Stand, Mumbai, Maharashtra	us
S2-02168	Patel Oils Pvt Ltd	Block C, Near Bus Stand, Kochi	us
S2-02169	Crystsal Rice		
S2-02170	Ganesh Exports and Corp	131/28 , Near Bus Stand , Kochi , Kerala , 682001	in
S2-02171	KHAN RICE AND LTD	285/8 , Near Bus Stand , Near Bus Stand , Pune , Maharashtra	in
S2-02172	Electronics Private Limited	3200 Near Bus Stand, GA	us
S2-02173	ORION ENTERPRISES PVT LTD	119/170, Nehru Nagar, Near Bus Stand, Mumbai, Maharashtra	in
S2-02174	CRYSTAL MOTORS CO	27/164, MG Road, Near Bus Stand, Bengaluru, Karnataieska, 560001	us
S2-02175	Delta Industries pvt ltd.	7571 MG Road, 98101	in
S2-02176			
S2-02177		19/2 , Hill Road , Chennai , Tamil Nadu , 600001	us
S2-02178	GLOIESBAL TRADERS LTD		in
S2-02179	Gupta Agro Inc.	215/78 , BLOCK C , NEAR BUS STAND , CHENNAI , TAMIL NADU	us
S2-02180	Shree Enterprises & Sons	371/163, Opposite Court, Near Bus Stand, Lucknow, 226001	us
S2-02181	Modern Traders & Sos	961 Chsurch Street, Seeeattle, WA	us
S2-02182	STAR INDUSTRIES PRIVATE LLC		in
S2-02183	Golden Foods Pvt. Inc.		us
S2-02184	Star Pharma Private Limited	7092 Church Street, 30301	us
S2-02185	Modern Electronics & Sons	5994 Nehru Nagar , Atlanta , GA , 30301	
S2-02186	Consultants Corp	341/106, Park Street, Near Bus Stand, Lucknow, Uttar Pradesh, 226001	in
S2-02187	Apex Enterprises & Sons	4797 OPPOSITE COURT, ATLANTA, GA, 30301	us
S2-02188		CO, 80202	in
S2-02189	DAS AXGRO CORP	179/187, Lake View Road, Near Bus Stand, Pune, 411001	in
S2-02190	Crystal Solutions Pvt Ltd.	PORTLAND , 97201	us
S2-02191	Vertex Private Exports Ltd	Near Bus Stand, Pune, Maharashtra, 411001	us
S2-02192	Silver Technologies Ltd	209/66, Anna Salai, Near Bus Stand, Maharashtra, 411001	in
S2-02193	Golen Consultants Pvt Ltd	Phoenix, 85001	us
S2-02194	SMART CONSULTANTS INC	1941 Gandhi Road , Austin , TX	us
S2-02195		Miami, 33101	
S2-02196	Iyer Services Ltd		us
S2-02197	Limited Textiles Khan	8852 Near Bus Stand, Phoenix	in
S2-02198	Iyer Enterprises Corporation	192/156, Opposite Court, Kochi, Kerala	in
S2-02199	Singh Exports Ltd	DENVER, CO	us
S2-02200	Goslden Exports Inc	4926 Opposite Court , Miami , FL , 33101	us
S2-02201	Green Traders Pvt Corp	Austin, TX	in
S2-02202		Sector 21, Near Bus Stand, Bengaluru, Karnataka	in
S2-02203		1180 Plot 44 , Miami , FL	in
S2-02204	Private Motors Sigma and Sons	5545 Near Bus Stand, Austin, TX	in
S2-02205		Pxhoenix , AZ	us
S2-02206	Golden Solutions pvt and Sons	AZ, 85001	us
S2-02207	Sai Imports Company		us
S2-02208	Crystal Industries LLC	Market Road , Hyderabad , 500001	us
S2-02209	PVT SERVICES KRISHNA LTD.		us
S2-02210	Gupta Textiles Sons	67/97, Opposite Court, Near Bus Stand, Kerala, 682001	in
S2-02211	Royal Pharma Limited	Temple Street , Near Bus Stand , Bengaluru , Karnataka , 560001	in
S2-02212	Gupta Traders and Sons	726 Near Bus Stand, Miami, FL	us
S2-02213	ORION ENTERPRISES AND PVT. LTD.	316/24 , Gandhi Road , Neear Bus Stand , Bengaluru , Keearnataka , 560001	
S2-02214	Prime Enterprises &	GA, 30301	us
S2-02215	& Services Elite Pvt. Ltd.	61/193, Pliesot 44, Near Bus Stand, Jaipur, Rajxasthan	in
S2-02216	Das Electronics And Sons		us
S2-02217	Sai Electronics & Company	197/147, Lake View Road, Near Bus Stand, Chennai, Tamil Nadu	in
S2-02218	Nova Consultants Pvt	2ies3/179, Pylot 44, Near Bus Satand, Telansgana, 5ies00001	in
S2-02219	SHARMA ELECTRONICS PRIVATE LIMITED		in
S2-02220	Gloeebal Services & Company	3711 Sector 21, 97201	us
S2-02221	Vertex Systems	204/88, Church Street, 500001	us
S2-02222		Atlanta, GA, 30301	in
S2-02223	Krishna Co		us
S2-02224	Silver Textiles Corporation		us
S2-02225	Services And Sons	6310 HIYLL ROAD, ATLANTA, GA	in
S2-02226	Nova Phearma	7997 Opposite Court, Atlanta	us
S2-02227	Prime Services pvt Inc.	AZ, 85001	in
S2-02228	SUNRISE SERVICES PRIVATE LIMITED	207/58 , Chennai , Tamil Nadu	us
S2-02229	Golden Textiles & Sons	194/40, Near Bus Stand, Kochi, 682001	
S2-02230	Star Company	275/124, STATION ROAD, RAJASTHAN, 302001	us
S2-02231	Sunrise Motors Company		in
S2-02232	Royal Exports Company	239/189, Block C, Uttar Pradesh, 226001	in
S2-02233	Khan Pharma Ltd	WA, 98101	
S2-02234	Crystal Motors Inc.	835 Nehru Naxgar, Austin, TX	in
S2-02235	SIGMA TECHNOLOGIES PVT LTD	374/123, Station Road, Near Bus Stand, Mumbai, Maharashtra, 400001	in
S2-02236	Krishna Enerprises Private Limited	MA , 02108	in
S2-02237	Golden Textiles ltd. pvt	193/21, NEHRU NAGAR, NEAR BUS STAND, PUNE, MAHARASHTRA, 411001	us
S2-02238	Inc. Pharma Pvt. Prime	214/63 , MG Road , Near Bus Stand , Maharashtra	us
S2-02239	Coensultants Corp	Poreetland, OR	in
S2-02240			in
S2-02241	Blue Enterprises Pvt. Ltd.	Tower A , Near Bus Stand , Mumbai , Maharashtra	in
S2-02242	Patel Ltd	297/12, SECTOR 21, NEAR BUS STAND, PUNE, 411001	in
S2-02243	Ltd. Enterprises Pvt. Green	271/11, Anna Salai, Near Bus Stand, Hyderabad, Telangana, 500001	in
S2-02244	Nova Exports Corporation	356/68 , Neiesar Bus Staxnd , Near Bus Sxtand , Bengaluru , Karnataka , 5600s01	us
S2-02245	Singh Traders Pvt. Ltd.	1337 Temple Street, Austin, TX, 78701	us
S2-02246	Shree Technologies & Private Limited	225/177, Gandhi Road, Near Bus Stand, Mumbai, Maharashtra	us
S2-02247	SHARXMA PHARMA LLC		in
S2-02248			us
S2-02249		2477 Plot 44 , Denver , 80202	in
S2-02250		6606 Temiesple Street, Poxrtland, OR, 9721	in
S2-02251		285/100, Sector 21, Near Bus Stand, Hyderabad, Telangana, 500001	in
S2-02252	Sigma Services Cxorporation	6a628 Near Bus Stand, CO	us
S2-02253	Royal Motors Pvt Ltd.	4403 Nehru Nagar, CO	us
S2-02254	Iyer Traders Inc	Portland, OR	in
S2-02255	GREEN TRADERS AND CORPORATION	9282 Park Street , Austin , TX , 78701	in
S2-02256	Orion Systems Private Limited	201/168, Near Bus Stand, Bengaluru, Karnataka	in
S2-02257	SUNRISE SOLUTIONS CORP	499 Tower A, Seeeattle, WA	in
S2-02258	Modern Technologies Ltd	Atlanta , GA	in
S2-02259	Sunrise Imyports and Sons	2915 Park Street, 97201	in
S2-02260	Technologies Golden Limited	Atlanta, GA	us
S2-02261	Sai Traders Co		us
S2-02262	New Limited Agro	1242 Block C , Seattle , WA	in
S2-02263	Green Electronics Company		in
S2-02264	Sai Company	9202 Church Street , Miami , FL , 33101	in
S2-02265	Patel Agro Pvt Inc.	75/129 , Park Street , Near Bus Stand , Pune , Maharashtra , 411001	in
S2-02266	PATEL AGRO CO	Bston, MA, 02108	us
S2-02267	Royal Foods	Miami , 3ee3101	in
S2-02268	Orion Pharma Llc	7168 Near Bus Stand, Phoenix, AZ, 85001	us
S2-02269	Iyer Exports LLC	6742 Church Street, Boston	in
S2-02270	Singh Textiles Pvt. Pvt. Ltd.	Miami, FL, 33101	us
S2-02271	Reddy Solutions Corp	1079 Lake View Road, Denver, CO	in
S2-02272	Modern Motors Corporation	786 OPPOSITE COUXRT, TX, 78701	us
S2-02273	Nair Pharma Pvt Pvt. Ltd.		in
S2-02274	PATEL ENTERPRISES INC	13/ee43, Seactor 21, Near Bus Staand	in
S2-02275	SHREE INC PVT. INDUSTRIES	8853 PLOT 44, ATLANTA	in
S2-02276	Krishna Motors Corporation	9836 Gandhi Rd, AZ	in
S2-02277	Shree Motors Private Limited	DENVER, CO	in
S2-02278	Global Industries Limited	Station Rd , Near Bus Stand , Chennai , Tamil Nadu	in
S2-02279	Limited Exports Private Vertex	4502 Lake View Road, 98101	us
S2-02280	KHAN AND SERVICES SONS	8833 Opposite Court, Phoenix, AZ, 85001	in
S2-02281	Kheean Industries Limited	2267 Lake View Road, Austin, TX	in
S2-02282	Sunrise Oils LLC	109/113, Church Street, Near Bus Stand, Bengaluru, Karnataka	in
S2-02283	Vertex Textiles & Pvt. Ltd.	406 Twer A , 02108	us
S2-02284	Krishna Motors LLC	29/75 , Station Road , Lucknow , Uttar Pradesh , 226001	
S2-02285	Sunrise Services Limited	5067 Station Rd, GA	us
S2-02286	Elite Systems & Sons	4532 Block C, Phoenix	us
S2-02287	New Foods Pvt. Ltd.	3534 Near Bus Stand, Phoenix, AZ, 85001	in
S2-02288	Delta Ltd Imports	385/29, Bengaluru, Karnataka	in
S2-02289	Veertex Agro Private Limited	182/13, Near Bus Stand, Hyderabad, Telangana, 500001	in
S2-02290	Seervices Corp	9693 Block C, GA	us
S2-02291	Vertex LLC	277/126, TEMPLE STREET, PUNE, MAHARASHTRA, 411001	us
S2-02292	Blue Logistics pvt ltd.	3614 Park Street , GA , 30301	in
S2-02293	Shree Agro Private Pvt Ltd	Miami , FL	in
S2-02294	Nova Textiles and Sons	8719 Anna Salai, Miami, FL	us
S2-02295	SINGH PVT. LTD.	1767 Hill Road, Portland, OR, 97201	us
S2-02296	Delta Enterprises Company	OR, 97201	in
S2-02297	Khan Enterprises Pvte Ltd	384/32 , Near Bus Stand , Mumbai , Maharashtra	in
S2-02298	Modern Pharma pvt ltd.	296/135, Opposite Court, Bengaluru, Karnataka, 560001	in
S2-02299	Traders Corp	257/101, Tower A, Near Bus Stand, Jaipur, Rajasthan	us
S2-02300	Nair Enterprises Limited	Miami, FL	us
S2-02301	New Traders	3926 Church Street, Seattle, WA, 98101	us
S2-02302	GUPTA LTD. PVT. EXPORTS	8593 Station Road, 78701	in
S2-02303			us
S2-02304	Das Foods LLC	Near Bus Siestand, Puiesne, Maharashtra	us
S2-02305	Sunrise Technologies Privte Corporation	4136 Lake View Rd, Phoenix, AZ, 85001	us
S2-02306	Singh Sons and		in
S2-02307		854 Anna Salai, Seattle, WA, 98101	in
S2-02308	Patel Imports Inc.	355/81, Sector 21, Near Bus Stand, Lucknow, Uttar Pradesh	us
S2-02309	Sons Logistics Das	Nehru Nagar, Mumbai, Maharashtra, 400001	in
S2-02310	Industries Global Inc.	17/22, NEHRU NAGAR, NEAR BUS STAND, JAIPUR	us
S2-02311	Shaarma Pvt. Ltd.	Teemple Street, Near Bus Sytand, 226001	us
S2-02312		289/192 , Temple Street , Near Bus Stand , Hyderabad , Telangana , 500001	us
S2-02313	Global Consultants & Sons	Atlanta , GA , 30301	in
S2-02314	NAIR CORP PVT. ELECTRONICS	311/134 , Meearket Road , Lucknaow	in
S2-02315		Seattle, 98101	us
S2-02316	Ganesh Pharma Ltd	271/96 , TOWER A , NEAR BUS STAND , KARNATAKA , 560001	us
S2-02317	Maodern Logistics Private Limited		in
S2-02318	Ganesh Services Ltd		us
S2-02319		62/98 , LAKE VIEW ROAD , RAJASTHAN	in
S2-02320	Vertex Logistics pvt	382/64, Secor 21, Neyar Bus Stand, Jaiypur, 302001	us
S2-02321	Vertex Electronics Corpsoration	71/26 , MG Road , Near Bus Stand , Lucknow , 226001	us
S2-02322	Shree Pharma Private Limited	Hill Road, Chennai, 600001	in
S2-02323		105/56 , Near Bus Stand , Telangana , 500001	us
S2-02324	Green Logistics & Private Limited	7962 Block C, WA	
S2-02325	Pvt. Ltd. Imports Smart	OR, 97201	us
S2-02326	ELITE ELECTRONICS COMPANY	418 Market Road, Portland	us
S2-02327	Sunrise Agro Ltd		us
S2-02328		387/187, Station Road, Near Bus Stand, Teeamil Nadu, 600001	us
S2-02329	Nair Enterprises Inc		us
S2-02330	Apex Motors Ltd	7077 Near Bus Stand, Portland, OR, 97201	
S2-02331	Sigma Motors And Sons	OR, 97201	in
S2-02332	Gupta Systems pvt Pvt. Ltd.	Opposite Court, Near Bus Stand, 226001	us
S2-02333		OR , 97201	in
S2-02334	Solutions Company	400 Plot 44 , WA , 98101	us
S2-02335	Global Traders Pvt. Pvt. Ltd.	843 Station Road, Denver, CO, 80202	in
S2-02336	STAR ENTERPRISES AND PVT. LTD.	293/10 , Market Road , Near Bus Stand , Bengaluru , Karnataka , 560001	in
S2-02337		12ee25 Hsill Road, Miami, FL	us
S2-02338	Apex Systems Inc.	35/49, Station Road, Near Bus Stand, Hyderabad, Telangana, 500001	in
S2-02339	New Exports	4231 Market Road, Austin, TX, 78701	us
S2-02340	Green Exports Company		us
S2-02341	Golden Consultants Private Limited		in
S2-02342	Shree Technologies Pvt Ltd	6406 Station Road , GA , 30301	in
S2-02343	Iyer Systems & Ltd	91/163, MG Rd, Near Bus Stand, Karnataka, 560001	us
S2-02344		Phoenix, 85s001	us
S2-02345	Star Pharma Pvt. Coerp	255/100 , Opposite Court , Near Bus Stand , Mumbai , Maharashtra , 400001	in
S2-02346	SERVICES SIGMA CORPORATION		us
S2-02347	Nova Enterprises Inc	172s/115 , Near Bus Sxtand , Jaipur , 3020a01	in
S2-02348	SUNRISE CONSULTANTS INC.		in
S2-02349	Reddy and Sons	6541 Psark Street, 80202	in
S2-02350	Das Exports LLC	5816 Opposite Court, Atlanta, GA, 30301	in
S2-02351	Rice Star &	7S643 OPPOSXITE COEURT, AUSIESTIN, TX, 78701	in
S2-02352	Reddy Oils pvt Company	9880 Church Street, Miami, 33101	in
S2-02353	Gupta Technologies Pvt. Ltd.	356/123 , Plot 44 , Bengaluru , Karnataka , 560001	us
S2-02354		MG Road, Near Bus Stand, Kerala, 682001	in
S2-02355	Services Modern Inc	3886 MG ROAD, AUSTIN, 78701	in
S2-02356	Reddy Technologies pvt ltd.		us
S2-02357	Singh Pharma Inc.	8573 Park Street, Austin, TX, 78701	us
S2-02358	Modern Services Inc	Austin , TX	in
S2-02359	Crystal Pvt Ltd	Miami, FL	
S2-02360		Atlanta , GA , 30301	us
S2-02361	Oils Corp		in
S2-02362	Reddy Imports Pvt Ltd.	41ee55 Towieser A, Denver, CO	in
S2-02363	Delta Systems Private	359 Gandhi Road, Denver, CO	us
S2-02364	Sai Logistics Sons	224/91 , Block C , Near Bus Stand , Jaipur , Rajasthan , 302001	in
S2-02365	Foods New Pvt Private Limited	655 STATION ROAD , PORTLAND , OR , 97201	us
S2-02366	Royal Imports Inc	9153 Hill Road, 02ies108	in
S2-02367	Nair Enterprises Inc	Denver , CO , 80202	us
S2-02368		2319 Church Street, Boston, MA	
S2-02369	GLOBAL IMPORTS PVT LTD		in
S2-02370	Golden Oils Private Limited	7529 Plot 44 , 33101	us
S2-02371		100/91, Near Bus Stand, Tamil Nadu, 600001	in
S2-02372	Khan Agro and Sons	3039 SECTOR 21 , GA	in
S2-02373	Smart Systems Ltd	14/84 , BLOCK C , NEAR BUS STAND , BENGALURU , 560001	us
S2-02374	Crystal Pvt. Services Ltd.	6053 SECTOR 21, BOSTON, MA, 02108	us
S2-02375	Sharma Systems Private Limited	Boston, MA, 02108	in
S2-02376	Nova Exports & Sons	Opposite Court, Near Bus Stand, Jaipur, Rajasthan, 302001	us
S2-02377	Patel Reice Limited	3078 GANDHI RD, MIAMI, FL	us
S2-02378	Modern Industries and Sons	5266 Nehru Nagar , 98101	in
S2-02379	VERTEX ENTERPRISES	767 Hill Rd, Seattle, WA, 98101	us
S2-02380	BLUE ENTERPRISES COMPANY	3986 TEMPLE STREET, BOSTON	in
S2-02381	SMART ELECTRONICS PVT LTD	316/16, Anna Salai, Near Bus Stand, Lucknow, Uttar Pradesh	us
S2-02382	LLC Oils Ganesh	354/195 , Near Bus Stand , Chennai , Tamil Nadu , 600001	in
S2-02383	Corporation Services Vertex	2299 SECTOR 21 , MA	in
S2-02384	Smart Solutions Inc	690 TEMPLE STREET, WA	in
S2-02385	Gupta Enterprises Pvt Inc.	379/18, Sector 21, Near Bus Stand, Bengaluru, Karnataka, 560001	us
S2-02386	PRIME LOGISTICS LTD	156/44, Gandhi Road, Near Bus Stand, Uttar Pradesh, 226001	in
S2-02387	GOLDEN IMPORTS COMPANY	4926 Market Road, Atlanta, GA	in
S2-02388	Nova Pharma Inc	GA , 30301	
S2-02389	Green Enterprises Private Inc	Austin, TX, 78701	us
S2-02390	Modern Logistics Corp	Near Bus Stand, Neeear Bus Stand, Beeengaluru, 5600x01	in
S2-02391	Silveer Rice Inc.		us
S2-02392	Inc. Enterprises New	8046 Tower A , Phoenix	in
S2-02393		380/172, Station Road, Near Bus Stand, Kochi	in
S2-02394		383/183, Gandhi Road, Near Bus Stand, Maharashtra	us
S2-02395	TRADERS AND SONS	7872 Park Street , Austin , TX , 78701	us
S2-02396	Sharma Enterprises Pvt Ltd.	Station Road , Near Bus Stand , Lucknow , Uttar Pradesh	in
S2-02397		6176 Temple Street , 02108	us
S2-02398	Elite Enterprisaes Inc	394/150 , Near Bus Stand , Jaipur , 302001	in
S2-02399	Silver Consultants Co	4016 STATION ROAD, 78701	in
S2-02400	Motors Pvt. Ltd.	4801 Station Rd, Atlanta, GA, 30301	in
S2-02401	Sharma Foods & & Sons	56/63, Anna Salai, Near Bus Stand, Lucknow, Uttar Pradesh, 226001	in
S2-02402	Zenith Foods Pvt. Company		us
S2-02403	Vertex Enterprises Co		in
S2-02404	Krishna Pharma And Sons	Miami, FL, 33101	us
S2-02405	Vertex Enterprises Ltd	8237 Nehru Nagar, Denver, CO, 80202	in
S2-02406	NEW CONSULTANTS INC.		in
S2-02407	Sharma pvt ltd. Technologies	Seattle , 98101	in
S2-02408		360/44, ANNA SALAI, NEAR BUS STAND, PUNE, MAHARASHTRA, 411001	
S2-02409	Reoyal Agro and Pvt Ltd	7396 Park Street, GA	in
S2-02410	Vertex Electronics Pvt Ltd	216/73, Anna Salai, Near Bus Stand, Uttar Pradesh	us
S2-02411	Sharma Corporation	Hyderabad, Telangana	us
S2-02412	Oils Silver Inc		in
S2-02413	Smart Imports Inc	1213 Temple Street, GA	in
S2-02414	SILVER AGRO SONS	207/44, Market Roiesad, Near Bus Stand, Pune, 411001	in
S2-02415		Station Road, Maharashtra	in
S2-02416	Eniesterprises Co	6053 Opposite Court, Austin, 78701	in
S2-02417	Sai Agro And Sons	39X/26, CHURCH STRET, LUCKNYOW, UTTAR PARADESH	in
S2-02418	Global Servicees Ltd and	7954 Park Street, CO	in
S2-02419	Smart Enterprises Pvt Ltd	371/70 , Near Bus Stand , Kochi , Kerala	in
S2-02420	OIESRION INDUSTRIES PVT LTD.	361/168, Near Bus Stand, Rajasthan, 302001	us
S2-02421	Delta Electronics Corp	197/189, NEAR BUS STAND, PUNE, MAHARASHTRA, 411001	us
S2-02422	Zenith Rice pvt LLC	7623 MARKET RD, MA, 02108	us
S2-02423	Prime Inc	Block C , Near Bus Stand , Telangana , 500001	us
S2-02424	Ganesh Textiles Pvt. Company	FL, 33101	us
S2-02425	Iyer Services	Near Bus Stand, Near Bus Stand, Karnataka	in
S2-02426		FL, 33101	us
S2-02427	Star Technologies Corp	365/148, SECTOR 21, CHENNAI, TAMIL NADU, 600A001	us
S2-02428	NAIR SYSTEMS AND SONS	374/133, Nehru Nagar, Near Bus Stand, Maharashtra, 400001	us
S2-02429	Moedern Enterprises Private Limited	1276 Station Road , 30301	in
S2-02430	Singh Agro Limited	2994 GANDHI ROAD, PHOENIX, 85001	in
S2-02431		1150 Temple Street, Miami, FL	us
S2-02432	Zenith Foods Ltd	293/169, Plot 44, Tamil Nadu, 600001	in
S2-02433	EXPORTS CORP	356/1s84, Sxtation Ryoad, Near Bus Stand, Chsennai, Tameil Nadu, 600001	in
S2-02434	Krishna Traders pvt Inyc.	8248 Tower A, CO	in
S2-02435	Shree Exports And Llc	168/1ies42, Near Bus Stand, Lueecknow	us
S2-02436		2332 Market Rd, Denver, 80202	in
S2-02437	Sigma Company Traders	WA , 98101	
S2-02438	Logistics Corp	Paark Street, Benagaluru, Kearnataka, 560e001	us
S2-02439	Zenith Services Corp	2699 Church Street , Boston , MA	in
S2-02440	Reddy Servixces Corp	7344 Church Street, 80202	in
S2-02441	Sharma Enterprises & Inc.	ATLANTA, GA	in
S2-02442	GREEN OILS INC.	144/124, Near Bus Staynd, Rajasthan	in
S2-02443		264/89, NEHRU NAGAR, NEAR BUS STAND, HYDERABAD, TELANGANA	in
S2-02444	TEXTILES LTD	202/156, Plot 44, Near Bus Stand, Kochi, Kerala, 682001	us
S2-02445	Global Exports Ltd	207/118, Anna Salai, Bengaluru, Karnataka, 560001	us
S2-02446	Khan Systems & Corporation		in
S2-02447	Golden Motors Corp	8064 Anna Salai, Phoenix, AZ	us
S2-02448	Patel Pharma Pvt. Ltd.	358/160, Near Bus Stand, Jaipur, 302001	us
S2-02449	Gupta Company Pharma	13/178 , Near Bus Stand , Mumbai , Maharashtra , 400001	in
S2-02450	BLUE TECHNOLOGIES COMPANY	2554 Plt 44, Atlaiesnta	us
S2-02451	Vertex Traders Limited	PORTLAND , OR	in
S2-02452		225/149 , Hill Road , Near Bus Stand , Hyderabad , Telangana	in
S2-02453	Vertex Agro		in
S2-02454	Das Oils Pvt. Corp	202/42, Market Rd, Chennaai, Tamil Nsadu, 600ies001	us
S2-02455	Delta Technologies Private Limited	MG Rd, Neeear Bus Stand, Lucknow, Utteear Praydesh	us
S2-02456	Smart Rice Inc.	490 Park Street, Boston	in
S2-02457	Smart Co Systems	2459 SECTOR 21, DENVER	us
S2-02458	Khan Pharma Limited	Lake View Road , Near Bus Stand , Chennai , Tamil Nadu , 600001	us
S2-02459	ELECTRONICS SAI PVT LTD.	Hill Rd, Near Bus Stand, Kochi, Kerala	us
S2-02460	Shaxrma Services Company	1857 Lake View Road, MA, 02108	in
S2-02461	Zenith Oils Company	Nehru Nagar, Kochi, Kerala, 682001	in
S2-02462	Singh pvt ltd.	Gandhi Rd , Near Bus Stand , Kochi , Kerala , 682001	in
S2-02463	Ganesh Pharma Pvt Ltd	7979 Park Street, Portland, OR, 97201	us
S2-02464	Silver Systems Inc Peevt.	4/135, Nehru Nagar, Near Bus Stand, Bengaluru, 560001	
S2-02465		Atlanta, GA, 30301	us
S2-02466	Shree Imports Pvt	123/5, MG Roeead, Jaipur, Rajasthan, 302001	us
S2-02467	Delta Enterprises Company	9382 Market Rd, 98101	in
S2-02468	Modern Imports & Ltd	345/121, SECTOR 21, NEAR BUS STAND, HYDERABAD, 500001	in
S2-02469	Sai Private Limited Oils	5960 Gandhi Rd, Phoenix, AZ, 85001	in
S2-02470	Lyimited Enterprises Private Patel		us
S2-02471	Apex Rice & Sons	Boston, MA, 02108	us
S2-02472	VERTEX AGRO LTD	5744 Block C, 98101	in
S2-02473	Rice Pvt. Ltd.	376/54, Near Bus Stand, Hyderabad	us
S2-02474	Sharma Agro Corporation	106/43 , Station Rd , Near Bus Stand , Jaipur , Rajasthan , 302001	in
S2-02475	Prime Motors	156/110 , TEMPLE STREET , NEAR BUS STAND , LUCKNOW , 226001	us
S2-02476	Smart Textiles Company	Phoeneix, AZ, 85s001	in
S2-02477	Blue Enterprises Pvt. Corporation	3919 Temple Street, Miami, 33101	us
S2-02478	Reddy Systems Pvt Ltd	339/34, Near Bus Stand, Chennai, Tamil Nadu, 600001	us
S2-02479	Ganesh Enterprises Inc.	Austin, TX	us
S2-02480	Smart Foods	152/135, Tower A, Near Bus Stand, Pune, Maharashtra	in
S2-02481		9150 Station Road, Miami, 33101	us
S2-02482	Star Pvt Ltd Solutions		us
S2-02483	Sai Enterprises Sons	9625 Anna Salai , Austin , 78y701	
S2-02484	Ganesh Agro Limited	7/196, Market Road, Near Bus Stand, Mumbai, Maharashtra, 400001	us
S2-02485	Gupta Ltd	8032 Sector 21, Phoenix, 85001	in
S2-02486	Smart Corp Electronics	476 Pslot 44, Atlanta, 30301	in
S2-02487	Sigma Pharma Company	282/186, Gandhi Rd, Near Bus Stand, 682001	
S2-02488	Reddy Exports Inc		us
S2-02489	Shree Phaeerma And Sons	366/91, NEAR BUS STAND, KERALA, 682001	
S2-02490	Crystal Oils Ltd	Boston, MA	us
S2-02491	Technologies & Ltd	Seattle, WA, 98101	us
S2-02492	Iyer Oils Private Limited		us
S2-02493	Singh Solutions Private Ltd	7794 Station Road , Austin , TX , 78701	in
S2-02494	Elite Exports	331/169 , Near Bus Stand , Near Bus Stand , 682001	us
S2-02495	New Traders Ltd	Seattle, 98101	
S2-02496	Rice Sigma Corp	94/173, Church Street, Jaipur, Rajasthan, 302001	in
S2-02497	Sai Services Private Limited	318/147 , LAKE VIEW RD , NEAR BUS STAND , 560001	us
S2-02498	Star Pharma Pvt Private Limited	135/69 , OPPOSITE COAURT , NEAR BUS STAND , JAIPUR , 302001	in
S2-02499	Silver Systems Company	Miami, FL, 33x101	in
S2-02500	Zenith Solutions LLC	MG Rad, Near Bus Stand, Tamil Nau	in
S2-02501	DAS CONSULTANTS INC	Near Bus Stand, Near Bus Stand, Bengaluru, Karnataka	us
S2-02502	Iyer Enterprises Ltd	291/151, NEAR BUS STAND, MAHARASHTRA	us
S2-02503	Electronics Limited	3332 Gandhi Road, Austin, TX, 78701	us
S2-02504	Riesoyal Agro Private	7527 MG Roiesad, Austin, TX, 787e01	
S2-02505	Enterprises Zenith & Company	8a974 Oppoysite Court, Pieshoenix, AZ, 85001	us
S2-02506	Elite Foods Corporation	1652 Lake View Road , Denver , CO , 80202	us
S2-02507	Delta Electronics Private LLC		us
S2-02508	New Services Private Limited	28s74 Nehxru Nagar , Poratland , OR	in
S2-02509		6762 Church Street , Austin , TX	us
S2-02510	Khan Pharma Pvt Ltd	TX , 78701	us
S2-02511	Zenith Imports Limited	313/164, Near Bus Stand, Pune, Maharashtra	in
S2-02512		379/51 , Near Bus Stand , Kochi	in
S2-02513	Krishna Agro Private and Sons	237/65 , BLOCK C , NEAR BUS STAND , HYDERABAD , TELANGANA , 500001	us
S2-02514	Vertex Imports Pvt Ltd	2180 Churach Street, CO	in
S2-02515	Services Ltd	Gandhi Road, Near Bus Stand, Hyderabad, Telangana	in
S2-02516	KRISHNA PHARMA LIMITED	379/106, Kerala, 682001	in
S2-02517	Industries Inc.		
