entity_id	business_name	business_address	country
S1-00001	Green Electronics & Sons	2328 Market Road, Miami, FL, 33101	us
S1-00002	Nair Enterprises Company	10/99, Tower A, Near Bus Stand, Bengaluru, Karnataka, 560001	in
S1-00003	Prime Solutions Pvt Ltd	7691 Hill Road, WA, 98101	us
S1-00004	Star Imports Inc	1921 Gandhi Road, WA	us
S1-00005	Nair Textiles Pvt Ltd	245/166, Market Road, Near Bus Stand, Jaipur, 302001	in
S1-00006	Singh Imports Limited	3276 Market Road, Boston, MA	us
S1-00007	Apex Foods Corp	166/48, Near Bus Stand, Near Bus Stand, Mumbai, Maharashtra, 400001	in
S1-00008	Orion Electronics Inc.	9114 Gandhi Road, GA, 30301	us
S1-00009	Shree Imports Inc.	2169 Opposite Court, Seattle, WA	us
S1-00010	Vertex Technologies Inc.	 MG Road, Near Bus Stand, Bengaluru, 560001	in
S1-00011	Vertex Traders Co	 Lake View Road, Near Bus Stand, Lucknow, 226001	in
S1-00012	Crystal Industries Pvt. Ltd.	1641 Park Street, Atlanta, GA	us
S1-00013	Sigma Imports & Sons	2929 Anna Salai, Austin, TX, 78701	us
S1-00014	Smart Tech & Sons	376/3, Near Bus Stand, Karnataka, 560001	in
S1-00015	Smart Solutions Inc.	6782 Anna Salai, CO	us
S1-00016	Sai Systems Corp	 Portland, OR, 97201	us
S1-00017	Crystal Solutions Inc	 Plot 44, Near Bus Stand, Mumbai, Maharashtra, 400001	in
S1-00018	Gupta Industries Inc.	1011 Anna Salai, MA, 02108	us
S1-00019	Nova Exports Pvt Ltd	6238 Block C, OR, 97201	us
S1-00020	Star Oils Co	7332 Lake View Road, Austin, TX, 78701	us
S1-00021	Royal Cafe Company	1718 Tower A, Austin, 78701	us
S1-00022	Golden Enterprises Ltd	396/4, Lake View Road, Near Bus Stand, Mumbai, Maharashtra, 400001	in
S1-00023	Orion Industries Corp	 Plot 44, Near Bus Stand, Hyderabad, Telangana	in
S1-00024	Nova Enterprises & Sons	277/23, Near Bus Stand, Tamil Nadu, 600001	in
S1-00025	New Foods Corporation	 Austin, TX, 78701	us
S1-00026	Vertex Electronics Corp	2262 Tower A, Denver, 80202	us
S1-00027	Royal Enterprises Pvt. Ltd.	9173 Hill Road, 02108	us
S1-00028	Smart Tech Company	353 Sector 21, Atlanta	us
S1-00029	Khan Services Ltd	367 Church Street, 98101	us
S1-00030	Nair Solutions pvt ltd.	1503 Park Street, Seattle, WA	us
S1-00031	Modern Pharma Limited	 WA, 98101	us
S1-00032	Sunrise Enterprises Pvt Ltd	 OR, 97201	us
S1-00033	Ganesh Textiles Company	 Seattle, WA, 98101	us
S1-00034	Reddy Agro Corp	2474 Gandhi Road, Portland, OR, 97201	us
S1-00035	Prime Motors Inc.	4790 Tower A, Seattle, 98101	us
S1-00036	Gupta Technologies Pvt. Ltd.	6001 Opposite Court, Phoenix, AZ, 85001	us
S1-00037	Green Foods Limited	18/36, MG Road, Near Bus Stand, Mumbai, Maharashtra, 400001	in
S1-00038	Smart Imports Limited	9637 Anna Salai, Boston, 02108	us
S1-00039	Sharma Electronics Corporation	6845 Opposite Court, Austin, TX, 78701	us
S1-00040	Prime Exports Inc	5305 Near Bus Stand, Austin, TX, 78701	us
S1-00041	Zenith Rice LLC	 Sector 21, Hyderabad, Telangana, 500001	in
S1-00042	Prime Motors Private Limited	165/96, Church Street, Near Bus Stand, 500001	in
S1-00043	Khan Rice Pvt Ltd	317/71, Tower A, Pune, Maharashtra, 411001	in
S1-00044	Modern Systems Limited	 Austin, 78701	us
S1-00045	Silver Solutions Ltd	174/90, Near Bus Stand, Bengaluru, 560001	in
S1-00046	Green Rice Limited	 Tower A, Hyderabad, Telangana, 500001	in
S1-00047	Vertex Pharma and Sons	 Phoenix, AZ, 85001	us
S1-00048	Crystal Agro Corp	307/118, Block C, Near Bus Stand, Bengaluru, Karnataka, 560001	in
S1-00049	Smart Tech Corporation	5354 Hill Road, FL	us
S1-00050	Star Technologies & Sons	 Station Road, Near Bus Stand, Hyderabad, Telangana	in
S1-00051	Sai Motors Private Limited	 Miami, FL, 33101	us
S1-00052	Royal Solutions Inc	334 Plot 44, Austin, TX, 78701	us
S1-00053	Smart Oils & Sons	350/24, Hill Road, Near Bus Stand, Chennai, Tamil Nadu	in
S1-00054	Prime Pharma and Sons	216/93, Sector 21, Bengaluru, 560001	in
S1-00055	Orion Technologies and Sons	326/116, MG Road, Near Bus Stand, Pune, Maharashtra, 411001	in
S1-00056	Ganesh Traders Pvt. Ltd.	168/167, Near Bus Stand, Pune, Maharashtra, 411001	in
S1-00057	Modern Enterprises Pvt Ltd	259/157, Near Bus Stand, Near Bus Stand, Maharashtra	in
S1-00058	Elite Exports Private Limited	7655 MG Road, Phoenix, AZ, 85001	us
S1-00059	Patel Traders Pvt Ltd	79/21, Near Bus Stand, Bengaluru, Karnataka	in
S1-00060	Prime Exports Ltd	6699 Anna Salai, MA, 02108	us
S1-00061	Gupta Systems Pvt. Ltd.	9069 Temple Street, Austin, 78701	us
S1-00062	Das Oils Co	247/131, Anna Salai, Bengaluru, Karnataka, 560001	in
S1-00063	Prime Motors Ltd	4510 Station Road, Boston, MA, 02108	us
S1-00064	Global Oils Pvt Ltd	5105 Nehru Nagar, Atlanta, GA, 30301	us
S1-00065	Global Systems Company	4286 Sector 21, Phoenix, AZ, 85001	us
S1-00066	Zenith Traders Corp	230/47, Park Street, Near Bus Stand, Hyderabad, Telangana, 500001	in
S1-00067	Delta Pharma Pvt. Ltd.	288/192, Sector 21, Pune, Maharashtra	in
S1-00068	Reddy Textiles LLC	6651 Market Road, Phoenix, AZ, 85001	us
S1-00069	Silver Enterprises Inc.	7848 Hill Road, Phoenix, AZ, 85001	us
S1-00070	Royal Cafe Limited	 CO, 80202	us
S1-00071	Nova Electronics Corporation	102/23, Station Road, Near Bus Stand, 226001	in
S1-00072	Global Rice Ltd	1885 Station Road, Seattle, WA, 98101	us
S1-00073	Royal Enterprises Inc	191/176, Station Road, Near Bus Stand, Hyderabad	in
S1-00074	Iyer Oils Limited	2505 Opposite Court, Miami, FL, 33101	us
S1-00075	Vertex Motors Corp	160/79, Near Bus Stand, Kochi, Kerala, 682001	in
S1-00076	Elite Solutions Private Limited	383/9, Near Bus Stand, Near Bus Stand, Kochi	in
S1-00077	Prime Motors LLC	22/82, Plot 44, Near Bus Stand, Kochi, Kerala, 682001	in
S1-00078	Prime Systems Corporation	6442 Near Bus Stand, WA	us
S1-00079	Shree Motors Pvt. Ltd.	329/127, Near Bus Stand, Hyderabad, Telangana, 500001	in
S1-00080	Vertex Oils Inc	 MA, 02108	us
S1-00081	Prime Systems Pvt. Ltd.	53/68, Market Road, Near Bus Stand, Lucknow, Uttar Pradesh	in
S1-00082	Sai Agro Co	271/61, MG Road, Near Bus Stand, Bengaluru, Karnataka, 560001	in
S1-00083	New Systems Co	2961 Opposite Court, Seattle, WA, 98101	us
S1-00084	Smart Tech Inc	215 Tower A, TX, 78701	us
S1-00085	Krishna Rice Pvt Ltd	4767 Tower A, Phoenix	us
S1-00086	Reddy Oils Inc.	206/108, Sector 21, Mumbai, Maharashtra, 400001	in
S1-00087	Khan Enterprises Corporation	 Near Bus Stand, Hyderabad, Telangana, 500001	in
S1-00088	Das Rice Pvt Ltd	 Seattle, WA	us
S1-00089	Smart Textiles Pvt. Ltd.	6292 Hill Road, 80202	us
S1-00090	Khan Technologies and Sons	706 Block C, 85001	us
S1-00091	Apex Foods Corporation	5774 Hill Road, Miami, FL	us
S1-00092	Zenith Foods & Sons	379/87, Temple Street, Near Bus Stand, Telangana, 500001	in
S1-00093	Apex Imports Inc.	8501 Near Bus Stand, CO	us
S1-00094	Nova Logistics and Sons	103/24, Block C, Near Bus Stand, Chennai, Tamil Nadu	in
S1-00095	Shree Solutions and Sons	6229 Tower A, MA	us
S1-00096	Star Enterprises and Sons	40/105, Opposite Court, Near Bus Stand, Jaipur, Rajasthan, 302001	in
S1-00097	Nova Enterprises Inc.	201/27, Sector 21, Near Bus Stand, Chennai, 600001	in
S1-00098	Apex Foods Private Limited	 TX, 78701	us
S1-00099	Nova Foods Pvt Ltd	1649 Tower A, GA	us
S1-00100	Reddy Exports Corporation	369/140, Near Bus Stand, Chennai, Tamil Nadu, 600001	in
S1-00101	Krishna Textiles pvt ltd.	234/71, Anna Salai, Near Bus Stand, Mumbai, Maharashtra, 400001	in
S1-00102	Prime Industries Corporation	1441 Park Street, Phoenix, AZ, 85001	us
S1-00103	Apex Systems & Sons	220/41, Park Street, Near Bus Stand, Bengaluru, 560001	in
S1-00104	Apex Industries Limited	265/17, Station Road, Near Bus Stand, Rajasthan, 302001	in
S1-00105	Prime Motors Inc	6284 Block C, 98101	us
S1-00106	Royal Oils pvt ltd.	 Portland, OR	us
S1-00107	Prime Consultants Limited	386/34, Station Road, Chennai, Tamil Nadu, 600001	in
S1-00108	Crystal Logistics Company	3955 Plot 44, TX	us
S1-00109	Khan Oils Pvt. Ltd.	191/195, Near Bus Stand, Mumbai, Maharashtra, 400001	in
S1-00110	Sunrise Enterprises Co	189/66, Station Road, Hyderabad, 500001	in
S1-00111	Gupta Systems Corporation	5829 Market Road, Portland, 97201	us
S1-00112	Royal Cafe Co	42/122, Near Bus Stand, Pune, Maharashtra, 411001	in
S1-00113	Smart Traders Pvt. Ltd.	364/48, Market Road, Chennai, Tamil Nadu, 600001	in
S1-00114	Vertex Industries Corporation	224/139, Near Bus Stand, Mumbai, Maharashtra, 400001	in
S1-00115	Vertex Pharma Co	 Church Street, Near Bus Stand, Hyderabad, Telangana, 500001	in
S1-00116	Star Enterprises Corp	3770 Opposite Court, OR, 97201	us
S1-00117	Nova Systems pvt ltd.	58/69, Hill Road, Near Bus Stand, Hyderabad, 500001	in
S1-00118	Star Imports Co	1860 Tower A, Boston, MA, 02108	us
S1-00119	Ganesh Traders Corporation	4062 Nehru Nagar, Phoenix, AZ	us
S1-00120	Delta Enterprises Inc.	536 Anna Salai, Boston, MA, 02108	us
S1-00121	Prime Pharma pvt ltd.	 Near Bus Stand, Mumbai, Maharashtra, 400001	in
S1-00122	Sharma Textiles Company	 AZ, 85001	us
S1-00123	Krishna Agro Inc.	7013 Block C, Seattle, WA, 98101	us
S1-00124	Das Services Private Limited	58/3, Near Bus Stand, Bengaluru, Karnataka, 560001	in
S1-00125	Delta Agro and Sons	9382 Market Road, WA, 98101	us
S1-00126	Smart Tech pvt ltd.	2605 Market Road, 97201	us
S1-00127	Delta Consultants LLC	386/145, Nehru Nagar, Near Bus Stand, Karnataka, 560001	in
S1-00128	Reddy Pharma pvt ltd.	120/5, Park Street, Near Bus Stand, Pune, Maharashtra, 411001	in
S1-00129	Modern Logistics Co	211/193, Market Road, Near Bus Stand, Hyderabad, Telangana, 500001	in
S1-00130	Royal Textiles Inc.	44/21, Near Bus Stand, Lucknow, Uttar Pradesh, 226001	in
S1-00131	Royal Enterprises Pvt Ltd	3449 Market Road, GA, 30301	us
S1-00132	Royal Enterprises Limited	 Portland, OR	us
S1-00133	Royal Cafe Co	9347 Gandhi Road, Phoenix, 85001	us
S1-00134	Khan Rice Private Limited	257/3, Opposite Court, Near Bus Stand, Kochi, Kerala, 682001	in
S1-00135	Sharma Services and Sons	296/169, Sector 21, Near Bus Stand, Bengaluru, Karnataka, 560001	in
S1-00136	Modern Systems Corp	43/87, Station Road, Near Bus Stand, Hyderabad, Telangana, 500001	in
S1-00137	Blue Enterprises Inc.	5725 Nehru Nagar, Miami, FL, 33101	us
S1-00138	Khan Electronics Private Limited	344/41, Near Bus Stand, Lucknow, Uttar Pradesh, 226001	in
S1-00139	Vertex Motors Limited	32/86, Near Bus Stand, Near Bus Stand, Mumbai, Maharashtra, 400001	in
S1-00140	Royal Cafe LLC	8877 Gandhi Road, Boston, 02108	us
S1-00141	Modern Textiles pvt ltd.	9081 Near Bus Stand, 97201	us
S1-00142	Golden Imports Inc	3909 Tower A, Atlanta, GA, 30301	us
S1-00143	Nair Services Corp	297/144, Church Street, Near Bus Stand, Mumbai, Maharashtra	in
S1-00144	Shree Systems & Sons	263/182, Church Street, Bengaluru, Karnataka	in
S1-00145	Smart Agro Co	6131 Plot 44, Atlanta	us
S1-00146	Delta Pharma & Sons	311/131, Plot 44, Near Bus Stand, Mumbai, Maharashtra, 400001	in
S1-00147	Ganesh Traders Inc	239/189, MG Road, Near Bus Stand, Bengaluru, 560001	in
S1-00148	Orion Rice pvt ltd.	212/37, Lake View Road, Near Bus Stand, Pune, 411001	in
S1-00149	Vertex Textiles & Sons	 Station Road, Near Bus Stand, Bengaluru, 560001	in
S1-00150	Elite Pharma Inc.	58/57, Nehru Nagar, Near Bus Stand, Mumbai, Maharashtra, 400001	in
S1-00151	Elite Exports & Sons	8905 Gandhi Road, Denver, CO, 80202	us
S1-00152	Apex Systems LLC	809 Gandhi Road, Seattle	us
S1-00153	Ganesh Imports Pvt Ltd	6296 Sector 21, FL, 33101	us
S1-00154	Ganesh Traders and Sons	 Gandhi Road, Near Bus Stand, Maharashtra, 411001	in
S1-00155	Nair Services Private Limited	2066 Plot 44, Phoenix, 85001	us
S1-00156	Orion Agro LLC	 Opposite Court, Near Bus Stand, Karnataka, 560001	in
S1-00157	Elite Technologies Ltd	 Market Road, Near Bus Stand, Bengaluru, Karnataka, 560001	in
S1-00158	Global Oils Pvt. Ltd.	7249 Plot 44, Miami, FL, 33101	us
S1-00159	Silver Enterprises Limited	9788 MG Road, Austin, TX, 78701	us
S1-00160	Das Logistics Limited	2433 Tower A, AZ, 85001	us
S1-00161	Prime Motors pvt ltd.	 Boston, 02108	us
S1-00162	Vertex Oils Company	244 MG Road, Denver, CO, 80202	us
S1-00163	New Logistics Limited	137/8, Park Street, Near Bus Stand, Lucknow, Uttar Pradesh, 226001	in
S1-00164	Green Foods Corporation	 CO, 80202	us
S1-00165	Elite Agro Limited	6520 Nehru Nagar, Portland	us
S1-00166	Prime Electronics Private Limited	63/175, Church Street, Near Bus Stand, Hyderabad	in
S1-00167	Iyer Motors pvt ltd.	 Atlanta, GA	us
S1-00168	Ganesh Traders Pvt. Ltd.	167/43, Lake View Road, Jaipur, 302001	in
S1-00169	Orion Enterprises Inc.	 Block C, Near Bus Stand, Bengaluru, Karnataka	in
S1-00170	Zenith Exports Limited	 Austin, TX, 78701	us
S1-00171	Global Enterprises Co	6179 Park Street, Atlanta, 30301	us
S1-00172	Star Enterprises Private Limited	388/48, Plot 44, Near Bus Stand, Maharashtra	in
S1-00173	Smart Solutions Pvt. Ltd.	2234 Temple Street, 02108	us
S1-00174	Elite Textiles Private Limited	280/45, Park Street, Near Bus Stand, Jaipur	in
S1-00175	Prime Motors Limited	 Miami, FL, 33101	us
S1-00176	Khan Enterprises Private Limited	7946 Park Street, Seattle, WA, 98101	us
S1-00177	Khan Logistics & Sons	 Denver, CO	us
S1-00178	Global Electronics Co	126/8, Near Bus Stand, Near Bus Stand, Kochi, Kerala	in
S1-00179	Patel Imports Company	4522 Opposite Court, Austin, TX, 78701	us
S1-00180	Prime Oils Limited	347/56, Station Road, Near Bus Stand, Kochi, Kerala, 682001	in
S1-00181	Sunrise Logistics Pvt Ltd	302/158, Temple Street, Near Bus Stand, Chennai, Tamil Nadu, 600001	in
S1-00182	Smart Tech Corporation	2178 Nehru Nagar, Austin, 78701	us
S1-00183	Vertex Imports Corporation	234/3, Hill Road, Jaipur, Rajasthan	in
S1-00184	Sigma Traders Pvt. Ltd.	32/188, Near Bus Stand, Bengaluru, Karnataka, 560001	in
S1-00185	Vertex Services Corporation	207/184, Gandhi Road, Lucknow, Uttar Pradesh	in
S1-00186	Green Rice Inc.	5835 Nehru Nagar, Austin, TX, 78701	us
S1-00187	Sunrise Technologies Pvt Ltd	53/125, Temple Street, Near Bus Stand, Pune, Maharashtra, 411001	in
S1-00188	Star Exports Corporation	5418 Church Street, Seattle, WA	us
S1-00189	Apex Foods Private Limited	358/86, Lake View Road, Near Bus Stand, Pune, Maharashtra, 411001	in
S1-00190	Golden Oils & Sons	4382 Gandhi Road, Denver, CO, 80202	us
S1-00191	Global Rice Company	6208 Temple Street, CO	us
S1-00192	Patel Foods Company	1209 Church Street, Seattle	us
S1-00193	Sigma Foods Limited	3023 Hill Road, Phoenix, AZ, 85001	us
S1-00194	Star Solutions Pvt. Ltd.	6962 Nehru Nagar, Miami, FL	us
S1-00195	Patel Services Corp	8921 Block C, Atlanta, GA, 30301	us
S1-00196	Smart Tech and Sons	9853 Church Street, FL, 33101	us
S1-00197	Smart Technologies & Sons	 Near Bus Stand, Jaipur, Rajasthan, 302001	in
S1-00198	Silver Enterprises Inc	240/21, Market Road, Hyderabad, Telangana	in
S1-00199	Sai Exports & Sons	 Sector 21, Near Bus Stand, Kerala, 682001	in
S1-00200	Prime Logistics Company	9896 Near Bus Stand, Phoenix, AZ, 85001	us
S1-00201	Das Imports Corporation	252/59, Plot 44, Near Bus Stand, Bengaluru, Karnataka, 560001	in
S1-00202	Patel Solutions Company	5588 Nehru Nagar, Seattle, WA	us
S1-00203	Royal Cafe Inc.	261/7, Tower A, Near Bus Stand, Mumbai, Maharashtra, 400001	in
S1-00204	Star Services Corp	147/19, Plot 44, Bengaluru, Karnataka, 560001	in
S1-00205	Orion Traders Pvt. Ltd.	 Market Road, Near Bus Stand, Kochi, Kerala, 682001	in
S1-00206	Ganesh Rice and Sons	106/51, Near Bus Stand, Maharashtra, 400001	in
S1-00207	New Enterprises Ltd	160/194, Tower A, Near Bus Stand, Pune, Maharashtra, 411001	in
S1-00208	Sunrise Traders Pvt. Ltd.	359/112, Gandhi Road, Near Bus Stand, Hyderabad, Telangana, 500001	in
S1-00209	Nair Technologies pvt ltd.	8633 Temple Street, Phoenix, AZ	us
S1-00210	Ganesh Traders Co	104/142, Near Bus Stand, Maharashtra, 400001	in
S1-00211	Royal Exports LLC	105/24, Near Bus Stand, Near Bus Stand, Jaipur, Rajasthan, 302001	in
S1-00212	Shree Pharma Private Limited	 Church Street, Pune, Maharashtra, 411001	in
S1-00213	Reddy Enterprises Pvt Ltd	 Miami, FL, 33101	us
S1-00214	Shree Solutions & Sons	 TX, 78701	us
S1-00215	Iyer Solutions Private Limited	159/95, MG Road, Near Bus Stand, Hyderabad, Telangana, 500001	in
S1-00216	Sigma Enterprises Private Limited	 Boston, 02108	us
S1-00217	Smart Tech Inc	 Denver, CO, 80202	us
S1-00218	New Electronics Inc.	 Austin, TX	us
S1-00219	New Imports Company	5360 Lake View Road, Boston, MA, 02108	us
S1-00220	New Enterprises Private Limited	8749 Sector 21, Seattle, WA	us
S1-00221	Nova Rice Inc	 Nehru Nagar, Near Bus Stand, Jaipur, Rajasthan, 302001	in
S1-00222	Crystal Agro Pvt Ltd	 Atlanta, GA	us
S1-00223	Golden Foods Pvt. Ltd.	 GA, 30301	us
S1-00224	Ganesh Traders & Sons	7671 Park Street, Boston, 02108	us
S1-00225	Vertex Exports pvt ltd.	9475 Plot 44, Portland, OR, 97201	us
S1-00226	Apex Rice Inc.	205/98, Jaipur, Rajasthan, 302001	in
S1-00227	Khan Industries & Sons	87/148, Hill Road, Near Bus Stand, Chennai, Tamil Nadu, 600001	in
S1-00228	Reddy Motors Private Limited	95/29, MG Road, Chennai, Tamil Nadu, 600001	in
S1-00229	Gupta Electronics Pvt. Ltd.	3047 Church Street, Austin, TX, 78701	us
S1-00230	Apex Oils Ltd	60/148, Plot 44, Near Bus Stand, Hyderabad, Telangana	in
S1-00231	Apex Foods Corporation	 Seattle, WA	us
S1-00232	Iyer Foods Pvt. Ltd.	1140 Hill Road, Austin, TX, 78701	us
S1-00233	New Logistics Ltd	98/6, Church Street, Near Bus Stand, Uttar Pradesh	in
S1-00234	Iyer Exports Corp	61/91, Tower A, Hyderabad, Telangana, 500001	in
S1-00235	Global Services Inc.	393/158, Market Road, Near Bus Stand, Mumbai, Maharashtra	in
S1-00236	Golden Electronics Inc	95/91, Park Street, Tamil Nadu, 600001	in
S1-00237	Krishna Systems Private Limited	102/136, Opposite Court, Near Bus Stand, Pune, 411001	in
S1-00238	Smart Tech & Sons	4628 Sector 21, Portland, OR, 97201	us
S1-00239	Sharma Electronics Pvt. Ltd.	6/80, Church Street, Near Bus Stand, Pune, Maharashtra, 411001	in
S1-00240	Vertex Pharma Co	 Block C, Lucknow, Uttar Pradesh, 226001	in
S1-00241	Zenith Exports Pvt Ltd	264/173, Lake View Road, Near Bus Stand, Bengaluru, Karnataka, 560001	in
S1-00242	Silver Pharma pvt ltd.	366/75, Station Road, Near Bus Stand, Pune	in
S1-00243	Vertex Enterprises & Sons	297/29, Park Street, Near Bus Stand, Hyderabad, Telangana	in
S1-00244	Sharma Motors Pvt Ltd	203/129, Sector 21, Near Bus Stand, Kochi, Kerala, 682001	in
S1-00245	Prime Motors LLC	 Park Street, Near Bus Stand, Kochi, Kerala	in
S1-00246	Iyer Enterprises and Sons	 Phoenix, 85001	us
S1-00247	Royal Technologies Ltd	217/125, Near Bus Stand, Jaipur, 302001	in
S1-00248	Iyer Enterprises Limited	9889 Near Bus Stand, FL, 33101	us
S1-00249	Singh Motors Pvt. Ltd.	 Denver, 80202	us
S1-00250	Zenith Industries Inc.	620 Hill Road, Miami	us
S1-00251	Nair Consultants Corporation	 FL, 33101	us
S1-00252	Prime Motors Inc.	12/195, Plot 44, Near Bus Stand, Hyderabad, Telangana	in
S1-00253	Sai Technologies Co	3255 Sector 21, Austin, TX, 78701	us
S1-00254	Sigma Foods Corp	5480 Gandhi Road, CO, 80202	us
S1-00255	Zenith Technologies Corp	3993 Nehru Nagar, Denver, CO, 80202	us
S1-00256	Silver Consultants Ltd	 Gandhi Road, Near Bus Stand, Bengaluru, Karnataka, 560001	in
S1-00257	Singh Traders Private Limited	7214 Church Street, Portland	us
S1-00258	Gupta Foods Corp	2579 Church Street, Portland	us
S1-00259	Prime Motors Limited	160/69, Block C, Near Bus Stand, Bengaluru, Karnataka, 560001	in
S1-00260	Elite Logistics Limited	 Austin, TX, 78701	us
S1-00261	Iyer Services pvt ltd.	8584 Near Bus Stand, 97201	us
S1-00262	Sunrise Enterprises Corporation	8542 Anna Salai, Austin, TX, 78701	us
S1-00263	Reddy Foods Pvt. Ltd.	17/111, Church Street, Near Bus Stand, Lucknow, Uttar Pradesh	in
S1-00264	Vertex Consultants Private Limited	 Seattle, WA, 98101	us
S1-00265	Global Pharma Inc	197/187, Lake View Road, Near Bus Stand, Lucknow, Uttar Pradesh, 226001	in
S1-00266	Prime Motors Limited	9012 Church Street, MA, 02108	us
S1-00267	New Consultants Pvt Ltd	106/67, Lake View Road, Near Bus Stand, Pune, Maharashtra, 411001	in
S1-00268	Green Solutions Ltd	 Atlanta, GA, 30301	us
S1-00269	New Rice Company	 Seattle, WA	us
S1-00270	Star Systems Corp	298/151, Near Bus Stand, Near Bus Stand, Mumbai, Maharashtra, 400001	in
S1-00271	Krishna Services Company	180/166, Temple Street, Near Bus Stand, Bengaluru, Karnataka, 560001	in
S1-00272	Nova Services & Sons	5932 Near Bus Stand, WA	us
S1-00273	Prime Motors Ltd	 Denver, CO, 80202	us
S1-00274	Krishna Imports Ltd	41/158, Near Bus Stand, Pune, Maharashtra, 411001	in
S1-00275	Sharma Solutions Corp	396/71, Anna Salai, Near Bus Stand, Pune, Maharashtra, 411001	in
S1-00276	Orion Logistics & Sons	155/158, Park Street, Near Bus Stand, Maharashtra, 400001	in
S1-00277	Orion Services Corp	322 Station Road, Miami, FL	us
S1-00278	Zenith Technologies & Sons	268/68, Near Bus Stand, Kerala, 682001	in
S1-00279	New Electronics Corporation	6725 Lake View Road, Boston, MA	us
S1-00280	Ganesh Traders Limited	 AZ, 85001	us
S1-00281	Prime Rice pvt ltd.	5709 Sector 21, Phoenix, AZ, 85001	us
S1-00282	Sunrise Electronics Inc.	 Seattle, 98101	us
S1-00283	Vertex Electronics Private Limited	2688 Block C, Portland, OR, 97201	us
S1-00284	Royal Rice Corporation	91/197, MG Road, Near Bus Stand, Hyderabad, Telangana, 500001	in
S1-00285	Green Enterprises Corporation	188/165, Near Bus Stand, Maharashtra, 411001	in
S1-00286	Nova Enterprises and Sons	8662 Plot 44, 97201	us
S1-00287	Smart Tech Co	9170 Opposite Court, Boston, MA, 02108	us
S1-00288	Gupta Logistics Company	252/128, Opposite Court, Near Bus Stand, Lucknow, Uttar Pradesh, 226001	in
S1-00289	Vertex Imports Corporation	815 Near Bus Stand, OR	us
S1-00290	Global Exports Ltd	8558 Tower A, Boston, 02108	us
S1-00291	Khan Industries & Sons	 Phoenix, AZ, 85001	us
S1-00292	Global Solutions Pvt Ltd	3763 Near Bus Stand, Atlanta, GA, 30301	us
S1-00293	Apex Rice Inc	9996 Near Bus Stand, Boston, 02108	us
S1-00294	Ganesh Traders Private Limited	320/62, Near Bus Stand, Pune, Maharashtra, 411001	in
S1-00295	Zenith Electronics Corp	49/78, Tower A, Near Bus Stand, Lucknow, Uttar Pradesh, 226001	in
S1-00296	Golden Enterprises Pvt Ltd	 Park Street, Near Bus Stand, Jaipur, Rajasthan, 302001	in
S1-00297	Elite Enterprises & Sons	4051 Park Street, Austin, TX	us
S1-00298	Elite Foods pvt ltd.	9907 Lake View Road, Atlanta, GA, 30301	us
S1-00299	Vertex Technologies Co	192/143, Tower A, Near Bus Stand, Mumbai, Maharashtra, 400001	in
S1-00300	Royal Electronics Inc.	22/11, Hill Road, Near Bus Stand, Uttar Pradesh, 226001	in
S1-00301	Apex Foods Company	4749 Hill Road, Austin, TX, 78701	us
S1-00302	Blue Imports Company	839 Market Road, Boston, MA	us
S1-00303	Sunrise Rice Limited	5899 Gandhi Road, Miami, FL, 33101	us
S1-00304	Nova Services Pvt Ltd	158/157, Plot 44, Near Bus Stand, Pune, Maharashtra, 411001	in
S1-00305	Global Technologies LLC	4928 Block C, Denver, CO, 80202	us
S1-00306	Crystal Electronics Inc.	87/48, Gandhi Road, Near Bus Stand, Mumbai, 400001	in
S1-00307	Prime Oils Private Limited	 Anna Salai, Near Bus Stand, Maharashtra, 400001	in
S1-00308	Apex Foods Corp	353/189, Plot 44, Near Bus Stand, Chennai, 600001	in
S1-00309	Patel Consultants Pvt. Ltd.	1684 Nehru Nagar, Austin	us
S1-00310	Shree Solutions LLC	262 Sector 21, Atlanta, GA, 30301	us
S1-00311	Apex Traders Inc	5153 Station Road, Boston, MA, 02108	us
S1-00312	Orion Systems Corporation	303/198, Church Street, Near Bus Stand, Mumbai, Maharashtra, 400001	in
S1-00313	Krishna Motors Limited	77/20, Near Bus Stand, Lucknow, Uttar Pradesh	in
S1-00314	Khan Traders Private Limited	7787 Market Road, Boston, 02108	us
S1-00315	Prime Motors LLC	199/181, Anna Salai, Near Bus Stand, Hyderabad, Telangana, 500001	in
S1-00316	Smart Logistics Inc.	136/48, Near Bus Stand, Lucknow, Uttar Pradesh, 226001	in
S1-00317	Zenith Enterprises Company	 WA, 98101	us
S1-00318	Vertex Enterprises and Sons	 Tower A, Hyderabad, Telangana, 500001	in
S1-00319	Khan Foods Co	8759 Tower A, Phoenix, AZ	us
S1-00320	Krishna Foods Corp	77/92, Near Bus Stand, Maharashtra, 411001	in
S1-00321	Orion Technologies Inc.	 Park Street, Near Bus Stand, Mumbai, 400001	in
S1-00322	Apex Foods Limited	389/177, Market Road, Near Bus Stand, Lucknow, Uttar Pradesh, 226001	in
S1-00323	Blue Industries Corp	 Austin, 78701	us
S1-00324	Das Rice Company	 Austin, TX	us
S1-00325	Sigma Technologies Ltd	178/62, Near Bus Stand, Near Bus Stand, Lucknow, Uttar Pradesh, 226001	in
S1-00326	New Imports pvt ltd.	84/33, Park Street, Near Bus Stand, Tamil Nadu, 600001	in
S1-00327	Global Exports Pvt Ltd	 Anna Salai, Near Bus Stand, Rajasthan, 302001	in
S1-00328	Singh Rice & Sons	9897 Sector 21, Phoenix, 85001	us
S1-00329	Prime Motors Inc	351/185, Church Street, Near Bus Stand, Kerala, 682001	in
S1-00330	Reddy Services Company	4045 MG Road, Atlanta, GA, 30301	us
S1-00331	Elite Pharma Inc	6400 Block C, Denver, CO, 80202	us
S1-00332	Sai Enterprises Company	7358 Sector 21, MA	us
S1-00333	Apex Rice Pvt Ltd	4201 Gandhi Road, Atlanta, GA, 30301	us
S1-00334	Gupta Agro Inc.	336/110, Gandhi Road, Near Bus Stand, Pune, Maharashtra, 411001	in
S1-00335	Shree Exports LLC	 Phoenix, 85001	us
S1-00336	Apex Foods and Sons	3326 Sector 21, Seattle, WA, 98101	us
S1-00337	Singh Traders Ltd	71/32, Opposite Court, Near Bus Stand, Chennai, Tamil Nadu, 600001	in
S1-00338	Khan Consultants Corp	 Portland, 97201	us
S1-00339	Sai Oils Limited	37/10, Near Bus Stand, Jaipur, 302001	in
S1-00340	Sunrise Imports Pvt. Ltd.	6303 Church Street, Atlanta	us
S1-00341	Modern Enterprises and Sons	7834 Gandhi Road, TX, 78701	us
S1-00342	Prime Textiles & Sons	186/29, Market Road, Near Bus Stand, Bengaluru, Karnataka, 560001	in
S1-00343	Prime Motors Company	139/64, Temple Street, Near Bus Stand, Bengaluru, Karnataka, 560001	in
S1-00344	Golden Enterprises Private Limited	 Sector 21, Near Bus Stand, Jaipur, Rajasthan	in
S1-00345	Nova Rice Corporation	9935 Near Bus Stand, Boston, MA, 02108	us
S1-00346	Smart Industries Pvt. Ltd.	 Tower A, Near Bus Stand, Hyderabad, Telangana	in
S1-00347	Sharma Enterprises & Sons	5436 Hill Road, TX, 78701	us
S1-00348	Shree Oils Corp	678 Block C, TX, 78701	us
S1-00349	Sai Solutions and Sons	 TX, 78701	us
S1-00350	Apex Foods Inc	 MG Road, Near Bus Stand, Jaipur, Rajasthan, 302001	in
S1-00351	Blue Pharma and Sons	 Miami, 33101	us
S1-00352	Delta Electronics Inc.	141/128, Near Bus Stand, Karnataka, 560001	in
S1-00353	Prime Foods and Sons	209/21, Gandhi Road, Near Bus Stand, Maharashtra, 411001	in
S1-00354	Prime Consultants Pvt Ltd	945 Near Bus Stand, Boston, MA, 02108	us
S1-00355	Sharma Exports Ltd	5936 MG Road, GA	us
S1-00356	Vertex Oils Limited	2466 Plot 44, Seattle, WA, 98101	us
S1-00357	Prime Motors Inc.	178/50, Plot 44, Near Bus Stand, Hyderabad, Telangana, 500001	in
S1-00358	Green Systems and Sons	9241 Anna Salai, OR, 97201	us
S1-00359	Krishna Enterprises pvt ltd.	356/187, Market Road, Near Bus Stand, Uttar Pradesh, 226001	in
S1-00360	Silver Rice Corporation	342/168, Sector 21, Near Bus Stand, Hyderabad, Telangana, 500001	in
S1-00361	Nova Rice Co	2576 Temple Street, Boston, MA	us
S1-00362	Khan Systems Pvt. Ltd.	97/69, Opposite Court, Near Bus Stand, Lucknow, Uttar Pradesh, 226001	in
S1-00363	Nair Oils Pvt Ltd	128/8, Plot 44, Near Bus Stand, Mumbai, Maharashtra, 400001	in
S1-00364	Royal Cafe and Sons	147/86, Hill Road, Near Bus Stand, Kochi, Kerala, 682001	in
S1-00365	Crystal Enterprises Company	 Boston, 02108	us
S1-00366	Reddy Imports and Sons	194/39, Tower A, Near Bus Stand, Hyderabad, 500001	in
S1-00367	Ganesh Agro Co	 Miami, 33101	us
S1-00368	Singh Electronics Inc	500 Market Road, Boston, MA	us
S1-00369	Green Solutions Company	233/63, Lake View Road, Near Bus Stand, Lucknow, Uttar Pradesh	in
S1-00370	Khan Rice Limited	610 Temple Street, AZ, 85001	us
S1-00371	Smart Tech Pvt Ltd	389/127, Market Road, Lucknow, Uttar Pradesh, 226001	in
S1-00372	Crystal Consultants Private Limited	7370 Hill Road, FL	us
S1-00373	Elite Traders & Sons	358/77, Near Bus Stand, Hyderabad, 500001	in
S1-00374	Golden Services Inc	157/105, Gandhi Road, Near Bus Stand, Tamil Nadu	in
S1-00375	Sai Logistics Private Limited	355/161, Station Road, Near Bus Stand, Hyderabad, Telangana, 500001	in
S1-00376	Global Solutions Private Limited	348/176, Hill Road, Near Bus Stand, Mumbai, Maharashtra, 400001	in
S1-00377	Golden Traders Ltd	311/163, Station Road, Near Bus Stand, Kochi, Kerala	in
S1-00378	Prime Motors Private Limited	304/163, Park Street, Near Bus Stand, Chennai, Tamil Nadu, 600001	in
S1-00379	Star Traders Co	299/164, Plot 44, Near Bus Stand, Lucknow, 226001	in
S1-00380	Sharma Exports Inc	6814 Station Road, Denver, CO, 80202	us
S1-00381	Delta Oils Company	 Phoenix, 85001	us
S1-00382	Vertex Motors Limited	134/15, Kochi, Kerala, 682001	in
S1-00383	Iyer Consultants Inc	 Boston, MA, 02108	us
S1-00384	Orion Exports Limited	79/68, Station Road, Uttar Pradesh, 226001	in
S1-00385	Ganesh Traders & Sons	1235 Park Street, Atlanta, GA, 30301	us
S1-00386	Sigma Solutions Pvt. Ltd.	 Denver, 80202	us
S1-00387	Zenith Imports Ltd	355/101, Gandhi Road, Near Bus Stand, Hyderabad, Telangana, 500001	in
S1-00388	Reddy Exports Co	108/2, Near Bus Stand, Lucknow, Uttar Pradesh, 226001	in
S1-00389	Krishna Logistics & Sons	835 Block C, Portland	us
S1-00390	Green Motors pvt ltd.	293/45, Market Road, Near Bus Stand, Lucknow	in
S1-00391	Modern Logistics Corporation	205/66, MG Road, Near Bus Stand, Lucknow, 226001	in
S1-00392	Smart Tech & Sons	 Austin, TX, 78701	us
S1-00393	Smart Oils Pvt Ltd	2630 Block C, Boston, MA	us
S1-00394	Nair Motors Corp	65/179, Anna Salai, Mumbai, Maharashtra, 400001	in
S1-00395	Apex Enterprises Ltd	 Denver, CO	us
S1-00396	Nair Motors Pvt. Ltd.	 Near Bus Stand, Near Bus Stand, Kochi, Kerala, 682001	in
S1-00397	Prime Textiles LLC	371/22, Opposite Court, Near Bus Stand, Jaipur, Rajasthan, 302001	in
S1-00398	Delta Textiles and Sons	20/40, Near Bus Stand, Near Bus Stand, Lucknow, Uttar Pradesh, 226001	in
S1-00399	Apex Foods Corporation	4963 Nehru Nagar, 78701	us
S1-00400	Vertex Textiles Limited	150/69, Market Road, Near Bus Stand, Karnataka, 560001	in
S1-00401	Iyer Traders and Sons	118/11, Market Road, Near Bus Stand, Telangana, 500001	in
S1-00402	Apex Services Ltd	171/6, Tower A, Near Bus Stand, Bengaluru, Karnataka, 560001	in
S1-00403	Krishna Industries Pvt. Ltd.	 Near Bus Stand, Lucknow, Uttar Pradesh, 226001	in
S1-00404	Delta Foods & Sons	 Hill Road, Near Bus Stand, Hyderabad, 500001	in
S1-00405	Krishna Electronics Co	191/10, Near Bus Stand, Bengaluru, Karnataka, 560001	in
S1-00406	Smart Tech Company	103/109, Nehru Nagar, Mumbai, Maharashtra, 400001	in
S1-00407	Khan Agro Co	379/57, Near Bus Stand, Bengaluru, Karnataka	in
S1-00408	Blue Industries Pvt. Ltd.	325/120, Sector 21, Chennai, Tamil Nadu	in
S1-00409	Star Traders Inc	1854 Gandhi Road, MA, 02108	us
S1-00410	Iyer Solutions Pvt Ltd	5337 Anna Salai, Seattle, WA, 98101	us
S1-00411	Crystal Solutions Corp	368/4, Temple Street, Near Bus Stand, Tamil Nadu, 600001	in
S1-00412	Green Oils and Sons	113/22, MG Road, Near Bus Stand, Chennai, Tamil Nadu	in
S1-00413	Prime Motors & Sons	2343 Hill Road, Boston, MA	us
S1-00414	Global Exports Corporation	 Portland, OR, 97201	us
S1-00415	Blue Electronics and Sons	215/3, Hill Road, Near Bus Stand, Pune, 411001	in
S1-00416	Gupta Foods Limited	375/51, Plot 44, Lucknow, Uttar Pradesh, 226001	in
S1-00417	Khan Imports Pvt. Ltd.	149/113, Block C, Near Bus Stand, Mumbai, Maharashtra, 400001	in
S1-00418	Smart Systems Pvt Ltd	103/115, Near Bus Stand, Kochi, Kerala	in
S1-00419	Ganesh Traders Co	127/29, Sector 21, Near Bus Stand, Mumbai, Maharashtra, 400001	in
S1-00420	Ganesh Traders Pvt. Ltd.	64/30, Gandhi Road, Near Bus Stand, Rajasthan, 302001	in
S1-00421	Shree Solutions Corporation	6472 Tower A, 98101	us
S1-00422	Green Exports Pvt Ltd	 Phoenix, AZ, 85001	us
S1-00423	Ganesh Services & Sons	 Phoenix, AZ, 85001	us
S1-00424	Reddy Solutions Pvt Ltd	126/159, Near Bus Stand, Lucknow, Uttar Pradesh	in
S1-00425	Delta Electronics Inc	3831 Gandhi Road, MA	us
S1-00426	Vertex Agro & Sons	392/140, Opposite Court, Lucknow, Uttar Pradesh, 226001	in
S1-00427	Prime Motors Private Limited	3/151, Opposite Court, Near Bus Stand, Chennai, 600001	in
S1-00428	Sigma Motors Pvt Ltd	112 Park Street, Atlanta, GA	us
S1-00429	Modern Services and Sons	 Near Bus Stand, Near Bus Stand, Pune, Maharashtra, 411001	in
S1-00430	Nova Industries Inc	 Temple Street, Near Bus Stand, Lucknow, 226001	in
S1-00431	Elite Technologies Limited	1469 Anna Salai, 80202	us
S1-00432	Prime Enterprises and Sons	128/138, Near Bus Stand, Jaipur, 302001	in
S1-00433	Sigma Imports Corp	225/177, Block C, Near Bus Stand, 560001	in
S1-00434	Prime Motors & Sons	248/124, MG Road, Near Bus Stand, Kochi, Kerala, 682001	in
S1-00435	Patel Rice Corp	350/177, Block C, Near Bus Stand, Hyderabad	in
S1-00436	New Rice Limited	128/41, Chennai, Tamil Nadu, 600001	in
S1-00437	Khan Imports Pvt. Ltd.	41/24, Temple Street, Hyderabad, Telangana, 500001	in
S1-00438	Sunrise Textiles Pvt Ltd	393/184, MG Road, Near Bus Stand, Jaipur, Rajasthan, 302001	in
S1-00439	Iyer Textiles LLC	171/11, Tower A, Near Bus Stand, Maharashtra	in
S1-00440	Nova Electronics Corporation	120/36, Lucknow, Uttar Pradesh, 226001	in
S1-00441	Smart Tech Company	 Gandhi Road, Near Bus Stand, Chennai, Tamil Nadu, 600001	in
S1-00442	Gupta Exports Ltd	2473 Church Street, Boston, MA, 02108	us
S1-00443	Green Rice Ltd	294/154, Near Bus Stand, Chennai, Tamil Nadu	in
S1-00444	Zenith Traders Corp	9054 Sector 21, Miami, FL, 33101	us
S1-00445	Nair Technologies Corporation	3996 Gandhi Road, GA, 30301	us
S1-00446	Star Exports Ltd	9012 MG Road, Seattle	us
S1-00447	Reddy Exports Company	 WA, 98101	us
S1-00448	Prime Motors & Sons	155/161, Near Bus Stand, Bengaluru, 560001	in
S1-00449	Apex Consultants Private Limited	103/91, Nehru Nagar, Near Bus Stand, Jaipur, Rajasthan, 302001	in
S1-00450	Krishna Traders Co	3099 Temple Street, Seattle, WA, 98101	us
S1-00451	Blue Agro Corp	373/163, Gandhi Road, Near Bus Stand, Mumbai, Maharashtra, 400001	in
S1-00452	Vertex Oils Corporation	267/139, Near Bus Stand, Lucknow, Uttar Pradesh, 226001	in
S1-00453	Khan Imports Company	192/128, Market Road, Chennai, 600001	in
S1-00454	Silver Exports Pvt. Ltd.	9205 Plot 44, Miami, FL, 33101	us
S1-00455	Royal Cafe Private Limited	6031 Gandhi Road, Boston, 02108	us
S1-00456	Krishna Pharma Co	 Portland, 97201	us
S1-00457	Star Solutions Company	 Denver, 80202	us
S1-00458	Patel Rice Ltd	357/152, Temple Street, Near Bus Stand, Mumbai, Maharashtra, 400001	in
S1-00459	Sharma Logistics Inc.	9880 Park Street, Austin, TX, 78701	us
S1-00460	Apex Enterprises Co	 Portland, 97201	us
S1-00461	Singh Services Company	 Boston, MA, 02108	us
S1-00462	Royal Cafe Corporation	96/72, Church Street, Near Bus Stand, Bengaluru, Karnataka, 560001	in
S1-00463	Patel Electronics Inc.	335/194, Temple Street, Telangana, 500001	in
S1-00464	Green Motors Inc	 Temple Street, Near Bus Stand, Pune, 411001	in
S1-00465	Elite Systems Pvt. Ltd.	 Gandhi Road, Near Bus Stand, Rajasthan, 302001	in
S1-00466	Nair Agro Limited	332/123, Nehru Nagar, Jaipur, Rajasthan	in
S1-00467	Smart Solutions Corporation	 Boston, MA	us
S1-00468	Shree Services Inc.	978 Plot 44, Miami, FL, 33101	us
S1-00469	Apex Foods Private Limited	306/127, Market Road, Near Bus Stand, Jaipur, Rajasthan, 302001	in
S1-00470	Blue Logistics Pvt Ltd	 Plot 44, Near Bus Stand, Mumbai, Maharashtra, 400001	in
S1-00471	Star Oils & Sons	 MA, 02108	us
S1-00472	Elite Agro Private Limited	113/84, Nehru Nagar, Near Bus Stand, Chennai, Tamil Nadu, 600001	in
S1-00473	Sigma Services Inc.	378/4, Opposite Court, Near Bus Stand, Kochi, Kerala	in
S1-00474	Khan Imports Limited	84/153, Block C, Lucknow, Uttar Pradesh, 226001	in
S1-00475	New Exports Company	18/35, MG Road, Uttar Pradesh, 226001	in
S1-00476	Ganesh Traders & Sons	 Seattle, 98101	us
S1-00477	Blue Technologies Inc	5080 Park Street, Phoenix, AZ, 85001	us
S1-00478	Blue Technologies LLC	227/69, Near Bus Stand, Near Bus Stand, Kochi, Kerala	in
S1-00479	Silver Textiles pvt ltd.	 Park Street, Near Bus Stand, Telangana, 500001	in
S1-00480	Blue Services Co	343/128, Plot 44, Near Bus Stand, Lucknow, Uttar Pradesh, 226001	in
S1-00481	Green Traders Inc	1518 Station Road, Phoenix, AZ, 85001	us
S1-00482	Khan Pharma Inc.	8298 Temple Street, Boston, MA, 02108	us
S1-00483	Ganesh Traders Inc.	372/74, MG Road, Bengaluru, 560001	in
S1-00484	Prime Services & Sons	 Lake View Road, Near Bus Stand, Bengaluru, Karnataka, 560001	in
S1-00485	Green Electronics Corporation	108/29, Station Road, Near Bus Stand, Bengaluru, Karnataka, 560001	in
S1-00486	Nair Solutions Inc	7444 Market Road, Boston	us
S1-00487	Star Consultants Corp	4679 Tower A, OR, 97201	us
S1-00488	Delta Traders & Sons	47/18, MG Road, Near Bus Stand, Rajasthan, 302001	in
S1-00489	Nova Systems Limited	9645 Station Road, Phoenix, AZ, 85001	us
S1-00490	Smart Tech Corp	3181 Market Road, Denver, 80202	us
S1-00491	Green Foods and Sons	5490 MG Road, Denver, CO, 80202	us
S1-00492	Vertex Industries Company	 Hill Road, Near Bus Stand, Jaipur, Rajasthan, 302001	in
S1-00493	Crystal Exports Corporation	244/17, Lake View Road, Near Bus Stand, Hyderabad, Telangana, 500001	in
S1-00494	Elite Motors Pvt Ltd	289/96, Station Road, Near Bus Stand, Chennai, Tamil Nadu, 600001	in
S1-00495	Silver Industries and Sons	62/47, Hill Road, Near Bus Stand, Uttar Pradesh, 226001	in
S1-00496	Silver Technologies Corporation	9927 MG Road, Phoenix	us
S1-00497	Apex Foods & Sons	252/70, Near Bus Stand, Near Bus Stand, Kochi, Kerala, 682001	in
S1-00498	Sai Oils & Sons	92/136, Park Street, Near Bus Stand, Jaipur, Rajasthan, 302001	in
S1-00499	Crystal Traders Company	311/55, Temple Street, Near Bus Stand, Hyderabad, Telangana, 500001	in
S1-00500	Orion Consultants Corporation	359/69, Temple Street, Near Bus Stand, Uttar Pradesh, 226001	in
S1-00501	Orion Oils LLC	 Near Bus Stand, Lucknow, Uttar Pradesh, 226001	in
S1-00502	Vertex Imports Limited	771 Opposite Court, Boston, MA, 02108	us
S1-00503	Blue Enterprises Inc	272/14, Nehru Nagar, Near Bus Stand, Bengaluru, Karnataka, 560001	in
S1-00504	Prime Motors Inc.	164/163, Opposite Court, Near Bus Stand, Kerala, 682001	in
S1-00505	Golden Services LLC	376/187, Park Street, Near Bus Stand, Rajasthan, 302001	in
S1-00506	New Agro and Sons	 Near Bus Stand, Lucknow, Uttar Pradesh, 226001	in
S1-00507	Apex Logistics LLC	 Gandhi Road, Near Bus Stand, Hyderabad, Telangana, 500001	in
S1-00508	Nair Pharma Company	9390 Sector 21, Portland, OR, 97201	us
S1-00509	Elite Exports Ltd	2172 Block C, Boston, MA, 02108	us
S1-00510	Zenith Foods & Sons	1291 Near Bus Stand, Seattle, WA, 98101	us
S1-00511	Ganesh Traders Pvt Ltd	44/59, Hill Road, Near Bus Stand, Mumbai, Maharashtra, 400001	in
S1-00512	Apex Consultants Corp	95/63, Nehru Nagar, Near Bus Stand, Pune, Maharashtra, 411001	in
S1-00513	Ganesh Logistics Corp	4308 Church Street, Seattle, WA, 98101	us
S1-00514	Shree Foods Private Limited	75/68, Near Bus Stand, Bengaluru, 560001	in
S1-00515	Orion Pharma Inc.	60/5, Gandhi Road, Near Bus Stand, Lucknow, Uttar Pradesh, 226001	in
S1-00516	Vertex Oils and Sons	326/139, Plot 44, Pune, 411001	in
S1-00517	Sharma Electronics Private Limited	506 Temple Street, Seattle, WA, 98101	us
S1-00518	Prime Motors Inc	 Austin, 78701	us
S1-00519	Sai Enterprises Private Limited	274/162, Near Bus Stand, Telangana, 500001	in
S1-00520	Prime Technologies and Sons	373 Gandhi Road, Miami, 33101	us
S1-00521	Global Consultants Corporation	180/15, Near Bus Stand, Jaipur, Rajasthan, 302001	in
S1-00522	Krishna Services Corporation	 Austin, TX, 78701	us
S1-00523	Star Industries Co	372/132, Station Road, Pune, 411001	in
S1-00524	Delta Oils LLC	4690 Station Road, Boston, MA, 02108	us
S1-00525	Royal Cafe Pvt. Ltd.	151/60, Opposite Court, Kochi, Kerala, 682001	in
S1-00526	New Industries Limited	 Lake View Road, Pune, Maharashtra, 411001	in
S1-00527	Patel Textiles and Sons	 Miami, FL, 33101	us
S1-00528	Patel Logistics pvt ltd.	 Near Bus Stand, Kochi, Kerala, 682001	in
S1-00529	Krishna Enterprises Inc.	198/30, Sector 21, Bengaluru, Karnataka, 560001	in
S1-00530	Silver Technologies Pvt. Ltd.	8019 Hill Road, 98101	us
S1-00531	Silver Consultants LLC	147/60, Lake View Road, Pune, Maharashtra	in
S1-00532	Royal Cafe Corp	 Boston, 02108	us
S1-00533	Krishna Rice Inc	270/79, Near Bus Stand, Telangana, 500001	in
S1-00534	Gupta Technologies Co	4756 Block C, Boston, MA, 02108	us
S1-00535	Star Enterprises Limited	 Sector 21, Near Bus Stand, Maharashtra, 411001	in
S1-00536	Smart Enterprises Pvt Ltd	 Atlanta, 30301	us
S1-00537	Singh Foods Corp	390 Park Street, Boston, MA, 02108	us
S1-00538	New Enterprises pvt ltd.	9975 Sector 21, 78701	us
S1-00539	Apex Foods Company	 Phoenix, AZ, 85001	us
S1-00540	Patel Oils LLC	343/165, Lucknow, Uttar Pradesh, 226001	in
S1-00541	Royal Motors pvt ltd.	214/189, Near Bus Stand, Kochi, Kerala	in
S1-00542	Elite Oils Corporation	 Lake View Road, Near Bus Stand, Maharashtra, 411001	in
S1-00543	Apex Logistics Ltd	47/122, Near Bus Stand, Near Bus Stand, Telangana	in
S1-00544	Elite Consultants Corporation	233/145, Hill Road, Chennai, 600001	in
S1-00545	Global Motors Corp	140/69, Gandhi Road, Near Bus Stand, 302001	in
S1-00546	Royal Cafe & Sons	504 Nehru Nagar, Austin	us
S1-00547	Reddy Foods and Sons	5324 Church Street, Denver, CO, 80202	us
S1-00548	Elite Services Pvt. Ltd.	2543 Block C, Atlanta, 30301	us
S1-00549	Star Electronics & Sons	1503 Anna Salai, Phoenix, 85001	us
S1-00550	Sai Industries Corp	 Tower A, Near Bus Stand, Chennai, Tamil Nadu	in
S1-00551	Orion Textiles pvt ltd.	252/1, Near Bus Stand, Near Bus Stand, Kochi, Kerala, 682001	in
S1-00552	Singh Systems pvt ltd.	 Seattle, WA, 98101	us
S1-00553	Ganesh Traders & Sons	3475 Lake View Road, Atlanta	us
S1-00554	Golden Systems & Sons	7980 Sector 21, MA, 02108	us
S1-00555	Singh Pharma Inc.	3756 Park Street, MA, 02108	us
S1-00556	Green Agro Corporation	221/19, Church Street, Pune, Maharashtra, 411001	in
S1-00557	Blue Services & Sons	337/20, Church Street, Mumbai, Maharashtra	in
S1-00558	Golden Exports Inc.	15/22, Church Street, Near Bus Stand, Mumbai, Maharashtra, 400001	in
S1-00559	Crystal Exports Inc	121/69, Lake View Road, Kochi, Kerala	in
S1-00560	Royal Cafe Inc	7682 Sector 21, TX	us
S1-00561	Crystal Enterprises Pvt Ltd	172/184, Kochi, Kerala, 682001	in
S1-00562	Gupta Electronics Limited	9120 Gandhi Road, Seattle, 98101	us
S1-00563	Sunrise Motors Corporation	8771 Hill Road, Miami, 33101	us
S1-00564	Golden Traders Private Limited	699 Sector 21, Austin, TX, 78701	us
S1-00565	Royal Logistics Co	 Boston, MA, 02108	us
S1-00566	Royal Consultants Private Limited	5785 Tower A, Denver, CO	us
S1-00567	Apex Foods Private Limited	2508 Lake View Road, GA, 30301	us
S1-00568	Orion Traders Inc.	 Phoenix, AZ, 85001	us
S1-00569	New Enterprises Private Limited	 Phoenix, 85001	us
S1-00570	Apex Pharma Limited	149/181, Near Bus Stand, Mumbai, Maharashtra	in
S1-00571	Star Enterprises and Sons	163/34, Temple Street, Mumbai, Maharashtra, 400001	in
S1-00572	Patel Systems Corp	5309 Lake View Road, Miami, FL, 33101	us
S1-00573	Modern Electronics Pvt. Ltd.	 TX, 78701	us
S1-00574	Royal Cafe Inc	 Portland, OR	us
S1-00575	Global Enterprises Co	112/176, Near Bus Stand, Mumbai, Maharashtra	in
S1-00576	Shree Logistics Inc	214/160, Tower A, Near Bus Stand, Kochi, Kerala, 682001	in
S1-00577	Global Technologies LLC	210/169, Block C, Near Bus Stand, Rajasthan	in
S1-00578	Vertex Solutions Inc	399/44, Temple Street, Near Bus Stand, Bengaluru, 560001	in
S1-00579	Prime Rice Inc	 Boston, 02108	us
S1-00580	Royal Oils Corporation	6105 Lake View Road, Austin, TX, 78701	us
S1-00581	Apex Foods Private Limited	390/99, Near Bus Stand, Bengaluru, Karnataka, 560001	in
S1-00582	Sigma Agro Co	 Hill Road, Near Bus Stand, Pune, 411001	in
S1-00583	Sai Services Company	3886 Temple Street, Boston, MA, 02108	us
S1-00584	Sunrise Imports Pvt. Ltd.	39/151, Sector 21, Near Bus Stand, Uttar Pradesh	in
S1-00585	Smart Solutions Pvt. Ltd.	6550 Anna Salai, AZ, 85001	us
S1-00586	Star Systems Pvt. Ltd.	77/193, MG Road, Near Bus Stand, Hyderabad, 500001	in
S1-00587	Singh Enterprises and Sons	5707 Opposite Court, Austin, TX, 78701	us
S1-00588	Royal Cafe and Sons	8273 MG Road, Denver	us
S1-00589	Khan Logistics Pvt. Ltd.	7957 Gandhi Road, Phoenix, AZ	us
S1-00590	Das Foods Corporation	 CO, 80202	us
S1-00591	Iyer Pharma Inc	369/45, Near Bus Stand, Mumbai, Maharashtra	in
S1-00592	Shree Systems Corporation	166/140, Near Bus Stand, Maharashtra, 411001	in
S1-00593	Sigma Motors and Sons	371/25, Near Bus Stand, Bengaluru, 560001	in
S1-00594	Green Agro Inc	 Portland, OR, 97201	us
S1-00595	Prime Motors Corporation	1885 Lake View Road, Phoenix, AZ, 85001	us
S1-00596	Global Agro Inc.	3579 Hill Road, Boston, MA	us
S1-00597	Iyer Industries Corp	358/66, Near Bus Stand, Near Bus Stand, Telangana, 500001	in
S1-00598	Gupta Motors and Sons	 Denver, CO, 80202	us
S1-00599	Vertex Consultants Company	 Anna Salai, Near Bus Stand, Pune, Maharashtra, 411001	in
S1-00600	Orion Services Pvt. Ltd.	118/25, Park Street, Kochi, Kerala, 682001	in
S1-00601	Apex Motors Pvt. Ltd.	225/161, Lake View Road, Tamil Nadu, 600001	in
S1-00602	Royal Cafe Pvt Ltd	8269 Opposite Court, Atlanta, 30301	us
S1-00603	Singh Technologies LLC	97/25, Market Road, Near Bus Stand, Hyderabad, Telangana	in
S1-00604	Nova Enterprises pvt ltd.	163/156, MG Road, Near Bus Stand, Lucknow, 226001	in
S1-00605	Silver Rice Company	6404 Near Bus Stand, Portland, OR, 97201	us
S1-00606	Blue Enterprises Inc.	 Seattle, WA, 98101	us
S1-00607	Nair Systems Corp	5625 Church Street, MA, 02108	us
S1-00608	Smart Consultants Pvt. Ltd.	3952 Plot 44, Phoenix, AZ, 85001	us
S1-00609	Prime Motors Pvt Ltd	170/168, Station Road, Near Bus Stand, Mumbai, Maharashtra, 400001	in
S1-00610	Sunrise Consultants Ltd	8130 Hill Road, Boston, MA	us
S1-00611	Crystal Technologies Pvt Ltd	1816 Market Road, Atlanta, GA, 30301	us
S1-00612	Elite Foods Inc	381/143, Near Bus Stand, Near Bus Stand, Pune, Maharashtra, 411001	in
S1-00613	Vertex Logistics Co	1307 MG Road, FL, 33101	us
S1-00614	Singh Enterprises and Sons	4145 Near Bus Stand, GA, 30301	us
S1-00615	Sharma Traders Limited	209/132, Nehru Nagar, Near Bus Stand, Mumbai, Maharashtra, 400001	in
S1-00616	Prime Motors Inc	113/43, Near Bus Stand, Telangana, 500001	in
S1-00617	Delta Enterprises Private Limited	3849 Temple Street, 78701	us
S1-00618	Iyer Logistics Corp	8538 Block C, Boston, MA, 02108	us
S1-00619	Apex Agro LLC	4741 Church Street, Denver, CO, 80202	us
S1-00620	Elite Electronics Ltd	299/26, Near Bus Stand, Near Bus Stand, Chennai, Tamil Nadu, 600001	in
S1-00621	Vertex Foods Pvt. Ltd.	339/34, Near Bus Stand, Pune, Maharashtra, 411001	in
S1-00622	Patel Imports Company	 Austin, TX	us
S1-00623	Ganesh Traders pvt ltd.	136/60, Opposite Court, Near Bus Stand, Bengaluru, 560001	in
S1-00624	Nova Industries Corporation	30/84, Church Street, Near Bus Stand, Chennai, Tamil Nadu, 600001	in
S1-00625	Krishna Exports Corporation	373/133, Tower A, Near Bus Stand, Kochi, Kerala, 682001	in
S1-00626	Apex Enterprises pvt ltd.	5792 Station Road, Boston, 02108	us
S1-00627	Shree Electronics LLC	 Portland, OR, 97201	us
S1-00628	Krishna Imports Co	 Near Bus Stand, Chennai, Tamil Nadu, 600001	in
S1-00629	Delta Electronics Inc	1791 MG Road, Austin, TX	us
S1-00630	Prime Motors and Sons	10/168, Opposite Court, Near Bus Stand, Hyderabad	in
S1-00631	Khan Solutions Limited	9723 Opposite Court, Phoenix, 85001	us
S1-00632	Patel Oils Corporation	334/88, Near Bus Stand, Kochi, Kerala, 682001	in
S1-00633	Singh Foods Inc.	34/102, Opposite Court, Uttar Pradesh, 226001	in
S1-00634	Apex Enterprises & Sons	48/74, Plot 44, Near Bus Stand, Kochi, Kerala	in
S1-00635	Krishna Enterprises Limited	4736 MG Road, Atlanta	us
S1-00636	Patel Agro Private Limited	56/103, MG Road, Near Bus Stand, Bengaluru, 560001	in
S1-00637	Apex Foods Corporation	255/69, Plot 44, Near Bus Stand, Tamil Nadu, 600001	in
S1-00638	Iyer Services Private Limited	2192 Park Street, Austin, TX, 78701	us
S1-00639	Royal Solutions Private Limited	207/37, Near Bus Stand, Near Bus Stand, Hyderabad, Telangana, 500001	in
S1-00640	Singh Foods Pvt Ltd	154/11, Near Bus Stand, Mumbai, 400001	in
S1-00641	Delta Agro Limited	4189 Hill Road, Denver, CO, 80202	us
S1-00642	Ganesh Systems LLC	 GA, 30301	us
S1-00643	Silver Pharma Pvt. Ltd.	143/30, Anna Salai, Near Bus Stand, Mumbai, Maharashtra, 400001	in
S1-00644	Apex Foods Corp	 Portland, OR, 97201	us
S1-00645	Shree Oils Corporation	3650 Anna Salai, Seattle, 98101	us
S1-00646	New Exports & Sons	5881 Anna Salai, Portland, 97201	us
S1-00647	Sai Consultants pvt ltd.	194/27, Station Road, Near Bus Stand, Chennai, 600001	in
S1-00648	Khan Industries Ltd	102/61, Lake View Road, Chennai, 600001	in
S1-00649	Nova Enterprises Corp	9309 Sector 21, Atlanta, GA, 30301	us
S1-00650	Patel Agro LLC	218/87, Lake View Road, Near Bus Stand, Mumbai, Maharashtra, 400001	in
S1-00651	Royal Cafe Pvt. Ltd.	9613 Anna Salai, Phoenix, AZ, 85001	us
S1-00652	Sharma Pharma Inc	 Anna Salai, Near Bus Stand, Lucknow, Uttar Pradesh, 226001	in
S1-00653	Shree Motors Corporation	2710 MG Road, Phoenix, AZ, 85001	us
S1-00654	Sigma Systems Inc	 Portland, OR	us
S1-00655	Patel Textiles Limited	1501 Park Street, Boston	us
S1-00656	Golden Solutions Company	219/28, Temple Street, Near Bus Stand, Hyderabad, Telangana, 500001	in
S1-00657	Green Textiles Corp	140/18, Tower A, Chennai, Tamil Nadu, 600001	in
S1-00658	Ganesh Traders Co	 Miami, FL	us
S1-00659	Royal Consultants Inc	9849 Gandhi Road, WA, 98101	us
S1-00660	Crystal Services Ltd	 Seattle, 98101	us
S1-00661	Delta Solutions pvt ltd.	7/67, Church Street, Near Bus Stand, Telangana, 500001	in
S1-00662	Nair Consultants Pvt Ltd	189/105, Nehru Nagar, Near Bus Stand, Lucknow, Uttar Pradesh, 226001	in
S1-00663	Krishna Systems Inc	321/64, Gandhi Road, Near Bus Stand, Pune, Maharashtra, 411001	in
S1-00664	New Rice Private Limited	94/15, Near Bus Stand, Near Bus Stand, Mumbai, Maharashtra, 400001	in
S1-00665	Prime Motors and Sons	9959 Block C, Denver, CO	us
S1-00666	Crystal Traders Inc.	 Atlanta, GA	us
S1-00667	Elite Motors LLC	8077 Block C, Portland, OR, 97201	us
S1-00668	Silver Enterprises Pvt Ltd	 Miami, 33101	us
S1-00669	Khan Enterprises Inc.	 CO, 80202	us
S1-00670	Vertex Technologies Corp	8514 Temple Street, Denver, CO, 80202	us
S1-00671	Gupta Consultants Corp	363/137, Block C, Near Bus Stand, Pune, Maharashtra, 411001	in
S1-00672	Prime Motors Inc	135/41, Near Bus Stand, Pune, Maharashtra, 411001	in
S1-00673	Singh Solutions Inc	7215 Hill Road, Denver, CO, 80202	us
S1-00674	Orion Systems Corp	175/134, Sector 21, Maharashtra, 400001	in
S1-00675	Nair Industries Inc	3563 Near Bus Stand, Phoenix, AZ, 85001	us
S1-00676	Das Consultants Corporation	9276 Nehru Nagar, Denver, CO, 80202	us
S1-00677	Blue Enterprises Co	 Boston, MA, 02108	us
S1-00678	Shree Systems Pvt Ltd	511 Park Street, Phoenix, 85001	us
S1-00679	Smart Tech Pvt Ltd	163/72, Near Bus Stand, Jaipur, Rajasthan, 302001	in
S1-00680	Sai Enterprises and Sons	370/190, Hill Road, Near Bus Stand, Mumbai, Maharashtra, 400001	in
S1-00681	Khan Foods and Sons	5387 Market Road, Portland, OR, 97201	us
S1-00682	Green Solutions and Sons	157/51, Sector 21, Near Bus Stand, Bengaluru, Karnataka	in
S1-00683	Sai Services Inc	7256 Opposite Court, GA	us
S1-00684	Golden Consultants & Sons	33/92, Near Bus Stand, Bengaluru, Karnataka	in
S1-00685	Nair Foods Corporation	7889 Near Bus Stand, Portland, 97201	us
S1-00686	Royal Cafe Co	142/60, Opposite Court, Near Bus Stand, Hyderabad, Telangana, 500001	in
S1-00687	Sunrise Logistics pvt ltd.	41/112, Plot 44, Near Bus Stand, Chennai, 600001	in
S1-00688	Delta Enterprises Pvt Ltd	6705 MG Road, Miami, FL	us
S1-00689	Vertex Logistics Corporation	7586 Station Road, CO, 80202	us
S1-00690	Iyer Technologies Corporation	1797 Opposite Court, Miami, FL, 33101	us
S1-00691	Sai Electronics Corp	2321 Sector 21, Austin, TX	us
S1-00692	Das Industries Pvt. Ltd.	8/14, Plot 44, Near Bus Stand, Pune, Maharashtra, 411001	in
S1-00693	Apex Foods Inc	25/134, Temple Street, Near Bus Stand, Lucknow, Uttar Pradesh	in
S1-00694	Sai Exports Corporation	91/116, Station Road, Near Bus Stand, Hyderabad, 500001	in
S1-00695	Singh Rice Private Limited	 Austin, TX, 78701	us
S1-00696	Vertex Industries Corp	4029 Plot 44, Denver, CO, 80202	us
S1-00697	Gupta Systems Corp	777 Hill Road, FL	us
S1-00698	Royal Traders Co	8410 MG Road, Atlanta, GA, 30301	us
S1-00699	Vertex Rice and Sons	7382 Park Street, Boston, MA	us
S1-00700	Ganesh Traders Corporation	114/44, Temple Street, Hyderabad, Telangana, 500001	in
S1-00701	Vertex Systems & Sons	9341 MG Road, Seattle, WA, 98101	us
S1-00702	Delta Industries Company	6315 Temple Street, Phoenix, AZ, 85001	us
S1-00703	Blue Technologies pvt ltd.	360/146, Sector 21, Near Bus Stand, Rajasthan, 302001	in
S1-00704	Sai Traders Corp	9484 MG Road, Boston, MA, 02108	us
S1-00705	Gupta Enterprises pvt ltd.	123/67, Block C, Near Bus Stand, 682001	in
S1-00706	Apex Logistics & Sons	5488 Tower A, Boston	us
S1-00707	Royal Cafe Limited	 Gandhi Road, Near Bus Stand, Bengaluru, 560001	in
S1-00708	Prime Pharma LLC	379/66, Plot 44, Hyderabad, Telangana	in
S1-00709	Nair Imports & Sons	130/192, Block C, Kochi, Kerala, 682001	in
S1-00710	Crystal Pharma LLC	263/98, Near Bus Stand, Tamil Nadu, 600001	in
S1-00711	Zenith Solutions Pvt Ltd	8166 Temple Street, Denver, CO	us
S1-00712	Vertex Exports Co	767 Nehru Nagar, Portland, OR, 97201	us
S1-00713	Blue Industries and Sons	310/197, Temple Street, Pune, Maharashtra, 411001	in
S1-00714	Smart Tech Pvt Ltd	334/34, Station Road, Near Bus Stand, Maharashtra, 411001	in
S1-00715	Green Electronics pvt ltd.	306/107, Park Street, Near Bus Stand, Mumbai	in
S1-00716	Das Solutions Inc	 MA, 02108	us
S1-00717	Nair Oils pvt ltd.	 Anna Salai, Near Bus Stand, Kochi, 682001	in
S1-00718	Patel Motors Corporation	8207 Station Road, TX	us
S1-00719	Iyer Rice Inc.	6656 Block C, Phoenix, AZ	us
S1-00720	Zenith Solutions Private Limited	6965 Tower A, 78701	us
S1-00721	Apex Foods Ltd	318/112, Near Bus Stand, Near Bus Stand, Hyderabad, Telangana, 500001	in
S1-00722	Sunrise Foods Pvt. Ltd.	9083 Tower A, Phoenix, AZ	us
S1-00723	Green Logistics and Sons	389/153, Anna Salai, Near Bus Stand, Bengaluru, Karnataka, 560001	in
S1-00724	Singh Rice Pvt Ltd	294/69, MG Road, Near Bus Stand, Hyderabad, Telangana, 500001	in
S1-00725	Silver Imports pvt ltd.	 Hill Road, Near Bus Stand, Tamil Nadu, 600001	in
S1-00726	Silver Agro Inc.	 Austin, TX, 78701	us
S1-00727	Green Services and Sons	 Seattle, WA, 98101	us
S1-00728	Apex Foods Inc.	7471 Plot 44, Boston, 02108	us
S1-00729	Golden Electronics LLC	5838 Hill Road, Austin, TX	us
S1-00730	Delta Technologies & Sons	339/171, Station Road, Near Bus Stand, Lucknow, Uttar Pradesh, 226001	in
S1-00731	Delta Exports Inc	93/137, Nehru Nagar, Near Bus Stand, Lucknow, Uttar Pradesh, 226001	in
S1-00732	Sunrise Electronics Inc.	311/48, Near Bus Stand, Mumbai, Maharashtra	in
S1-00733	Sai Pharma & Sons	243/3, Plot 44, Near Bus Stand, Lucknow, Uttar Pradesh, 226001	in
S1-00734	Golden Foods Pvt Ltd	7456 Anna Salai, Phoenix, 85001	us
S1-00735	Royal Cafe Limited	 Seattle, WA, 98101	us
S1-00736	Shree Oils Co	178/32, Sector 21, Near Bus Stand, 560001	in
S1-00737	Vertex Services Inc.	5089 Anna Salai, GA	us
S1-00738	Sharma Services Corporation	410 Station Road, Phoenix, AZ	us
S1-00739	Sharma Enterprises Private Limited	125/198, Near Bus Stand, Chennai, Tamil Nadu, 600001	in
S1-00740	Prime Enterprises Corp	13/176, Anna Salai, Near Bus Stand, Pune, Maharashtra, 411001	in
S1-00741	Silver Systems Limited	8347 MG Road, Boston, 02108	us
S1-00742	Apex Foods Ltd	3348 Market Road, Phoenix, AZ, 85001	us
S1-00743	Sai Services and Sons	 Lake View Road, Near Bus Stand, Jaipur, Rajasthan, 302001	in
S1-00744	Patel Electronics LLC	3340 Hill Road, 85001	us
S1-00745	Delta Imports Corp	699 Nehru Nagar, Atlanta, GA, 30301	us
S1-00746	Elite Imports Private Limited	308/50, Gandhi Road, Near Bus Stand, 400001	in
S1-00747	Delta Foods Inc.	 Block C, Bengaluru, Karnataka, 560001	in
S1-00748	Das Enterprises Pvt. Ltd.	108/10, Lake View Road, Near Bus Stand, Pune, 411001	in
S1-00749	Apex Foods LLC	22/158, Near Bus Stand, Mumbai, Maharashtra, 400001	in
S1-00750	Vertex Imports Corp	5014 Lake View Road, Denver, CO, 80202	us
S1-00751	Gupta Rice Inc	1868 Hill Road, Denver, CO, 80202	us
S1-00752	Reddy Textiles Pvt Ltd	 Austin, 78701	us
S1-00753	Nova Logistics Inc.	196/198, Hill Road, Near Bus Stand, Chennai, 600001	in
S1-00754	Patel Agro Pvt Ltd	2138 MG Road, MA	us
S1-00755	Smart Logistics LLC	384/75, Block C, Near Bus Stand, 560001	in
S1-00756	Apex Foods pvt ltd.	2267 Market Road, Austin, TX	us
S1-00757	Crystal Services Company	7487 Tower A, Seattle, WA, 98101	us
S1-00758	Star Industries Private Limited	265/32, Sector 21, Near Bus Stand, Telangana, 500001	in
S1-00759	Shree Electronics pvt ltd.	3293 Station Road, Seattle	us
S1-00760	Reddy Services Corp	7/93, Sector 21, Near Bus Stand, Bengaluru, Karnataka, 560001	in
S1-00761	Green Services LLC	7254 Anna Salai, Austin	us
S1-00762	Ganesh Agro Pvt Ltd	314/21, MG Road, Near Bus Stand, Pune	in
S1-00763	Ganesh Traders Private Limited	212/16, Tower A, Chennai, Tamil Nadu, 600001	in
S1-00764	Golden Enterprises Pvt. Ltd.	7283 Station Road, Denver, CO, 80202	us
S1-00765	Krishna Imports Co	 Portland, OR	us
S1-00766	Nova Electronics Inc.	40/20, Tower A, Near Bus Stand, Lucknow, Uttar Pradesh, 226001	in
S1-00767	Sigma Exports Inc	 Austin, TX, 78701	us
S1-00768	Sai Systems Corp	 Plot 44, Near Bus Stand, Chennai, Tamil Nadu, 600001	in
S1-00769	Das Services Corporation	 Block C, Near Bus Stand, Pune, Maharashtra, 411001	in
S1-00770	Apex Foods Ltd	372/154, Near Bus Stand, Lucknow, Uttar Pradesh, 226001	in
S1-00771	Patel Enterprises Private Limited	7717 MG Road, Miami	us
S1-00772	Krishna Motors Corp	 Temple Street, Near Bus Stand, Mumbai, Maharashtra, 400001	in
S1-00773	Nova Industries LLC	43/103, Hill Road, Near Bus Stand, Mumbai, Maharashtra, 400001	in
S1-00774	New Solutions Limited	253/132, Sector 21, Lucknow, 226001	in
S1-00775	Apex Oils Pvt. Ltd.	353/107, Near Bus Stand, Mumbai, Maharashtra, 400001	in
S1-00776	Star Motors & Sons	 Portland, OR	us
S1-00777	Prime Motors Corp	 CO, 80202	us
S1-00778	Global Traders Co	5761 Sector 21, Seattle, 98101	us
S1-00779	Das Services Private Limited	38/72, Mumbai, Maharashtra, 400001	in
S1-00780	Iyer Electronics Inc.	5669 Temple Street, Seattle	us
S1-00781	Das Oils Pvt Ltd	 Austin, TX, 78701	us
S1-00782	Delta Pharma Pvt Ltd	 Miami, FL, 33101	us
S1-00783	Green Oils Inc.	88/195, Near Bus Stand, Kochi, Kerala, 682001	in
S1-00784	Prime Motors and Sons	365/4, Anna Salai, Near Bus Stand, Hyderabad, Telangana, 500001	in
S1-00785	Vertex Electronics Corp	387/150, Station Road, Near Bus Stand, Lucknow, Uttar Pradesh, 226001	in
S1-00786	Modern Textiles pvt ltd.	1197 Park Street, Boston, 02108	us
S1-00787	Delta Imports Ltd	386/3, Near Bus Stand, Jaipur, Rajasthan, 302001	in
S1-00788	Shree Imports Ltd	9184 Block C, Portland	us
S1-00789	Patel Industries Company	4388 Anna Salai, Boston, MA	us
S1-00790	Sai Pharma Company	6536 Lake View Road, Denver, CO, 80202	us
S1-00791	Apex Foods Inc.	 Sector 21, Hyderabad, Telangana, 500001	in
S1-00792	Gupta Industries pvt ltd.	6977 Lake View Road, Seattle, WA, 98101	us
S1-00793	Singh Imports Private Limited	329/7, Near Bus Stand, Jaipur, Rajasthan	in
S1-00794	Sharma Motors Pvt Ltd	6995 Sector 21, Atlanta, GA	us
S1-00795	Reddy Industries Inc.	156/10, Near Bus Stand, Kochi, Kerala	in
S1-00796	Apex Solutions Limited	236/104, Anna Salai, Near Bus Stand, Kochi, Kerala, 682001	in
S1-00797	Nova Oils Inc.	 TX, 78701	us
S1-00798	Smart Tech LLC	391 Anna Salai, WA, 98101	us
S1-00799	Nair Oils Ltd	9721 Park Street, WA	us
S1-00800	Nair Consultants & Sons	119/85, Market Road, Near Bus Stand, Pune, Maharashtra, 411001	in
S1-00801	Apex Motors Inc	205/91, MG Road, Near Bus Stand, Telangana, 500001	in
S1-00802	Apex Enterprises Ltd	206/17, Temple Street, Near Bus Stand, Chennai, Tamil Nadu, 600001	in
S1-00803	Prime Pharma Inc.	319/60, Plot 44, Near Bus Stand, Kochi, Kerala, 682001	in
S1-00804	Nova Imports Inc	66/44, Park Street, Near Bus Stand, Pune, Maharashtra, 411001	in
S1-00805	Royal Cafe LLC	6848 Opposite Court, GA, 30301	us
S1-00806	Shree Electronics and Sons	364/184, Plot 44, Near Bus Stand, Mumbai, Maharashtra	in
S1-00807	Nair Electronics and Sons	6473 Temple Street, Miami, FL, 33101	us
S1-00808	Vertex Enterprises Ltd	209/6, Temple Street, Bengaluru, 560001	in
S1-00809	Blue Technologies Inc	374/61, Block C, Near Bus Stand, Chennai, Tamil Nadu	in
S1-00810	Nair Enterprises Co	2399 Tower A, TX, 78701	us
S1-00811	New Technologies Co	2044 Park Street, WA, 98101	us
S1-00812	Apex Foods & Sons	35/181, Church Street, Near Bus Stand, Mumbai, Maharashtra, 400001	in
S1-00813	Silver Exports Corporation	18/183, Lake View Road, Near Bus Stand, Mumbai, Maharashtra, 400001	in
S1-00814	Royal Traders Pvt Ltd	144/27, Station Road, Near Bus Stand, Pune, Maharashtra, 411001	in
S1-00815	Silver Solutions Corporation	 Miami, FL	us
S1-00816	Prime Systems & Sons	114/99, Station Road, Near Bus Stand, Chennai, Tamil Nadu, 600001	in
S1-00817	Smart Traders Corp	 Hill Road, Chennai, Tamil Nadu, 600001	in
S1-00818	Silver Rice & Sons	274/4, Opposite Court, Near Bus Stand, Jaipur, Rajasthan, 302001	in
S1-00819	Ganesh Traders Company	7732 Hill Road, Austin, TX	us
S1-00820	Ganesh Consultants Pvt. Ltd.	 Boston, MA	us
S1-00821	Iyer Pharma Pvt Ltd	7568 MG Road, MA, 02108	us
S1-00822	Shree Rice Inc	8/99, Park Street, Near Bus Stand, Kochi, 682001	in
S1-00823	Reddy Systems & Sons	 Denver, CO, 80202	us
S1-00824	Vertex Enterprises Co	114/121, Church Street, Lucknow, Uttar Pradesh, 226001	in
S1-00825	Patel Pharma Inc.	478 Church Street, CO, 80202	us
S1-00826	Smart Tech LLC	 Portland, OR	us
S1-00827	Shree Traders Inc.	7258 Anna Salai, Portland, OR, 97201	us
S1-00828	Patel Exports pvt ltd.	 Denver, 80202	us
S1-00829	Crystal Agro Corp	 TX, 78701	us
S1-00830	Delta Imports Inc.	 Denver, CO, 80202	us
S1-00831	Reddy Logistics and Sons	235/35, Nehru Nagar, Near Bus Stand, Mumbai, Maharashtra, 400001	in
S1-00832	Gupta Industries Pvt Ltd	308/39, Lake View Road, Near Bus Stand, Mumbai, Maharashtra, 400001	in
S1-00833	Apex Foods Company	 MA, 02108	us
S1-00834	Crystal Enterprises and Sons	 Opposite Court, Near Bus Stand, Chennai, Tamil Nadu, 600001	in
S1-00835	Vertex Systems Inc.	114/152, MG Road, Near Bus Stand, Jaipur, Rajasthan, 302001	in
S1-00836	Shree Enterprises Private Limited	 Near Bus Stand, Lucknow, Uttar Pradesh, 226001	in
S1-00837	Elite Pharma Company	101/69, Nehru Nagar, Near Bus Stand, Lucknow, 226001	in
S1-00838	Golden Rice Company	 Near Bus Stand, Mumbai, Maharashtra, 400001	in
S1-00839	Das Systems and Sons	120/113, Lake View Road, Near Bus Stand, Chennai, Tamil Nadu, 600001	in
S1-00840	Royal Cafe pvt ltd.	240/75, Temple Street, Near Bus Stand, Kochi, Kerala, 682001	in
S1-00841	Orion Industries Ltd	113/24, Near Bus Stand, Chennai, Tamil Nadu	in
S1-00842	Global Agro Corporation	3590 Gandhi Road, Denver, CO, 80202	us
S1-00843	Vertex Pharma Pvt Ltd	190/186, Lake View Road, Near Bus Stand, Hyderabad, Telangana, 500001	in
S1-00844	Prime Consultants Co	3664 Church Street, Atlanta, GA, 30301	us
S1-00845	Shree Technologies Inc.	317/51, Anna Salai, Near Bus Stand, Bengaluru, 560001	in
S1-00846	Ganesh Logistics Inc	3103 Opposite Court, Portland, 97201	us
S1-00847	Apex Foods & Sons	9005 Near Bus Stand, Phoenix, 85001	us
S1-00848	Blue Enterprises Corporation	4537 Hill Road, Phoenix, AZ, 85001	us
S1-00849	Modern Oils Limited	147/71, Temple Street, Near Bus Stand, Kochi, Kerala, 682001	in
S1-00850	Reddy Enterprises Inc	2296 Plot 44, Denver, 80202	us
S1-00851	Nova Imports LLC	 Temple Street, Near Bus Stand, Bengaluru, Karnataka	in
S1-00852	Nova Rice Inc.	2746 Block C, TX	us
S1-00853	Star Technologies Company	22/151, Park Street, Near Bus Stand, Karnataka, 560001	in
S1-00854	Smart Tech LLC	973 Block C, Denver, CO	us
S1-00855	Smart Motors pvt ltd.	8271 Hill Road, Phoenix, AZ, 85001	us
S1-00856	Green Enterprises & Sons	254/127, Church Street, Near Bus Stand, Maharashtra	in
S1-00857	Sunrise Enterprises Company	 Near Bus Stand, Lucknow, Uttar Pradesh, 226001	in
S1-00858	Krishna Rice Private Limited	6646 Church Street, TX	us
S1-00859	Prime Systems Corp	56/27, Plot 44, Near Bus Stand, Pune, Maharashtra, 411001	in
S1-00860	Global Solutions Co	 Phoenix, 85001	us
S1-00861	Smart Tech LLC	 Near Bus Stand, Near Bus Stand, Telangana, 500001	in
S1-00862	Sigma Pharma Pvt. Ltd.	40/120, Near Bus Stand, Bengaluru, Karnataka	in
S1-00863	Khan Imports Inc.	361/177, MG Road, Near Bus Stand, Bengaluru, Karnataka, 560001	in
S1-00864	Star Oils Ltd	9377 Lake View Road, CO	us
S1-00865	Vertex Exports Company	8826 Block C, CO	us
S1-00866	Das Electronics Limited	8334 Church Street, 80202	us
S1-00867	Ganesh Solutions Corp	57/72, Near Bus Stand, Bengaluru, Karnataka	in
S1-00868	Apex Foods LLC	2/73, Near Bus Stand, Kochi, Kerala	in
S1-00869	Iyer Agro Pvt Ltd	4308 Sector 21, Miami	us
S1-00870	Sharma Motors Private Limited	344/147, Church Street, Kochi, Kerala, 682001	in
S1-00871	Smart Motors Pvt Ltd	144/30, Market Road, Near Bus Stand, Pune, 411001	in
S1-00872	Silver Technologies Pvt. Ltd.	243/155, Lake View Road, Near Bus Stand, Mumbai, Maharashtra, 400001	in
S1-00873	Smart Enterprises Inc.	 Near Bus Stand, Lucknow, Uttar Pradesh, 226001	in
S1-00874	Crystal Logistics Pvt Ltd	275/65, Near Bus Stand, Jaipur, Rajasthan	in
S1-00875	Smart Tech Inc	397/110, MG Road, Lucknow, Uttar Pradesh, 226001	in
S1-00876	Green Traders Ltd	3941 Tower A, Phoenix, AZ, 85001	us
S1-00877	Elite Exports and Sons	9409 MG Road, OR, 97201	us
S1-00878	Silver Logistics Limited	6544 Opposite Court, Phoenix, AZ, 85001	us
S1-00879	Prime Enterprises LLC	 TX, 78701	us
S1-00880	Vertex Exports Pvt Ltd	7996 MG Road, Miami, FL, 33101	us
S1-00881	Global Technologies Inc	14/123, Mumbai, Maharashtra, 400001	in
S1-00882	Royal Cafe Co	8365 MG Road, Boston, MA, 02108	us
S1-00883	Sigma Consultants Private Limited	9980 Temple Street, Boston, MA	us
S1-00884	Silver Technologies Limited	4768 Temple Street, Atlanta, GA, 30301	us
S1-00885	Royal Consultants Inc	257/85, Lake View Road, Near Bus Stand, Hyderabad, Telangana, 500001	in
S1-00886	Gupta Electronics Private Limited	127/15, Near Bus Stand, Tamil Nadu, 600001	in
S1-00887	Ganesh Electronics Company	59/78, Near Bus Stand, Maharashtra, 400001	in
S1-00888	Das Imports Pvt. Ltd.	245/148, MG Road, Near Bus Stand, Mumbai, Maharashtra, 400001	in
S1-00889	Royal Cafe Corporation	 Portland, OR, 97201	us
S1-00890	Nova Industries and Sons	1433 Nehru Nagar, Atlanta, GA	us
S1-00891	Khan Traders & Sons	 Tower A, Near Bus Stand, Kochi, 682001	in
S1-00892	Ganesh Services Corp	 MG Road, Near Bus Stand, Bengaluru, Karnataka, 560001	in
S1-00893	Gupta Motors Ltd	 Atlanta, GA, 30301	us
S1-00894	Iyer Enterprises LLC	4496 Market Road, 78701	us
S1-00895	Vertex Agro LLC	1936 Tower A, Seattle, WA, 98101	us
S1-00896	Smart Tech & Sons	5785 Sector 21, Boston, MA, 02108	us
S1-00897	Das Motors Ltd	56/128, Tower A, Near Bus Stand, Hyderabad, Telangana, 500001	in
S1-00898	Apex Pharma Corp	 Sector 21, Near Bus Stand, Mumbai, 400001	in
S1-00899	Global Foods Co	319/100, Block C, Near Bus Stand, Jaipur, Rajasthan	in
S1-00900	Blue Consultants Corporation	233/37, Tower A, Near Bus Stand, Hyderabad, Telangana, 500001	in
S1-00901	Singh Technologies Pvt Ltd	 Gandhi Road, Jaipur, Rajasthan, 302001	in
S1-00902	Reddy Foods Company	8552 Block C, Miami, FL, 33101	us
S1-00903	Prime Motors Inc	5577 Lake View Road, Portland, OR, 97201	us
S1-00904	Sunrise Rice Private Limited	4289 Park Street, Boston, 02108	us
S1-00905	Sharma Rice Ltd	2513 Temple Street, Miami, FL	us
S1-00906	New Consultants pvt ltd.	300/56, Park Street, Bengaluru, 560001	in
S1-00907	Ganesh Solutions Corporation	345/152, Station Road, Near Bus Stand, Chennai, Tamil Nadu, 600001	in
S1-00908	Blue Pharma Corp	6798 Gandhi Road, Phoenix, AZ, 85001	us
S1-00909	Delta Logistics Inc	230/122, Gandhi Road, Near Bus Stand, Kochi	in
S1-00910	Ganesh Traders & Sons	313/86, MG Road, Near Bus Stand, Jaipur, 302001	in
S1-00911	Shree Rice Pvt. Ltd.	498 Hill Road, FL, 33101	us
S1-00912	Silver Traders Corporation	6/57, Nehru Nagar, Near Bus Stand, Lucknow, Uttar Pradesh, 226001	in
S1-00913	Gupta Agro Pvt Ltd	9641 Block C, 02108	us
S1-00914	New Textiles & Sons	348 Opposite Court, Portland, OR, 97201	us
S1-00915	Singh Traders and Sons	 Near Bus Stand, Jaipur, Rajasthan, 302001	in
S1-00916	Khan Electronics pvt ltd.	9670 Tower A, Miami, FL, 33101	us
S1-00917	Apex Foods Co	9/18, Tower A, Near Bus Stand, Chennai, Tamil Nadu, 600001	in
S1-00918	Sunrise Imports Corporation	82/78, Church Street, Near Bus Stand, Hyderabad, 500001	in
S1-00919	Elite Logistics Private Limited	142/64, Lake View Road, Bengaluru, 560001	in
S1-00920	Smart Consultants Private Limited	1513 Nehru Nagar, AZ, 85001	us
S1-00921	Gupta Logistics Ltd	5407 Lake View Road, Denver, CO, 80202	us
S1-00922	Golden Oils Private Limited	1971 Lake View Road, Austin, TX, 78701	us
S1-00923	New Consultants LLC	844 Sector 21, Seattle, WA	us
S1-00924	Prime Motors Company	327/187, Tower A, Near Bus Stand, Kochi, 682001	in
S1-00925	Singh Enterprises and Sons	6528 Near Bus Stand, GA, 30301	us
S1-00926	Global Textiles Inc.	218/134, Station Road, Near Bus Stand, Bengaluru, Karnataka, 560001	in
S1-00927	Reddy Exports & Sons	 Phoenix, 85001	us
S1-00928	Modern Motors Corporation	5146 Gandhi Road, Austin, TX	us
S1-00929	Vertex Systems Corp	 Atlanta, 30301	us
S1-00930	Singh Motors Corporation	 AZ, 85001	us
S1-00931	Prime Motors & Sons	7024 Temple Street, OR, 97201	us
S1-00932	Royal Logistics Private Limited	 Near Bus Stand, Hyderabad, Telangana, 500001	in
S1-00933	Sunrise Exports and Sons	8756 Tower A, 30301	us
S1-00934	Smart Rice Limited	6462 Church Street, Austin, TX, 78701	us
S1-00935	Gupta Consultants & Sons	4341 Near Bus Stand, Denver, CO, 80202	us
S1-00936	Nair Imports Pvt Ltd	3501 Nehru Nagar, Austin, TX, 78701	us
S1-00937	Global Agro LLC	292/169, Anna Salai, Bengaluru, 560001	in
S1-00938	Apex Foods Co	213/24, Near Bus Stand, Hyderabad, Telangana	in
S1-00939	Vertex Enterprises Pvt. Ltd.	165/23, Park Street, Near Bus Stand, Bengaluru, Karnataka, 560001	in
S1-00940	Golden Solutions Co	6537 Hill Road, Boston, MA, 02108	us
S1-00941	Gupta Consultants LLC	7976 Tower A, Miami, FL	us
S1-00942	Krishna Enterprises Inc	846 Sector 21, Denver, CO	us
S1-00943	Sai Enterprises Inc	304/116, Market Road, Near Bus Stand, Hyderabad, Telangana, 500001	in
S1-00944	Royal Motors Limited	81/165, Church Street, Near Bus Stand, Hyderabad, Telangana, 500001	in
S1-00945	Smart Tech Private Limited	279/57, Gandhi Road, Near Bus Stand, Maharashtra, 411001	in
S1-00946	Royal Traders Limited	5500 Market Road, Miami, 33101	us
S1-00947	Nair Systems & Sons	4826 Anna Salai, Miami, FL, 33101	us
S1-00948	Elite Electronics Corporation	 Near Bus Stand, Chennai, Tamil Nadu, 600001	in
S1-00949	Zenith Foods Inc.	7132 Near Bus Stand, Seattle, WA, 98101	us
S1-00950	Orion Rice Corp	 Opposite Court, Near Bus Stand, Jaipur, Rajasthan, 302001	in
S1-00951	Smart Agro and Sons	298/102, Jaipur, Rajasthan, 302001	in
S1-00952	Smart Tech pvt ltd.	3626 Market Road, TX, 78701	us
S1-00953	Nova Agro LLC	 WA, 98101	us
S1-00954	Modern Exports LLC	 Seattle, WA, 98101	us
S1-00955	Prime Electronics Private Limited	1027 MG Road, 85001	us
S1-00956	Vertex Textiles Private Limited	4447 Hill Road, Austin, TX, 78701	us
S1-00957	Sigma Services Inc	47/47, Opposite Court, Jaipur, Rajasthan, 302001	in
S1-00958	New Foods LLC	4156 Hill Road, Austin, 78701	us
S1-00959	Apex Foods Inc.	7926 Park Street, Austin, TX	us
S1-00960	New Systems Limited	972 Nehru Nagar, Portland, OR, 97201	us
S1-00961	Khan Agro & Sons	9601 Nehru Nagar, FL, 33101	us
S1-00962	New Foods pvt ltd.	124/98, Opposite Court, Near Bus Stand, Tamil Nadu, 600001	in
S1-00963	Blue Solutions Pvt Ltd	128/141, Near Bus Stand, Tamil Nadu, 600001	in
S1-00964	Orion Enterprises Corporation	373/169, MG Road, Near Bus Stand, Jaipur, Rajasthan	in
S1-00965	Delta Solutions Pvt. Ltd.	 Seattle, WA	us
S1-00966	Apex Foods Private Limited	35/58, Plot 44, Near Bus Stand, Pune, Maharashtra, 411001	in
S1-00967	Vertex Technologies Pvt Ltd	135/161, Anna Salai, Rajasthan, 302001	in
S1-00968	Sunrise Technologies Private Limited	295/137, Hill Road, Near Bus Stand, Pune, Maharashtra, 411001	in
S1-00969	Blue Textiles LLC	 CO, 80202	us
S1-00970	Elite Electronics Inc.	4893 Lake View Road, Phoenix, AZ, 85001	us
S1-00971	Golden Motors Corporation	 Hill Road, Near Bus Stand, Bengaluru, Karnataka, 560001	in
S1-00972	Sharma Systems Inc	5104 Plot 44, Denver, CO	us
S1-00973	Apex Foods Corporation	161/150, Near Bus Stand, Near Bus Stand, Jaipur, Rajasthan, 302001	in
S1-00974	Patel Logistics Company	7535 Block C, 33101	us
S1-00975	Nair Agro Ltd	36/44, Near Bus Stand, Bengaluru, Karnataka, 560001	in
S1-00976	Smart Motors LLC	1447 Opposite Court, Phoenix, AZ, 85001	us
S1-00977	Krishna Oils Pvt. Ltd.	198/25, Church Street, Near Bus Stand, Chennai, Tamil Nadu, 600001	in
S1-00978	Vertex Enterprises Corp	9552 MG Road, GA	us
S1-00979	Orion Rice & Sons	2830 Station Road, Austin, 78701	us
S1-00980	Smart Tech Pvt Ltd	 Nehru Nagar, Near Bus Stand, Chennai, Tamil Nadu	in
S1-00981	New Enterprises Corp	 Near Bus Stand, Kochi, Kerala, 682001	in
S1-00982	Royal Exports Company	26/90, Opposite Court, Tamil Nadu, 600001	in
S1-00983	Silver Motors LLC	 Seattle, 98101	us
S1-00984	Sunrise Enterprises Corporation	 Tower A, Near Bus Stand, Bengaluru, Karnataka	in
S1-00985	Iyer Pharma Company	37/47, Anna Salai, Near Bus Stand, Jaipur, 302001	in
S1-00986	Patel Enterprises Inc	148/114, MG Road, Near Bus Stand, Bengaluru, 560001	in
S1-00987	Prime Motors Limited	4097 Near Bus Stand, Seattle, 98101	us
S1-00988	Khan Imports Ltd	5159 Park Street, Austin, TX	us
S1-00989	Khan Imports Corp	 Boston, MA	us
S1-00990	Reddy Textiles Company	8286 Sector 21, Austin	us
S1-00991	New Foods and Sons	8209 Tower A, Phoenix	us
S1-00992	Sharma Services Private Limited	306/111, Near Bus Stand, Lucknow, Uttar Pradesh, 226001	in
S1-00993	Sigma Motors Ltd	7410 Near Bus Stand, Portland, 97201	us
S1-00994	Ganesh Traders Pvt Ltd	5108 Block C, Denver, CO, 80202	us
S1-00995	Star Solutions pvt ltd.	278/140, Tower A, Near Bus Stand, Mumbai	in
S1-00996	Reddy Enterprises & Sons	 Phoenix, AZ, 85001	us
S1-00997	Prime Enterprises Company	3247 Station Road, Denver, CO	us
S1-00998	Reddy Foods Inc	724 Church Street, Phoenix, AZ, 85001	us
S1-00999	Silver Agro Pvt Ltd	4068 Hill Road, Phoenix, 85001	us
S1-01000	Krishna Pharma Company	 Station Road, Near Bus Stand, Pune, Maharashtra	in
S1-01001	Royal Cafe pvt ltd.	13/35, Temple Street, Bengaluru, Karnataka	in
S1-01002	Sharma Foods Co	355/188, Sector 21, Near Bus Stand, Rajasthan	in
S1-01003	Iyer Pharma Ltd	10/152, Opposite Court, Pune, Maharashtra	in
S1-01004	Sharma Agro Corporation	307/19, Station Road, Near Bus Stand, Mumbai, Maharashtra, 400001	in
S1-01005	Modern Foods Co	 Denver, CO, 80202	us
S1-01006	Royal Rice Inc.	192/79, Nehru Nagar, Near Bus Stand, Uttar Pradesh, 226001	in
S1-01007	Iyer Systems Limited	 Boston, MA, 02108	us
S1-01008	Smart Tech pvt ltd.	6815 Park Street, Miami, FL, 33101	us
S1-01009	Sai Enterprises Inc	188/110, Tower A, Near Bus Stand, Hyderabad, Telangana, 500001	in
S1-01010	Nova Logistics Corporation	3266 Sector 21, Boston, MA, 02108	us
S1-01011	Krishna Textiles Inc	3915 Lake View Road, Miami, FL, 33101	us
S1-01012	Elite Industries Corp	8686 Block C, Austin, TX, 78701	us
S1-01013	Green Systems and Sons	 Portland, OR	us
S1-01014	Patel Technologies Corporation	19/18, Church Street, Near Bus Stand, Hyderabad, 500001	in
S1-01015	Ganesh Traders Pvt. Ltd.	326/7, Opposite Court, Near Bus Stand, Lucknow, Uttar Pradesh, 226001	in
S1-01016	Krishna Industries LLC	628 Park Street, TX	us
S1-01017	Crystal Services pvt ltd.	115/71, Sector 21, Near Bus Stand, Hyderabad, Telangana, 500001	in
S1-01018	Singh Logistics Pvt Ltd	 Boston, MA, 02108	us
S1-01019	Reddy Electronics pvt ltd.	4790 Tower A, Miami, FL, 33101	us
S1-01020	Nair Oils Corporation	38/144, Near Bus Stand, Chennai, Tamil Nadu, 600001	in
S1-01021	Elite Enterprises Inc	3215 Block C, Boston, MA, 02108	us
S1-01022	Ganesh Traders Limited	 Atlanta, GA, 30301	us
S1-01023	Sunrise Technologies Co	 Temple Street, Near Bus Stand, Chennai, Tamil Nadu, 600001	in
S1-01024	Golden Industries & Sons	2338 Gandhi Road, Miami	us
S1-01025	Shree Imports LLC	9730 Hill Road, Austin, TX, 78701	us
S1-01026	Sigma Foods Corporation	33/132, Anna Salai, Near Bus Stand, Lucknow, Uttar Pradesh, 226001	in
S1-01027	Nova Textiles LLC	6177 Station Road, Atlanta	us
S1-01028	Patel Pharma Co	9218 Opposite Court, Denver, CO, 80202	us
S1-01029	Ganesh Traders Corporation	5418 Plot 44, Boston, MA, 02108	us
S1-01030	Iyer Consultants Pvt. Ltd.	9285 Anna Salai, MA, 02108	us
S1-01031	Blue Logistics Inc.	 Denver, CO	us
S1-01032	Nair Exports Inc	 Phoenix, AZ	us
S1-01033	Gupta Electronics Limited	2058 Station Road, OR, 97201	us
S1-01034	Elite Pharma Inc	2393 Block C, Seattle	us
S1-01035	Nair Enterprises and Sons	82/96, Near Bus Stand, Jaipur, Rajasthan, 302001	in
S1-01036	Prime Motors Corporation	4343 Plot 44, Denver, CO, 80202	us
S1-01037	Nair Enterprises Co	5745 Market Road, Boston, 02108	us
S1-01038	Patel Imports Inc.	 Boston, MA, 02108	us
S1-01039	Sigma Technologies Inc	157/106, Lake View Road, Near Bus Stand, Maharashtra	in
S1-01040	Crystal Enterprises pvt ltd.	31/168, Kochi, Kerala, 682001	in
S1-01041	Krishna Rice Co	 Atlanta, GA	us
S1-01042	Vertex Technologies Pvt. Ltd.	135/35, Park Street, Near Bus Stand, Jaipur, Rajasthan, 302001	in
S1-01043	Apex Foods & Sons	86/137, Near Bus Stand, Bengaluru, Karnataka	in
S1-01044	Nair Enterprises Co	318/85, Opposite Court, Near Bus Stand, Pune, Maharashtra, 411001	in
S1-01045	Ganesh Textiles Inc.	5527 Plot 44, Atlanta, GA	us
S1-01046	Iyer Logistics and Sons	6444 Tower A, Miami, 33101	us
S1-01047	Modern Solutions Limited	61/137, Near Bus Stand, Hyderabad, Telangana	in
S1-01048	Sigma Electronics Private Limited	3822 Market Road, WA	us
S1-01049	Global Technologies and Sons	5730 MG Road, Austin, TX, 78701	us
S1-01050	Smart Tech Company	6514 Temple Street, Portland, OR, 97201	us
S1-01051	Sharma Traders and Sons	4592 Park Street, Austin, 78701	us
S1-01052	Delta Logistics Inc.	9605 Near Bus Stand, Portland, OR, 97201	us
S1-01053	Krishna Exports LLC	 Boston, MA, 02108	us
S1-01054	Prime Imports Inc.	8736 Plot 44, Boston, MA, 02108	us
S1-01055	Blue Industries Corp	369/177, Market Road, Near Bus Stand, Hyderabad, Telangana, 500001	in
S1-01056	Singh Imports Company	7689 Park Street, Boston, MA	us
S1-01057	Prime Motors and Sons	 Plot 44, Near Bus Stand, Hyderabad, 500001	in
S1-01058	Smart Logistics Limited	164/155, Anna Salai, Near Bus Stand, Tamil Nadu	in
S1-01059	Iyer Imports Ltd	 Church Street, Near Bus Stand, Chennai, 600001	in
S1-01060	Reddy Exports LLC	100/98, Hill Road, Near Bus Stand, Bengaluru, Karnataka	in
S1-01061	Blue Oils & Sons	8714 Market Road, Austin, TX, 78701	us
S1-01062	New Pharma Private Limited	288/145, Near Bus Stand, Lucknow, Uttar Pradesh, 226001	in
S1-01063	Delta Services pvt ltd.	2978 Nehru Nagar, Portland, OR	us
S1-01064	Ganesh Traders and Sons	66/131, Hill Road, Near Bus Stand, Pune, Maharashtra, 411001	in
S1-01065	Global Imports Co	 Market Road, Near Bus Stand, Hyderabad, Telangana, 500001	in
S1-01066	Elite Industries Co	343/47, Market Road, Near Bus Stand, Maharashtra	in
S1-01067	Elite Textiles Ltd	61/42, Near Bus Stand, Lucknow, Uttar Pradesh, 226001	in
S1-01068	Vertex Agro & Sons	901 Plot 44, Denver, CO, 80202	us
S1-01069	Gupta Motors Company	136/185, Near Bus Stand, Near Bus Stand, Kochi, Kerala, 682001	in
S1-01070	Krishna Consultants Company	5112 Lake View Road, Miami	us
S1-01071	Royal Cafe LLC	9361 Plot 44, Seattle, 98101	us
S1-01072	Silver Traders Corporation	2660 Lake View Road, Atlanta	us
S1-01073	Nair Enterprises LLC	 Boston, 02108	us
S1-01074	Patel Foods Corporation	125/168, Gandhi Road, Near Bus Stand, Kochi, Kerala, 682001	in
S1-01075	Vertex Traders Inc.	24/44, Temple Street, Near Bus Stand, Hyderabad, Telangana, 500001	in
S1-01076	Reddy Oils Corporation	288/60, Plot 44, Hyderabad, Telangana, 500001	in
S1-01077	Green Services Ltd	 AZ, 85001	us
S1-01078	Apex Foods Limited	194/14, Near Bus Stand, Mumbai, Maharashtra	in
S1-01079	Khan Services and Sons	3027 Opposite Court, Seattle, WA, 98101	us
S1-01080	Star Foods Ltd	334/190, Mumbai, Maharashtra, 400001	in
S1-01081	Sharma Textiles Corporation	5735 Station Road, CO	us
S1-01082	Sigma Rice Corporation	131/15, Opposite Court, Chennai, Tamil Nadu	in
S1-01083	Khan Imports Pvt. Ltd.	79/199, Gandhi Road, Lucknow, 226001	in
S1-01084	Green Traders Co	 Atlanta, GA, 30301	us
S1-01085	Prime Motors Company	201/80, Gandhi Road, Near Bus Stand, Bengaluru, 560001	in
S1-01086	Nova Solutions LLC	 MG Road, Near Bus Stand, Kochi, 682001	in
S1-01087	Silver Solutions Company	9934 Nehru Nagar, AZ	us
S1-01088	Silver Oils Co	382/19, Near Bus Stand, Jaipur, Rajasthan, 302001	in
S1-01089	Blue Enterprises & Sons	8504 Tower A, Boston, MA	us
S1-01090	New Motors Ltd	1280 Church Street, Seattle, WA, 98101	us
S1-01091	Crystal Motors Co	102/121, Hill Road, Near Bus Stand, Hyderabad, Telangana, 500001	in
S1-01092	Apex Foods Corporation	7333 Anna Salai, TX	us
S1-01093	Sai Agro and Sons	223/182, Sector 21, Near Bus Stand, Pune, 411001	in
S1-01094	Orion Electronics Company	6838 Anna Salai, WA	us
S1-01095	Royal Industries Corp	2174 Plot 44, Phoenix, 85001	us
S1-01096	Vertex Solutions Private Limited	262/85, Opposite Court, Near Bus Stand, Hyderabad, Telangana, 500001	in
S1-01097	Ganesh Electronics Company	8832 Station Road, OR	us
S1-01098	Shree Imports pvt ltd.	 Seattle, WA, 98101	us
S1-01099	Smart Tech Corporation	278/25, Park Street, Near Bus Stand, Jaipur, Rajasthan, 302001	in
S1-01100	Sharma Foods Ltd	87/39, Lake View Road, Near Bus Stand, Lucknow, Uttar Pradesh, 226001	in
S1-01101	Sai Oils and Sons	9044 Anna Salai, Boston, MA, 02108	us
S1-01102	Orion Oils Company	112/125, Near Bus Stand, Kochi, Kerala, 682001	in
S1-01103	Das Textiles Company	369/70, Park Street, Near Bus Stand, Pune, Maharashtra, 411001	in
S1-01104	Delta Agro pvt ltd.	8082 Sector 21, GA	us
S1-01105	Krishna Imports Pvt. Ltd.	4561 Station Road, Seattle, WA, 98101	us
S1-01106	Apex Foods Pvt Ltd	7639 Plot 44, Portland, OR, 97201	us
S1-01107	Silver Textiles Private Limited	212/123, Near Bus Stand, Jaipur, Rajasthan	in
S1-01108	Krishna Services Limited	195/89, Sector 21, Near Bus Stand, Jaipur, Rajasthan, 302001	in
S1-01109	Khan Electronics LLC	189/165, Near Bus Stand, Near Bus Stand, Chennai, Tamil Nadu, 600001	in
S1-01110	Sunrise Consultants Inc.	269/189, Sector 21, Near Bus Stand, Lucknow, Uttar Pradesh, 226001	in
S1-01111	Global Textiles Pvt. Ltd.	103/87, Lake View Road, Near Bus Stand, Chennai, Tamil Nadu	in
S1-01112	Sharma Agro Private Limited	98/23, Park Street, Near Bus Stand, Chennai, Tamil Nadu, 600001	in
S1-01113	Ganesh Traders Corporation	9851 Opposite Court, Phoenix, AZ	us
S1-01114	Sai Motors Pvt. Ltd.	 Anna Salai, Near Bus Stand, Bengaluru, Karnataka, 560001	in
S1-01115	Zenith Motors pvt ltd.	7347 Hill Road, 02108	us
S1-01116	Vertex Foods and Sons	3617 Hill Road, Phoenix, AZ, 85001	us
S1-01117	Sai Consultants Pvt Ltd	179/1, Near Bus Stand, Near Bus Stand, Mumbai, Maharashtra, 400001	in
S1-01118	Singh Textiles Pvt Ltd	297/51, Plot 44, Near Bus Stand, Mumbai, Maharashtra, 400001	in
S1-01119	Zenith Systems pvt ltd.	8721 Gandhi Road, Portland, OR, 97201	us
S1-01120	Prime Motors Pvt Ltd	1286 Lake View Road, GA, 30301	us
S1-01121	Ganesh Logistics LLC	6998 Park Street, Denver	us
S1-01122	Crystal Electronics Limited	5532 MG Road, Boston, MA, 02108	us
S1-01123	Krishna Oils & Sons	9056 MG Road, Denver, CO, 80202	us
S1-01124	Zenith Technologies Corporation	7006 Hill Road, Atlanta, GA, 30301	us
S1-01125	Delta Technologies Company	 Seattle, WA	us
S1-01126	Apex Electronics Private Limited	161/188, Sector 21, Near Bus Stand, Pune, Maharashtra, 411001	in
S1-01127	Royal Cafe Co	 Temple Street, Mumbai, Maharashtra, 400001	in
S1-01128	Nova Motors Ltd	3120 MG Road, Austin, 78701	us
S1-01129	Blue Traders Pvt Ltd	198/105, Market Road, Near Bus Stand, Mumbai, Maharashtra, 400001	in
S1-01130	New Textiles Private Limited	 Church Street, Lucknow, Uttar Pradesh, 226001	in
S1-01131	Iyer Industries LLC	7941 Opposite Court, Portland, 97201	us
S1-01132	Modern Imports Corp	1851 Block C, 98101	us
S1-01133	Vertex Exports Limited	267/21, Tower A, Jaipur, 302001	in
S1-01134	Ganesh Traders pvt ltd.	2698 Opposite Court, Phoenix, AZ, 85001	us
S1-01135	Sigma Enterprises Ltd	85/188, Block C, Chennai, Tamil Nadu	in
S1-01136	Vertex Consultants Pvt. Ltd.	460 Lake View Road, Denver	us
S1-01137	Golden Enterprises Company	362/122, Near Bus Stand, Kochi, Kerala	in
S1-01138	Apex Technologies Ltd	370/65, Temple Street, Near Bus Stand, Karnataka, 560001	in
S1-01139	Blue Textiles Ltd	228/57, Near Bus Stand, Chennai, Tamil Nadu	in
S1-01140	Golden Technologies LLC	266/86, Block C, Pune, Maharashtra, 411001	in
S1-01141	Royal Cafe pvt ltd.	233/127, Near Bus Stand, Kerala, 682001	in
S1-01142	Khan Rice LLC	3694 MG Road, Boston, MA, 02108	us
S1-01143	Ganesh Enterprises Company	221/196, Church Street, Near Bus Stand, Hyderabad, Telangana, 500001	in
S1-01144	Zenith Enterprises Pvt. Ltd.	254/178, Nehru Nagar, Near Bus Stand, Lucknow, Uttar Pradesh, 226001	in
S1-01145	Royal Pharma Inc.	2014 Block C, Denver, CO, 80202	us
S1-01146	Zenith Systems Corp	155/173, Station Road, Near Bus Stand, Rajasthan, 302001	in
S1-01147	Zenith Technologies Ltd	29/172, Station Road, Near Bus Stand, Jaipur, Rajasthan, 302001	in
S1-01148	Apex Foods Corporation	306/53, Sector 21, Chennai, Tamil Nadu	in
S1-01149	Iyer Solutions Private Limited	 Portland, OR, 97201	us
S1-01150	Reddy Motors Pvt Ltd	181/108, Plot 44, Jaipur, 302001	in
S1-01151	Singh Electronics and Sons	 Denver, 80202	us
S1-01152	Ganesh Oils Company	370/47, Lake View Road, Near Bus Stand, Mumbai, Maharashtra, 400001	in
S1-01153	Modern Electronics and Sons	 Gandhi Road, Near Bus Stand, Uttar Pradesh, 226001	in
S1-01154	Ganesh Enterprises Company	198/27, Hyderabad, Telangana, 500001	in
S1-01155	Prime Motors Corporation	 Atlanta, GA, 30301	us
S1-01156	Singh Industries and Sons	 Near Bus Stand, Kochi, Kerala, 682001	in
S1-01157	Green Oils Ltd	1105 Anna Salai, WA	us
S1-01158	Global Logistics Inc	334/16, Lucknow, Uttar Pradesh, 226001	in
S1-01159	Vertex Services Pvt Ltd	 GA, 30301	us
S1-01160	Star Electronics Corp	 CO, 80202	us
S1-01161	Modern Enterprises Pvt. Ltd.	 Nehru Nagar, Near Bus Stand, Mumbai, 400001	in
S1-01162	Smart Tech pvt ltd.	84/11, Near Bus Stand, Lucknow, 226001	in
S1-01163	Global Rice & Sons	9228 Plot 44, Seattle, WA, 98101	us
S1-01164	Patel Enterprises Inc.	175/130, Block C, Near Bus Stand, Hyderabad, Telangana	in
S1-01165	Royal Logistics Pvt. Ltd.	4527 Anna Salai, Phoenix	us
S1-01166	Das Imports Corp	 Tower A, Near Bus Stand, Chennai, Tamil Nadu, 600001	in
S1-01167	Golden Pharma Inc	368/8, Tower A, Near Bus Stand, Mumbai, Maharashtra	in
S1-01168	Silver Enterprises and Sons	215/139, Gandhi Road, Near Bus Stand, Pune, Maharashtra, 411001	in
S1-01169	Apex Foods Corp	116/60, Sector 21, Near Bus Stand, Chennai, Tamil Nadu, 600001	in
S1-01170	Khan Traders Pvt Ltd	44/149, Station Road, Near Bus Stand, Bengaluru, Karnataka, 560001	in
S1-01171	Sharma Oils Private Limited	3205 Opposite Court, Denver, CO	us
S1-01172	Prime Motors Corporation	6608 Lake View Road, CO, 80202	us
S1-01173	Shree Motors Corporation	83/131, Church Street, Near Bus Stand, Hyderabad, 500001	in
S1-01174	Patel Services Corporation	4885 MG Road, Austin, 78701	us
S1-01175	Nair Oils pvt ltd.	172/29, Near Bus Stand, Kochi, Kerala, 682001	in
S1-01176	Prime Motors Pvt. Ltd.	 Opposite Court, Near Bus Stand, Chennai, Tamil Nadu, 600001	in
S1-01177	Delta Exports Company	 TX, 78701	us
S1-01178	Golden Pharma Ltd	 Tower A, Near Bus Stand, Uttar Pradesh, 226001	in
S1-01179	Khan Logistics Corp	2903 Hill Road, MA	us
S1-01180	Smart Imports Ltd	 Church Street, Near Bus Stand, Kochi, Kerala	in
S1-01181	Reddy Industries and Sons	255/60, Hill Road, Near Bus Stand, Jaipur, Rajasthan	in
S1-01182	Zenith Rice and Sons	386/87, Lake View Road, Near Bus Stand, Jaipur, Rajasthan, 302001	in
S1-01183	Prime Motors Ltd	277/66, Market Road, Near Bus Stand, Rajasthan, 302001	in
S1-01184	Singh Pharma Inc.	9982 Nehru Nagar, Austin, TX, 78701	us
S1-01185	Ganesh Traders Company	109/186, Station Road, Near Bus Stand, Kochi, Kerala, 682001	in
S1-01186	Golden Oils Company	5057 Lake View Road, Phoenix	us
S1-01187	Krishna Enterprises Company	3917 Temple Street, Phoenix, AZ, 85001	us
S1-01188	Sai Enterprises Company	4824 Market Road, Atlanta, GA	us
S1-01189	Khan Logistics Inc.	178/46, Near Bus Stand, Mumbai, Maharashtra	in
S1-01190	Ganesh Traders Limited	31/186, Hill Road, Near Bus Stand, Chennai, 600001	in
S1-01191	Nair Traders Inc	 Miami, 33101	us
S1-01192	Green Technologies Inc.	306/38, Hill Road, Near Bus Stand, Chennai, Tamil Nadu, 600001	in
S1-01193	Prime Rice Corporation	6499 Plot 44, Miami, FL, 33101	us
S1-01194	Sharma Electronics LLC	 Plot 44, Hyderabad, Telangana, 500001	in
S1-01195	Blue Consultants Corp	 Austin, TX, 78701	us
S1-01196	Shree Consultants Corp	189/110, Park Street, Near Bus Stand, Pune, Maharashtra, 411001	in
S1-01197	Ganesh Traders Ltd	3833 Nehru Nagar, Seattle, 98101	us
S1-01198	Delta Textiles Co	295/149, Nehru Nagar, Jaipur, Rajasthan, 302001	in
S1-01199	Patel Industries pvt ltd.	34/117, Sector 21, Pune, 411001	in
S1-01200	Silver Electronics pvt ltd.	9513 Plot 44, 02108	us
S1-01201	Royal Solutions Pvt Ltd	167/65, Tower A, Hyderabad, Telangana	in
S1-01202	Royal Services and Sons	9375 Nehru Nagar, Austin, TX, 78701	us
S1-01203	Iyer Services Corporation	6662 Lake View Road, Miami, FL, 33101	us
S1-01204	Smart Tech Ltd	110/35, Near Bus Stand, Bengaluru, Karnataka	in
S1-01205	Reddy Systems Inc.	348/185, Temple Street, Near Bus Stand, Jaipur, Rajasthan, 302001	in
S1-01206	Krishna Services & Sons	 Tower A, Near Bus Stand, Hyderabad, 500001	in
S1-01207	Orion Solutions Limited	177/159, Sector 21, Near Bus Stand, Bengaluru, Karnataka	in
S1-01208	Zenith Agro Company	2512 Anna Salai, Austin, TX, 78701	us
S1-01209	Khan Traders Limited	 CO, 80202	us
S1-01210	Singh Technologies LLC	255/136, Plot 44, Near Bus Stand, Maharashtra, 400001	in
S1-01211	Ganesh Traders Pvt Ltd	39/68, Near Bus Stand, Rajasthan, 302001	in
S1-01212	Khan Rice Corporation	3328 Station Road, Phoenix, AZ, 85001	us
S1-01213	Global Technologies Company	 Portland, OR, 97201	us
S1-01214	Royal Logistics Limited	247/125, Park Street, Chennai, Tamil Nadu	in
S1-01215	Global Enterprises pvt ltd.	 Church Street, Near Bus Stand, Kochi, 682001	in
S1-01216	Khan Electronics Inc.	 WA, 98101	us
S1-01217	Iyer Technologies Co	 Atlanta, GA, 30301	us
S1-01218	Smart Tech Limited	392/117, Church Street, Kochi, Kerala	in
S1-01219	Delta Consultants Pvt. Ltd.	122/129, Block C, Near Bus Stand, Pune, Maharashtra, 411001	in
S1-01220	Global Textiles Co	29/58, Tower A, Near Bus Stand, Lucknow, Uttar Pradesh, 226001	in
S1-01221	Iyer Imports Pvt. Ltd.	 CO, 80202	us
S1-01222	Prime Agro Pvt Ltd	30/177, Church Street, Pune, Maharashtra	in
S1-01223	Vertex Foods Pvt Ltd	 Atlanta, GA, 30301	us
S1-01224	Vertex Pharma Corporation	9111 Near Bus Stand, Atlanta, GA	us
S1-01225	Ganesh Traders Co	 Phoenix, 85001	us
S1-01226	Green Industries Inc.	 Atlanta, 30301	us
S1-01227	Zenith Technologies Inc	4355 MG Road, Atlanta, GA, 30301	us
S1-01228	Sunrise Enterprises Ltd	6922 Market Road, FL, 33101	us
S1-01229	Singh Textiles Inc.	247 Temple Street, Phoenix, AZ, 85001	us
S1-01230	Delta Solutions Inc.	200/156, Tower A, Near Bus Stand, Hyderabad, Telangana, 500001	in
S1-01231	Global Electronics and Sons	357/127, Station Road, Near Bus Stand, Mumbai, Maharashtra, 400001	in
S1-01232	Royal Cafe and Sons	7749 Park Street, Miami, FL	us
S1-01233	Green Traders Limited	3/131, Near Bus Stand, Karnataka, 560001	in
S1-01234	Shree Enterprises Pvt. Ltd.	104/35, Block C, Near Bus Stand, Tamil Nadu	in
S1-01235	Blue Enterprises Corp	6072 Gandhi Road, MA, 02108	us
S1-01236	Singh Services Corporation	192/69, Church Street, Near Bus Stand, Jaipur, Rajasthan, 302001	in
S1-01237	Smart Enterprises LLC	230/78, Near Bus Stand, Maharashtra, 411001	in
S1-01238	Nair Solutions Pvt. Ltd.	243/180, Gandhi Road, Near Bus Stand, Kochi, Kerala	in
S1-01239	Smart Tech Pvt. Ltd.	5019 Hill Road, Atlanta, GA, 30301	us
S1-01240	Singh Pharma Corp	49/173, Near Bus Stand, Hyderabad, Telangana	in
S1-01241	Reddy Agro Pvt Ltd	6743 Anna Salai, Seattle, WA, 98101	us
S1-01242	Green Motors Co	2298 MG Road, Boston, 02108	us
S1-01243	Singh Logistics Corporation	1160 Sector 21, CO, 80202	us
S1-01244	Elite Enterprises Pvt Ltd	340/154, Near Bus Stand, Jaipur, 302001	in
S1-01245	Global Technologies Pvt. Ltd.	5961 Block C, 85001	us
S1-01246	Ganesh Traders and Sons	288/146, Market Road, Mumbai, Maharashtra, 400001	in
S1-01247	Star Systems Pvt Ltd	 Sector 21, Near Bus Stand, Tamil Nadu, 600001	in
S1-01248	Golden Enterprises Ltd	302/102, Anna Salai, Near Bus Stand, Pune, Maharashtra, 411001	in
S1-01249	Iyer Services pvt ltd.	223/84, Lake View Road, Mumbai, Maharashtra	in
S1-01250	Delta Consultants Ltd	8219 Hill Road, Atlanta, GA, 30301	us
S1-01251	Sai Systems Corp	7184 Anna Salai, Denver, 80202	us
S1-01252	Patel Agro Co	1396 Plot 44, MA	us
S1-01253	Ganesh Traders Ltd	9081 Station Road, CO	us
S1-01254	Singh Electronics Inc.	 Near Bus Stand, Bengaluru, Karnataka, 560001	in
S1-01255	Royal Logistics Ltd	217/136, Near Bus Stand, Chennai, 600001	in
S1-01256	Nova Solutions pvt ltd.	7872 Opposite Court, Austin, TX, 78701	us
S1-01257	New Pharma Company	7365 Sector 21, Denver, CO, 80202	us
S1-01258	Blue Consultants Pvt. Ltd.	7454 Tower A, Miami, FL	us
S1-01259	Global Exports Inc.	246/23, MG Road, Near Bus Stand, Lucknow, Uttar Pradesh, 226001	in
S1-01260	Prime Motors pvt ltd.	354/3, Gandhi Road, Near Bus Stand, Mumbai, Maharashtra, 400001	in
S1-01261	Modern Logistics Co	9928 Block C, Seattle, WA	us
S1-01262	Reddy Enterprises Ltd	391/29, Hill Road, Near Bus Stand, Kochi, Kerala, 682001	in
S1-01263	Golden Logistics Private Limited	43/161, Hill Road, Bengaluru, Karnataka, 560001	in
S1-01264	Sunrise Systems Inc.	318 Gandhi Road, WA, 98101	us
S1-01265	Vertex Pharma Pvt Ltd	51/118, Station Road, Near Bus Stand, 600001	in
S1-01266	Blue Traders Private Limited	7054 Gandhi Road, Miami, FL, 33101	us
S1-01267	Prime Motors Corp	147/71, Block C, Bengaluru, Karnataka, 560001	in
S1-01268	Sharma Rice Private Limited	4623 Near Bus Stand, Denver, 80202	us
S1-01269	Sunrise Industries Limited	233/131, Gandhi Road, Near Bus Stand, Jaipur	in
S1-01270	Nair Consultants Private Limited	356/114, MG Road, Hyderabad, Telangana, 500001	in
S1-01271	Blue Exports Co	8569 MG Road, 85001	us
S1-01272	Vertex Exports Ltd	 Market Road, Bengaluru, Karnataka, 560001	in
S1-01273	Royal Enterprises LLC	2938 Sector 21, MA, 02108	us
S1-01274	Royal Cafe Limited	7754 Opposite Court, 78701	us
S1-01275	Elite Textiles Private Limited	 Block C, Near Bus Stand, Uttar Pradesh, 226001	in
S1-01276	Nair Agro Co	294/148, MG Road, Bengaluru, Karnataka, 560001	in
S1-01277	Gupta Foods Pvt Ltd	 Denver, 80202	us
S1-01278	Prime Logistics Corp	195/126, MG Road, Near Bus Stand, Kerala, 682001	in
S1-01279	Apex Textiles Private Limited	372/107, Block C, Near Bus Stand, Mumbai, Maharashtra, 400001	in
S1-01280	Krishna Enterprises Private Limited	3295 Anna Salai, Seattle, WA, 98101	us
S1-01281	Royal Cafe Inc	114/24, Anna Salai, Near Bus Stand, Lucknow, Uttar Pradesh, 226001	in
S1-01282	Singh Solutions Pvt. Ltd.	79/172, Lake View Road, Near Bus Stand, Kochi, Kerala, 682001	in
S1-01283	Delta Logistics & Sons	344/43, Nehru Nagar, Near Bus Stand, Pune, Maharashtra, 411001	in
S1-01284	Apex Exports Pvt. Ltd.	7527 Block C, Seattle, WA, 98101	us
S1-01285	Silver Electronics and Sons	3073 Gandhi Road, Phoenix, AZ, 85001	us
S1-01286	Orion Foods Co	5290 Church Street, FL	us
S1-01287	Das Textiles Inc	63/3, Market Road, Near Bus Stand, Karnataka, 560001	in
S1-01288	Apex Foods Inc.	121/119, Opposite Court, Near Bus Stand, Telangana	in
S1-01289	Krishna Consultants Private Limited	236/57, Park Street, Near Bus Stand, Lucknow, Uttar Pradesh, 226001	in
S1-01290	Singh Enterprises Private Limited	 Boston, MA, 02108	us
S1-01291	Das Enterprises Inc	232/33, MG Road, Near Bus Stand, Kochi, Kerala, 682001	in
S1-01292	Silver Services Limited	8951 Nehru Nagar, Portland	us
S1-01293	Nova Services Inc.	303/7, Tower A, Near Bus Stand, Pune, Maharashtra, 411001	in
S1-01294	Global Industries Co	92/137, Near Bus Stand, Hyderabad, 500001	in
S1-01295	Prime Motors Co	550 Anna Salai, Phoenix, AZ	us
S1-01296	Krishna Agro Limited	319/119, Gandhi Road, Near Bus Stand, Hyderabad, Telangana, 500001	in
S1-01297	Singh Enterprises Corp	3670 Hill Road, Denver, CO	us
S1-01298	Orion Imports Company	6453 Lake View Road, Portland, 97201	us
S1-01299	Modern Systems pvt ltd.	245/39, Church Street, Near Bus Stand, Rajasthan, 302001	in
S1-01300	Blue Logistics and Sons	105/138, MG Road, Near Bus Stand, Maharashtra	in
S1-01301	Shree Traders Pvt. Ltd.	329/181, Near Bus Stand, Bengaluru, 560001	in
S1-01302	Ganesh Traders Company	167/3, Station Road, Near Bus Stand, Tamil Nadu	in
S1-01303	Orion Systems Private Limited	212/66, Market Road, Near Bus Stand, 226001	in
S1-01304	Singh Electronics Inc	4533 Station Road, Miami	us
S1-01305	Krishna Systems & Sons	8730 Park Street, Miami	us
S1-01306	Apex Industries Corp	8915 Nehru Nagar, WA	us
S1-01307	Patel Rice Inc	112/170, Temple Street, Near Bus Stand, Kerala, 682001	in
S1-01308	Ganesh Imports Company	175/92, Gandhi Road, Near Bus Stand, Jaipur, Rajasthan, 302001	in
S1-01309	Apex Foods Ltd	1147 Hill Road, Seattle, WA, 98101	us
S1-01310	Vertex Enterprises Corporation	479 Park Street, Phoenix, AZ, 85001	us
S1-01311	Sigma Imports Inc	93/17, Sector 21, Near Bus Stand, Mumbai, Maharashtra	in
S1-01312	Nair Services Pvt. Ltd.	 Denver, 80202	us
S1-01313	Sharma Agro & Sons	318/94, Anna Salai, Near Bus Stand, Chennai, Tamil Nadu, 600001	in
S1-01314	Green Enterprises Ltd	 Near Bus Stand, Near Bus Stand, Tamil Nadu, 600001	in
S1-01315	Silver Logistics Ltd	7232 Sector 21, FL, 33101	us
S1-01316	Ganesh Traders Co	27/157, Mumbai, Maharashtra, 400001	in
S1-01317	Sharma Industries Inc	171/107, Sector 21, Near Bus Stand, Kochi, Kerala, 682001	in
S1-01318	Global Enterprises Co	51/168, Gandhi Road, Near Bus Stand, Mumbai, Maharashtra, 400001	in
S1-01319	Global Logistics Private Limited	3807 Park Street, 33101	us
S1-01320	Vertex Systems Ltd	163/177, Tower A, Near Bus Stand, Pune, Maharashtra, 411001	in
S1-01321	Nova Imports Company	 Market Road, Near Bus Stand, Kochi, 682001	in
S1-01322	Golden Oils Inc.	181/24, Opposite Court, Near Bus Stand, Chennai, Tamil Nadu, 600001	in
S1-01323	Ganesh Traders & Sons	5361 Park Street, Atlanta, GA, 30301	us
S1-01324	Das Oils and Sons	365/93, Hill Road, Bengaluru, Karnataka, 560001	in
S1-01325	Singh Foods LLC	841 Market Road, Atlanta, GA, 30301	us
S1-01326	Krishna Consultants Limited	183/97, Station Road, Near Bus Stand, Mumbai, Maharashtra, 400001	in
S1-01327	Singh Motors Ltd	 Boston, MA, 02108	us
S1-01328	Vertex Logistics Inc.	9468 MG Road, Portland	us
S1-01329	Silver Enterprises Corp	1258 Opposite Court, Austin, 78701	us
S1-01330	Apex Foods pvt ltd.	 Austin, TX	us
S1-01331	Zenith Oils & Sons	 Nehru Nagar, Chennai, Tamil Nadu, 600001	in
S1-01332	Royal Systems Private Limited	2915 Nehru Nagar, Atlanta, GA, 30301	us
S1-01333	Prime Imports Company	4516 Market Road, TX, 78701	us
S1-01334	Orion Systems Private Limited	100/176, Gandhi Road, Karnataka, 560001	in
S1-01335	Sharma Foods Ltd	345/92, Temple Street, Near Bus Stand, Bengaluru, 560001	in
S1-01336	Sunrise Pharma Limited	14/96, Station Road, Near Bus Stand, Hyderabad, Telangana, 500001	in
S1-01337	Royal Cafe Pvt. Ltd.	217/6, Opposite Court, Near Bus Stand, Lucknow, Uttar Pradesh	in
S1-01338	Shree Consultants LLC	1/48, MG Road, Near Bus Stand, Mumbai, Maharashtra, 400001	in
S1-01339	Global Textiles Co	1272 Station Road, Miami, FL	us
S1-01340	Silver Services & Sons	1416 Tower A, Denver, CO, 80202	us
S1-01341	New Systems Inc.	 Austin, 78701	us
S1-01342	Vertex Enterprises Company	5107 Church Street, Seattle	us
S1-01343	Blue Industries Ltd	97/15, Lake View Road, Near Bus Stand, Kochi, Kerala, 682001	in
S1-01344	Apex Foods and Sons	297/24, Gandhi Road, Near Bus Stand, Pune, Maharashtra, 411001	in
S1-01345	Smart Agro Inc	259/88, Plot 44, Maharashtra, 400001	in
S1-01346	Blue Textiles Pvt Ltd	29/41, Anna Salai, Near Bus Stand, 226001	in
S1-01347	Khan Imports Pvt Ltd	 Portland, OR, 97201	us
S1-01348	Sunrise Enterprises & Sons	71/90, Plot 44, Near Bus Stand, 411001	in
S1-01349	Star Logistics Pvt. Ltd.	152/147, Plot 44, Near Bus Stand, Jaipur, Rajasthan, 302001	in
S1-01350	Silver Services pvt ltd.	6840 Gandhi Road, Denver, CO, 80202	us
S1-01351	Smart Tech Corporation	270/171, Lake View Road, Near Bus Stand, Chennai, 600001	in
S1-01352	Khan Traders Ltd	249/135, Park Street, Near Bus Stand, Mumbai, Maharashtra, 400001	in
S1-01353	Nair Consultants Co	331/133, Sector 21, Near Bus Stand, Bengaluru, Karnataka, 560001	in
S1-01354	Nova Rice Co	6185 Temple Street, Miami, FL, 33101	us
S1-01355	Delta Agro Corporation	6055 Station Road, Miami, FL, 33101	us
S1-01356	Shree Foods pvt ltd.	 Atlanta, 30301	us
S1-01357	Modern Agro Co	299/122, Nehru Nagar, Near Bus Stand, Jaipur, Rajasthan, 302001	in
S1-01358	Prime Motors Inc.	3857 Tower A, Denver, CO, 80202	us
S1-01359	Royal Enterprises & Sons	235/143, Near Bus Stand, Pune, Maharashtra, 411001	in
S1-01360	Smart Enterprises Corp	240/102, Near Bus Stand, Kochi, Kerala, 682001	in
S1-01361	Zenith Consultants Inc.	 Station Road, Near Bus Stand, Lucknow, Uttar Pradesh, 226001	in
S1-01362	Royal Systems Corporation	4101 Church Street, Miami	us
S1-01363	Nair Motors and Sons	6239 Church Street, Atlanta, 30301	us
S1-01364	Zenith Consultants Pvt Ltd	277/175, Near Bus Stand, Kochi, Kerala, 682001	in
S1-01365	Ganesh Traders Limited	26/156, Hill Road, Near Bus Stand, Chennai, 600001	in
S1-01366	Sigma Enterprises Ltd	735 Market Road, MA, 02108	us
S1-01367	Golden Solutions Corporation	3696 Block C, Seattle, 98101	us
S1-01368	Nova Enterprises Inc.	43/8, Temple Street, Near Bus Stand, Mumbai, Maharashtra	in
S1-01369	Global Services LLC	139/20, Nehru Nagar, Near Bus Stand, Hyderabad, Telangana, 500001	in
S1-01370	Ganesh Enterprises Pvt Ltd	29/101, Kochi, Kerala, 682001	in
S1-01371	Smart Pharma Corporation	3779 Market Road, Austin, 78701	us
S1-01372	Royal Cafe pvt ltd.	9120 Temple Street, Boston, MA	us
S1-01373	Royal Rice LLC	116/70, Station Road, Near Bus Stand, Lucknow, Uttar Pradesh, 226001	in
S1-01374	Sigma Industries Pvt Ltd	379/20, Near Bus Stand, Chennai, Tamil Nadu, 600001	in
S1-01375	Delta Rice Corporation	33/57, Station Road, Near Bus Stand, Bengaluru, Karnataka, 560001	in
S1-01376	Khan Electronics Pvt. Ltd.	24/160, Hill Road, Near Bus Stand, Hyderabad, 500001	in
S1-01377	Patel Exports Pvt Ltd	270/50, Temple Street, Mumbai, Maharashtra, 400001	in
S1-01378	Nair Systems Private Limited	982 Market Road, Seattle, 98101	us
S1-01379	Ganesh Traders Private Limited	3167 Church Street, Miami, FL	us
S1-01380	Crystal Logistics Limited	 TX, 78701	us
S1-01381	Star Systems pvt ltd.	204/199, Block C, Tamil Nadu, 600001	in
S1-01382	Prime Industries Ltd	4515 Anna Salai, MA, 02108	us
S1-01383	Elite Agro Corporation	278/15, Market Road, Mumbai, Maharashtra, 400001	in
S1-01384	Silver Motors Pvt Ltd	 Church Street, Near Bus Stand, Telangana, 500001	in
S1-01385	Gupta Imports Pvt Ltd	6390 Tower A, Denver, CO	us
S1-01386	Royal Cafe Inc.	9309 MG Road, OR	us
S1-01387	Singh Systems Corporation	 Boston, MA	us
S1-01388	Singh Imports Private Limited	383/189, Park Street, Near Bus Stand, Pune, Maharashtra	in
S1-01389	Green Agro Limited	6679 Gandhi Road, AZ	us
S1-01390	Silver Agro Company	275/94, Plot 44, Near Bus Stand, Jaipur, Rajasthan, 302001	in
S1-01391	Zenith Industries and Sons	17/23, Park Street, Near Bus Stand, Lucknow, Uttar Pradesh, 226001	in
S1-01392	Nair Motors Pvt Ltd	6603 Block C, Denver, 80202	us
S1-01393	Ganesh Traders Private Limited	2802 Plot 44, Portland, OR, 97201	us
S1-01394	Global Foods Pvt. Ltd.	 Plot 44, Near Bus Stand, Kochi, 682001	in
S1-01395	Apex Services Company	 Miami, FL	us
S1-01396	Silver Textiles Ltd	32/44, Opposite Court, Near Bus Stand, Mumbai, Maharashtra, 400001	in
S1-01397	Apex Textiles Pvt Ltd	3051 Lake View Road, Boston, MA, 02108	us
S1-01398	Green Enterprises Ltd	6343 Anna Salai, CO	us
S1-01399	Silver Electronics and Sons	 Atlanta, 30301	us
S1-01400	Ganesh Traders & Sons	336/178, Lake View Road, Near Bus Stand, Pune, Maharashtra	in
S1-01401	Nair Services Corporation	6846 Hill Road, WA, 98101	us
S1-01402	Star Consultants Co	474 Opposite Court, FL, 33101	us
S1-01403	Sigma Motors LLC	9153 Park Street, Miami, FL, 33101	us
S1-01404	Iyer Logistics Limited	289/193, Block C, Kerala, 682001	in
S1-01405	Nova Consultants Pvt. Ltd.	 Seattle, WA	us
S1-01406	Zenith Exports Company	394/108, Near Bus Stand, Kochi, Kerala	in
S1-01407	Smart Tech LLC	9951 Church Street, Portland, OR, 97201	us
S1-01408	Green Oils Ltd	144/164, Anna Salai, Near Bus Stand, Tamil Nadu, 600001	in
S1-01409	Smart Enterprises pvt ltd.	 CO, 80202	us
S1-01410	Royal Industries & Sons	4454 Hill Road, Atlanta, GA	us
S1-01411	Patel Textiles Limited	175/113, Plot 44, Near Bus Stand, Jaipur, Rajasthan	in
S1-01412	Iyer Systems Private Limited	 CO, 80202	us
S1-01413	Zenith Services Private Limited	354/182, Market Road, Near Bus Stand, Kochi, Kerala, 682001	in
S1-01414	Prime Motors Limited	 Lake View Road, Hyderabad, Telangana, 500001	in
S1-01415	Patel Traders Co	830 Church Street, Austin, TX, 78701	us
S1-01416	Delta Logistics Pvt Ltd	9216 Sector 21, Boston, MA, 02108	us
S1-01417	Sigma Services Ltd	994 Plot 44, Seattle, WA, 98101	us
S1-01418	Elite Enterprises Corp	147/10, Gandhi Road, Near Bus Stand, Mumbai, Maharashtra, 400001	in
S1-01419	Smart Pharma & Sons	181/176, Market Road, Near Bus Stand, Bengaluru, Karnataka, 560001	in
S1-01420	Das Consultants LLC	4771 Opposite Court, Miami, 33101	us
S1-01421	Apex Foods Company	8822 Gandhi Road, Portland, OR, 97201	us
S1-01422	Elite Technologies Inc	119/24, Station Road, Near Bus Stand, Pune, Maharashtra, 411001	in
S1-01423	Silver Electronics pvt ltd.	 Church Street, Near Bus Stand, Jaipur, 302001	in
S1-01424	Delta Imports and Sons	359/112, Near Bus Stand, Pune, 411001	in
S1-01425	Star Oils Company	1037 Hill Road, Miami, FL, 33101	us
S1-01426	Sharma Oils LLC	181/135, Nehru Nagar, Tamil Nadu, 600001	in
S1-01427	Modern Traders Pvt. Ltd.	7650 Nehru Nagar, Miami, FL, 33101	us
S1-01428	Smart Tech Private Limited	302/51, Near Bus Stand, Hyderabad, 500001	in
S1-01429	Golden Textiles Pvt. Ltd.	622 Plot 44, 30301	us
S1-01430	Iyer Electronics pvt ltd.	7483 Park Street, Boston, MA, 02108	us
S1-01431	Delta Electronics Ltd	265/176, Near Bus Stand, Kochi, Kerala, 682001	in
S1-01432	Royal Services Corp	196/103, Market Road, Mumbai, Maharashtra	in
S1-01433	Patel Pharma Corp	81/39, Park Street, Near Bus Stand, Bengaluru, Karnataka, 560001	in
S1-01434	Sigma Traders Ltd	9253 Plot 44, Atlanta, GA, 30301	us
S1-01435	Prime Motors Inc.	134/32, Station Road, Near Bus Stand, Jaipur, Rajasthan, 302001	in
S1-01436	Singh Industries Co	51/100, Block C, Near Bus Stand, Jaipur, Rajasthan, 302001	in
S1-01437	Vertex Pharma Private Limited	237/75, Church Street, Chennai, Tamil Nadu, 600001	in
S1-01438	Orion Technologies Private Limited	32/168, Gandhi Road, Near Bus Stand, Pune, Maharashtra, 411001	in
S1-01439	Shree Traders Private Limited	122/198, Church Street, Jaipur, Rajasthan	in
S1-01440	Sunrise Motors & Sons	 Park Street, Near Bus Stand, Chennai, Tamil Nadu, 600001	in
S1-01441	Vertex Systems and Sons	215/73, Tower A, Near Bus Stand, Maharashtra, 400001	in
S1-01442	Apex Foods Limited	5966 Anna Salai, Phoenix, 85001	us
S1-01443	Nova Enterprises Ltd	214/185, Near Bus Stand, Near Bus Stand, Bengaluru, Karnataka, 560001	in
S1-01444	Sharma Enterprises & Sons	9797 MG Road, Denver, CO	us
S1-01445	Ganesh Consultants Corp	2542 Gandhi Road, TX	us
S1-01446	Orion Exports LLC	297/141, Park Street, Near Bus Stand, Hyderabad, Telangana, 500001	in
S1-01447	Nair Agro and Sons	3737 Hill Road, Atlanta, GA	us
S1-01448	Smart Consultants Inc.	 Block C, Near Bus Stand, Mumbai, 400001	in
S1-01449	Ganesh Traders LLC	305/3, Hill Road, Near Bus Stand, Jaipur, Rajasthan	in
S1-01450	Prime Systems LLC	 Atlanta, 30301	us
S1-01451	Das Rice Ltd	304/135, Park Street, Near Bus Stand, Uttar Pradesh, 226001	in
S1-01452	Delta Motors Inc	386/77, Hill Road, Near Bus Stand, Uttar Pradesh, 226001	in
S1-01453	Orion Enterprises Co	 MA, 02108	us
S1-01454	Singh Foods and Sons	6048 Opposite Court, Atlanta, GA, 30301	us
S1-01455	Sai Enterprises Ltd	272/52, Near Bus Stand, Hyderabad, Telangana, 500001	in
S1-01456	Apex Foods Ltd	397/81, Plot 44, Near Bus Stand, Jaipur, Rajasthan, 302001	in
S1-01457	Global Services Inc	111/150, MG Road, Hyderabad, Telangana, 500001	in
S1-01458	Apex Systems Limited	165/144, Park Street, Near Bus Stand, Kerala, 682001	in
S1-01459	Vertex Systems Corporation	95/55, Temple Street, Near Bus Stand, 600001	in
S1-01460	Delta Exports Private Limited	 Atlanta, GA, 30301	us
S1-01461	Zenith Enterprises Private Limited	70/46, Opposite Court, Near Bus Stand, Lucknow, Uttar Pradesh, 226001	in
S1-01462	Sigma Industries Ltd	8719 Near Bus Stand, Miami, FL	us
S1-01463	Ganesh Traders pvt ltd.	3207 Near Bus Stand, AZ, 85001	us
S1-01464	Elite Electronics Corp	8886 Gandhi Road, Phoenix, AZ, 85001	us
S1-01465	Khan Rice & Sons	5986 Gandhi Road, Boston, MA, 02108	us
S1-01466	Modern Industries Corp	 Park Street, Near Bus Stand, Mumbai, Maharashtra, 400001	in
S1-01467	Gupta Imports Inc.	384/67, Near Bus Stand, Mumbai, 400001	in
S1-01468	Prime Enterprises Inc	7681 Temple Street, Phoenix, AZ, 85001	us
S1-01469	Crystal Imports Corp	7758 Nehru Nagar, TX, 78701	us
S1-01470	Ganesh Traders Pvt. Ltd.	340/130, Gandhi Road, Mumbai, Maharashtra, 400001	in
S1-01471	Khan Exports Company	 Church Street, Near Bus Stand, Maharashtra, 411001	in
S1-01472	Elite Agro Ltd	80/46, Lake View Road, Near Bus Stand, Telangana	in
S1-01473	Sharma Logistics and Sons	77/100, MG Road, Near Bus Stand, Lucknow, Uttar Pradesh, 226001	in
S1-01474	Ganesh Agro Private Limited	345/175, Near Bus Stand, Hyderabad, Telangana, 500001	in
S1-01475	Elite Solutions & Sons	58/45, Near Bus Stand, Jaipur, Rajasthan, 302001	in
S1-01476	Singh Exports Corporation	1240 Tower A, Atlanta, GA, 30301	us
S1-01477	Apex Foods Company	6051 Plot 44, TX, 78701	us
S1-01478	Crystal Oils Co	4299 Park Street, Denver, CO	us
S1-01479	Smart Solutions Inc	 Boston, 02108	us
S1-01480	Blue Consultants and Sons	11/106, Near Bus Stand, Near Bus Stand, Mumbai, Maharashtra, 400001	in
S1-01481	Khan Systems & Sons	236/112, Near Bus Stand, Pune, Maharashtra, 411001	in
S1-01482	Modern Systems Pvt Ltd	14/197, Nehru Nagar, Near Bus Stand, Karnataka	in
S1-01483	Apex Foods Ltd	390/92, Hill Road, Near Bus Stand, Lucknow, Uttar Pradesh	in
S1-01484	Ganesh Traders Pvt. Ltd.	 Opposite Court, Near Bus Stand, Mumbai, Maharashtra	in
S1-01485	Orion Exports Inc.	8901 Temple Street, Portland, OR, 97201	us
S1-01486	Krishna Foods Inc	110/39, Near Bus Stand, Kochi, Kerala, 682001	in
S1-01487	Silver Traders Limited	74/179, Gandhi Road, Near Bus Stand, 500001	in
S1-01488	Vertex Services LLC	270/32, Near Bus Stand, Lucknow, Uttar Pradesh	in
S1-01489	Patel Textiles Pvt. Ltd.	 FL, 33101	us
S1-01490	Ganesh Textiles Co	60/114, Market Road, Near Bus Stand, Lucknow, 226001	in
S1-01491	Smart Tech Private Limited	7215 Anna Salai, Phoenix, 85001	us
S1-01492	New Rice & Sons	385/24, Hyderabad, Telangana, 500001	in
S1-01493	Vertex Solutions and Sons	4192 Park Street, Austin, TX, 78701	us
S1-01494	Elite Oils Limited	 Near Bus Stand, Near Bus Stand, Kochi, Kerala, 682001	in
S1-01495	Prime Textiles Ltd	298/4, Near Bus Stand, Kochi, Kerala, 682001	in
S1-01496	Singh Agro LLC	328/115, Hill Road, Near Bus Stand, Bengaluru, Karnataka	in
S1-01497	Iyer Industries LLC	9782 Block C, Miami, FL, 33101	us
S1-01498	Apex Foods Inc	 Market Road, Near Bus Stand, Lucknow, Uttar Pradesh, 226001	in
S1-01499	Crystal Imports LLC	313/73, Nehru Nagar, Near Bus Stand, Chennai, Tamil Nadu, 600001	in
S1-01500	Sigma Electronics & Sons	8062 Near Bus Stand, WA, 98101	us
