entity_id	business_name	business_address	country
S3-00001		10/99 , Towyer A , Near Bus Stand , Bengaluru , Karnataka , 560001	in
S3-00002	Piesrime Solutions Pvt Ltd	7691 Hill Rd, WA, 98101	us
S3-00003	Star Imporats Inc.	1921 Gandhi Rd, WA	us
S3-00004	Imports LLC	3276 Market Road, Boston	us
S3-00005	Imports Corp	2169 Oposite Court, WA	us
S3-00006	VERTEX CORPORATION TRADERS	Lxake Vew Road , Lucknow , 226001	
S3-00007	CRYSTAL INDUSTRIES PVT. LTD.	Atlanta, GA	us
S3-00008	Crystal Pvt. Limited	1641 Park Street, Atlanta	us
S3-00009	Smart Tech & Sons	376/3, Near Bus Stand, Karnataka, 560001	in
S3-00010	Smart Tech &	376/3, Near Bus Stand, Karnataka, 560001	in
S3-00011	Royal Cafe Company	1718 Tower A , Austin , 78701	us
S3-00012	Enterprises Golden Ltd	396/4, Lake View Road, Near Bus Stand, Mumbai, Maharashtra, 400001	in
S3-00013	Veretex Electronics	2262 Tower A, Denver	us
S3-00014	Vertex Electronics Inc.	2262 Tower A , Denver , 80202	us
S3-00015	Khan Services Private Limited		us
S3-00016	Prime Motors Corp		us
S3-00017	GREEN FOODS AND SONS	18/36, MG Road, Near Bus Stand, Mumbai, Maharashtra, 400001	in
S3-00018	Smart Limited Imports	9637 Anna Salai , Boston , 02108	us
S3-00019	Khan Rice Pvt Ltd	317/71, Tower A, Pune, Maharashtra, 411001	in
S3-00020	SYSTEMS LXIMITED	Austin, 787x01	us
S3-00021	Green Rice Limited	Tower A , Hyderabad , Telangana , 500001	in
S3-00022	Rice Green Co	Tower A, Hyderabad, Telangana, 500001	in
S3-00023	Crystal Agro Corp	307/118, Block C, Near Bus Stand, Bengaluru, Karnataka, 560001	in
S3-00024	Smart Tech Corporation		us
S3-00025	SMART TECH CORPORATION	5354 Hill Reeoad , FL	us
S3-00026	SMART TECH CORPORATION		us
S3-00027	Rxoyal Inc	334 PLOT 44, AUSTAIN, 78701	us
S3-00028	Smart Oils & Sons		in
S3-00029	Orion and Sons	326/116, MG Road, Near Bus Stand, Maharashtra, 411001	in
S3-00030	Patel Taraders Pvt Pvt Ltd		in
S3-00031	Gupta Pvt. Pvt. Ltd.	9069 Temple Street, Austin, 78701	us
S3-00032	Gupta Systems Pvt. Limited	9069 Temple Street, 78701	us
S3-00033	Silver Enterprises Inc.	7848 Hill Road , Phoenix , AZ , 85001	us
S3-00034	Global Rice Ltd	1885 Station Road, Seattle, WA	us
S3-00035	Global Rice Ltd	1885 Station Road, Seattle, WA, 98101	us
S3-00036	Sai Agro Limited		in
S3-00037	Krishna Rice Ltd	4767 Tower A, Phoenix	us
S3-00038	Krishna Rice Pvt Inc.	4767 Tower A , Phoenix	us
S3-00039	DAS RICE PVT LTD	Seattle , WA	us
S3-00040	Das Rice Pvt Pvt. Ltd.	Seattle, WA	
S3-00041	SHREE SOLUTIONS AND INC	6229 Tower A, MA	us
S3-00042			
S3-00043	NOVA ENTERPRIASES INC.	201/27 , Sector 21 , Near Bus Stand , Chennai , 600001	in
S3-00044	Apex Foods Pyrivate Pvt Ltd	TX, 7x8701	us
S3-00045	PRIME INDUSTRIES LTD	1441 PARK STREET, PHOENIX, AZ, 85001	us
S3-00046	Industries Prime Inc.	1441 Park Street, AZ, 85001	us
S3-00047	Prime Industries	Phoenix, AZ, 85001	us
S3-00048	PRIME INDUSTRIES CORPORATION	1441 Park Street , Phoenix , AZ , 85001	us
S3-00049	Industries Corp	265/17, Station Rd, Near Bus Stand, Rajasthan, 302001	in
S3-00050		6284 Block C , 98101	us
S3-00051	Reeoyal Oils Pvt Ltd	Portland, OR	us
S3-00052	Prime Consultants Limited	386/34, STATION ROAD, CHENNAI, TAMIL NADU, 600001	in
S3-00053	Gupta Systems Company	5829 Market Rd, 97201	us
S3-00054	Royal Inc. Cafe	42/122, Near Bus Stand, Pune, Maharashtra, 411001	in
S3-00055	Nova Systems pvt	58/69, HILL ROAD, NEAR BUS STAND, HYDERABAD, 500001	in
S3-00056	pvt Systems Nova ltd.	Hill Road , Near Bus Stand , Hyderabad , 500001	in
S3-00057	Private Limited Traders Ganesh	4062 NEHRU NAGAR, PHOENIX, AZ	us
S3-00058	Delta Inxc. Enterprises	536 Anna Salai, Boston, MA, 02108	us
S3-00059	Krishna Agro Inc.	70ies13 Beelock C , Seattle , WA , 98101	us
S3-00060	Agro Inc.	7013 Block C, Seattle, WA, 98101	us
S3-00061	Agro Company	7013 Block C, Seattle, WA, 98101	us
S3-00062	Delta Agro and Sons	9382 Market Road, WA	us
S3-00063	Tech pvt Pvt Ltd	2605 Market Road, 97201	us
S3-00064	Smart Tech pvt ltd.	2605 Market Road , 97201	us
S3-00065	Smart Tech pvt ltd.	2605 Marxket Road , 97201	us
S3-00066	Blue Enterprises	5725 Nehru Nagar, Myiami, FL, 3311	us
S3-00067		344/41 , Near Bus Stand , Lucknow , Uttar Pradesh , 226001	in
S3-00068	Modern Textiles pvt Corp	9081 Near Bus Stand, 97201	us
S3-00069	Modern Textiles Pvt Ltd.	9081 Near Bus Stand, 97201	us
S3-00070			us
S3-00071	Delta Phaarma & Pvt. Ltd.	311/131, Plot 44, Near Bus Stand, Mumbai, Maharashtra, 400001	in
S3-00072	Ganesh Traders and Sons	239/189, MG Road, Near Bus Stand, Bengaluru, 560001	in
S3-00073	Ganesh Traders Inc	MG Road, Near Bus Stand, Bengaluru, 560001	in
S3-00074	Pharma pvt ltd.	58/57, NEHRU NAGAR, NEAR BUS STAND, MUMBAI, MAHARASHTRA, 400001	in
S3-00075	Elite Exports & Sons	Denver, CO, 80202	us
S3-00076	Ganesh Imports Pvt Ltd	6296 Sector 21, FL, 33101	us
S3-00077	GANESH IMPORTS PVT	6296 Sector 21, FL, 33101	us
S3-00078	Ganesh Imports Pvt Company		us
S3-00079		2066 Plot 44, Phoenix, 85001	us
S3-00080	ORION LLC AGRO	Opposite Court, Near Bus Stand, Karnataka, 560001	
S3-00081	Silver Enterprises Limited		us
S3-00082	SILVER ENTERPRISES	Austin, TX	us
S3-00083	Prime Electronics Private Limited	63/175, Church Street, Near Bus Stand, Hyderabad	
S3-00084		Block C, Near Bus Stand, Bengaluru, Karnataka	in
S3-00085	Star Enterprises Private	388/48, Plot 44, Near Bus Stand, Maharashtra	in
S3-00086	PRIVATE ENTERPRISES STAR LIMITED	388/48 , Plot 44 , Near Bus Stand , Maharashtra	in
S3-00087	Elite Textiles Private Inc	280/45, Park Street, Near Bus Stand, Jaipur	in
S3-00088	GLOBAL CO	Near Bus Stand, Near Bus Stand, Koschi, Kerala	in
S3-00089	Corp Logistics Pvt Sunrise	302/158, TEMPLE STRESET, NEAR BUS STAAND, CHENNAI, TSAMIL NAEDU, 600001	
S3-00090	Vertex Imports Corporation	234/3, HILL ROAD, JAIPUR, RAJASTHAN	in
S3-00091		207/1e84 , Gandhi Rd , Lucknow , Uttar Pradesh	in
S3-00092	Green Rice Inc.	5835 Nehru Nagar, Austin, TX, 78701	us
S3-00093	GREEN PVT. LTD. RICE		us
S3-00094	Apex Foods Private Limited	358/86, Lake View Road, Near Bus Stand, Pune, Maharashtra, 411001	in
S3-00095	Apex Foods Private Limited	358/86 , Leeake View Roeead , Near Bus Sstand , Pune , Meaharashtra	in
S3-00096	Sigma Foods Limited	3023 Hill Road, Phoenix, AZ, 85001	us
S3-00097	Smart Tech And Sons	9853 Church Street, FL	us
S3-00098	Silver Enterpriss Inc		in
S3-00099	Silver Enterprises and Sons		in
S3-00100	Das Imports Corporation	252/59, Plot 44, Bengaluru, Karnataka, 560001	in
S3-00101	ROYAL INC.		in
S3-00102	Orion Traders Pvt. LLC	MARKET ROAD, NEAR BUS STAND, KOCHI, KERALA, 682001	in
S3-00103	ORION TRADERS PVT. LTD.	Near Bus Stand , Kochi , Kerala	in
S3-00104	Ganesh Rice and LLC	106/51 , Near Bus Stand , Maharashtra , 400001	in
S3-00105	Sunrise Traders Pvt. Pvt. Ltd.	359/112, Gandhi Road, Near Bus Stand, Hyderabad, Telangana, 500001	in
S3-00106	Sunrise Traders Pvt. Company	359/112 , Gandhi Road , Near Bus Stand , Hyderabad , Telangana	in
S3-00107		TX, 78701	us
S3-00108	Sigma Enterprises Parivate Private Limited	BOSTON, 02108	us
S3-00109	Smart Company	DENVER , CO	us
S3-00110	NEW ELECTRONICS INYC.	Austin, TX	us
S3-00111	New Enterprises Private Limited	8749 Sector 21, Seattle	us
S3-00112	Nova Rice LLC	Nehru Nagar , Near Bus Stand , Jaipur , 302001	in
S3-00113	Ganesh Traders & Sons		us
S3-00114		7671 Park Street, Boston	us
S3-00115	GANESH TRADERS & SONS	7671 Park Street, 02108	us
S3-00116		87a/148, Hill Reoad, Near Bus Stand, Chennai, Tamil Nadu, 60001	in
S3-00117	Khan Industries & Sons	87/148 , Hiiesll Road , Neeear Bus Setand , Chennai , 600001	in
S3-00118	Industries & Sons	87/148 , Hill Road , Near Bus Stand , Chennai , Tamil Nadu , 600001	in
S3-00119	Reddy Motors Inc. Private	95/29, MG Road, Chennai, Tamil Nadu	in
S3-00120	APEX OILS LTD	Plot 44 , Near Bus Stand , Hyderabad , Telangana	in
S3-00121	Isyer Exports Pvt Ltd	61/91, Tower A, Hyderabad, Telangana, 500001	in
S3-00122			in
S3-00123	Sharma Electronics Pvt. Ltd.	6/80, Church Street, Near Bus Stand, Pune, Maharashtra	in
S3-00124	Electronics Pvt. Ltd.	6/80 , Church Street , Near Bus Stand , Pune , 411001	in
S3-00125	Vertex Pharma	Balock C, Lucknow, Uttar Pradesh	in
S3-00126	Zenith Exports Pvt Ltd	264/173 , Lake Viw Road , Near Bus Stand , Bexngaluru , Karnataka , 560001	in
S3-00127	Silver Pharma pvt ltd.		in
S3-00128	Silver Pharma pvt Ltd	366/75, Station Road, Near Bus Stand	in
S3-00129	Vertex Enterprises & And Sons	297/29 , PARK STREET , NEAR BUS STAND , HYDERABAD , TELANGANA	in
S3-00130	Enterprises and Sons	Phoenix, 85001	us
S3-00131	Iyer and Enterprises Corp	Phoenix, 85001	us
S3-00132	Singh Motors Pvt. Ltd	Denver, 80202	
S3-00133	GUPTA FOODS CORP	2579 Church Street, Portland	us
S3-00134	Elite Logistics Limited		us
S3-00135	REDDY LTD. PVT.	17/111, Church Street, Near Bus Stand, Lucknow, Uttar Pradesh	in
S3-00136	Reddy Foods Pvt. Ltd.	17/111, Near Bus Stand, Lucknow, Uttar Pradesh	in
S3-00137	Global Pharma pvt ltd.	197/187, Lake View Road, Lucknow, Uttar Pradesh, 226001	in
S3-00138	Global Inc	197/187, Lake View Road, Near Bus Stand, Lucknow, Uttar Pradesh, 226001	in
S3-00139	Prime Motors Ltd	9012 Church Street, MA	
S3-00140	Prime Motors Limited		us
S3-00141	New Pvt Ltd	106/67 , Lake View Road , Near Bus Stand , Pune , Maharashtra , 411001	in
S3-00142	LTD SOLUTIONS GREEN	GA, 30301	us
S3-00143	New Rice Pvt Ltd	Seattle, WA	
S3-00144	New Rice & Sons		us
S3-00145	KRISHNA COMPANY		in
S3-00146	Ganesh Traders Limited	AZ, 85001	us
S3-00147	Sunrise Electronics Co	SEATTLE, 98101	us
S3-00148	Vertex Electronics Private Limited	2688 Block C, Portland, OR, 97201	us
S3-00149			us
S3-00150	Gupta Logistics Company	252e/128 , Opposite Ciesourt , Near Bus Stand , Lucknow , Uttar Paradesh , 226001	in
S3-00151	VERTEX IMPORTS CORPORATION	815 Near Bus Stand, OR	us
S3-00152	Global Solutions Pvt LLC	3763 Near Bus Stand, Atlanta, GA, 303s01	us
S3-00153	Royal Electronics Private Limited	22/11, Near Bus Stand, Uttar Pradesh, 226001	in
S3-00154	APEX FOODS COMPANY	4749 Hieell Road, TX	us
S3-00155	Eleactronics Crystal Inc.	87/48, GANDHI ROAD, NEAR BUS STAND, MUMBAI, 400001	in
S3-00156	Crystal Electronics Ltd	87/48, Gandhi Rd, Near Bus Stand, Mumbai, 400001	in
S3-00157	Apex Foods Limited	353/189, Plot 44, Chennai	in
S3-00158	Apex Foods pvt ltd.	353/189, Near Bus Stand, Chennai, 600001	in
S3-00159	SOLUTIOANS LLC	262 Sector 21 , Atlanta , GA , 30301	us
S3-00160	Shree Solutions LLC	262 Sector 21, Atlanta, 30301	us
S3-00161	Traders Apex LLC	5153 Station Road, Boston, MA, 02108	us
S3-00162		30a3/198, Church Street, Near Bus Siestand, Mumbai, Maharashtra, 400001	in
S3-00163	Vertex Enterprises and Sons	Tower A , Telangana	in
S3-00164	KHAN FOODS AND SONS		us
S3-00165	Khan Foods Co	8759 Tower A, Phoenix, AZ	
S3-00166		8759 Tower A, Phoenix, AZ	us
S3-00167	Orion Technologies Isnc.	Park Street , Near Bus Stand , Mumbai	in
S3-00168	Company Rice Das	Austin, TX	us
S3-00169	New Imports Pvt Ltd.		in
S3-00170	Global Exports Pvt Ltd		in
S3-00171		Anna Salai , Near Bus Stand , Rajasthan , 302001	in
S3-00172	Sai Enterprises Company	7358 SECTOR 21, MA	us
S3-00173	SAI ENTERPRISES PRIVATE LIMITED	7358 Sector 21, MA	us
S3-00174	Apex Rice Pvt Ltd	4201 Gandhi Road, Atlanta, GA, 30301	
S3-00175			us
S3-00176	Apex Rice Pvt Co	4201 Gandhi Road , Atlanta , GA	us
S3-00177	Singh Traders Co		in
S3-00178	Moiesdern Enterprises and Sons	TX, 78701	us
S3-00179	Prime Textiles & Corp	186/29, Market Road, Near Bus Stand, Karnataka, 560001	in
S3-00180	Prime Motors Company	139/64, Temple Street, Near Bus Stand, Bengaluru, Karnataka, 560001	in
S3-00181	Neova Rice Corporation	Boston, MA, 02108	us
S3-00182	& Enterprises Sharma Sons	5436 Hill Rd, TX, 78701	us
S3-00183		TX, 78701	us
S3-00184	Blue Pharma and Ltd	Miami, 33101	us
S3-00185	DELTA ELECTRONICS INC.	141/128, Near Bus Stand, Karnataka	in
S3-00186	Nova Rice Co	2576 TEMPLE STREET, BOSTON, MA	us
S3-00187	Sxingh Electronics Inc	500 MARKET ROAD, BOSTON, MA	us
S3-00188	SINGH ELECTRONICS PVT. LTD.	500 Market Road, Boston, MA	us
S3-00189	CRYSTAL CONSULTANTS PRIVATE PRIVATE LIMITED	7370 Hill Road , FL	us
S3-00190		157/a105 , Gaandhi Rd , Near Bus Stand , Teeamil Nasdu	in
S3-00191	VERTEX MOTYORS INC.	134/15, KOCHI, KERALA, 682001	in
S3-00192		Denver, 80202	us
S3-00193	Zenith Imports Ltd	355/101 , Gandhi Road , Near Bus Stand , Hyderabad , Telangana , 500001	in
S3-00194	Smart Tech & Caorp		us
S3-00195		150/69, Market Road, Karnataka, 560001	in
S3-00196	Vertex Textiles Company	150/69, Market Road, Near Bus Stand, Karnataka, 560001	in
S3-00197	IYER TRADERS AND SONS		
S3-00198	IYER TRADERS AND & SONS	118/11, Market Road, Near Bus Stand	in
S3-00199	Krishna Industries Pvt. Ltd.	Near Bus Stand, Lucknow, Uttar Pradesh, 226001	in
S3-00200	Delta Foods & Sons	Hill Road , Near Bus Setand , Hyderabad , 500x001	in
S3-00201	Krishna Limited Electronics	191/10, Bengaluru, Karnataka, 560001	in
S3-00202	Krishna Limited		in
S3-00203	Star Traders & Sons		us
S3-00204	Gslobal Exports Corporation	PORTLAND, OR	us
S3-00205	Gupta Foods Corporiesation	375/51, Plot 44, Lucknow, Uttar Pradesh, 226001	in
S3-00206	Green Pvt Corp	Phoenix, AZ, 85001	us
S3-00207	Reddy Solutions Pvt Inc	126/159, Near Bus Stand, Lucknow, Uttar Pradesh	
S3-00208	Delta Electronics Pvt Ltd	3831 Gandhi Road , MA	us
S3-00209	Vertex Agro & Sons		in
S3-00210	Sigma Motors Pvt Ltd	ATLANTA, GA	us
S3-00211			
S3-00212	Smart Tech Inc.	Gandhi Rd, Near Bus Stand, Chennai, Tamil Nadu, 600001	in
S3-00213	Green Rice Private Limited	294/154, NEAR BUS STAND, TAMIL NADU	in
S3-00214	Zenith Traders Pvt Ltd.	Miami, FL	
S3-00215	Zenith Tradesrs Corp	MIAMI, FL, 3A3101	us
S3-00216	Zenith Trayders	9054 Sector 21, Miami, FL, 33101	us
S3-00217	Krishana Traders Co	3099 Temple Street , Seattle , WA	us
S3-00218	Vertex Oils Corporation	267/139, Near Bus Stand, Lucknow, 226001	in
S3-00219	Vertex Oils Pvt Ltd	267/139, Lucknow, Uttar Pradesh, 226001	in
S3-00220	VERTEX OILS CORPORATION	267/139 , Near Bus Stand , Uttar Pradesh , 226001	in
S3-00221	Sailver Exports Pvt. Ltd.	9205 Plot 44, Miami, FL, 33101	us
S3-00222	Silver Exports Pvt. Inc.		us
S3-00223	Star Solutions Company	Denver, 80202	us
S3-00224	Star Company Solutions		us
S3-00225	Royal Cafe Private Limited	96/72, Church Street, Near Bus Stand, Bengaluru, Karnataka, 560001	in
S3-00226	Royal Cafe Corporation	96/72 , Church Street , Near Bus Stand , Bengaluru , Karnataka , 560001	in
S3-00227	Royal Cafe Private Limited		in
S3-00228	Patel Electronics Inc.	335/194, Temple Street	in
S3-00229	Elite Systems Pvt. Ltd.		in
S3-00230	ELITE SYSTEMS PVT. LTD.	GANDHI ROAD, NEAR BUS STAND, RAJASTHAN, 302001	in
S3-00231	Nair Agro Inc	332/123, Jaipur, Rajasthan	in
S3-00232	Smart Solutions pvt ltd.	Boston, MA	us
S3-00233	Smart Inc	Bosieston, MA	us
S3-00234		306/127, Market Road, Near Bus Stand, Jaipur, Rajasthan	in
S3-00235	Star Oils & Inc.	MA, 02108	us
S3-00236		Seattle , 98101	
S3-00237			in
S3-00238	Green Tiesraders Limited	1518 Staxtion Road, Phoenix, AZ, 85001	us
S3-00239	Traders and Sons	1518 Station Road, Phoenix, 85001	us
S3-00240	Green Traders		us
S3-00241	Green Traders Inc	1518 Station Road , Phoenix , AZ	us
S3-00242		108/29, Station Road, Near Bus Stand, Bengaluru, Karnataka, 560001	in
S3-00243		7444 Market Rd , Boston	us
S3-00244	Smart Corp Tech	3181 Market Road, 80202	us
S3-00245	Smart Tech Corp	3181 Market Road , Denver	us
S3-00246		244/17, Lake View Rd, Near Bus Stand, Telangana, 500001	in
S3-00247		289/96, Station Road, Near Bus Stand, Chennai, Tamil Nadu, 600001	in
S3-00248	MOTORS ELITE PVT	289/96 , STATION ROAD , NEAR BUS STAND , CHENNAI , TAMIL NADU , 600001	in
S3-00249	and Sons Pvt Elite	289/96, Station Road, Near Bus Stand, Chennai, Tamil Nadu, 600001	in
S3-00250	Silver Technologies Corporation	9927 MG Road, Phoenix	us
S3-00251	Limited Motors Prime	164/163, Opposite Court, Near Bus Stand, Kerala	in
S3-00252	Golden Services LLC		in
S3-00253		376/187, Park Street, Near Bus Stand, Rajasthan, 302001	in
S3-00254	Golden Services Llc	376/187, Park Street, Near Bus Stand, Rajasthan, 302001	
S3-00255	Logistics Corporation	Gandhi Road, Near Bus Stand, Hyderabad, Telangana, 500001	in
S3-00256	Elite Exports Ltd	2172 Block C , Boston , MA , 02108	us
S3-00257	Shree Foods Private Limited	75/68 , Near Bus Stand , Bengaluru	in
S3-00258	Orion Pharma Inc.	60/5, GANDHI ROAD, NEAR BUS STAND, LUCKNOW, UTTAR PRADESH	in
S3-00259	ORION PHARMA	60/5, Gandhi Road, Near Bus Stand, Lucknow, Uttar Pradesh, 226001	in
S3-00260	Global Consultants Pevt. Ltd.	180/15, Near Bus Stand, Rajasthan, 302001	in
S3-00261	ROYAL CAFE PVT. PVT. LTD.	151/60 , OPPOSITE COURT , KOCHI , KERALA	in
S3-00262	Patel Logistics Company pvt	Near Bus Stand, Kochi, Kerala	in
S3-00263	Silver Pvt. Ltd.	8019 Hill Road, 98101	us
S3-00264	SILVER TECHNOLOGIES PVT. INC	8019 Hill Road, 98101	us
S3-00265	TECHNOLOGIES CO	4756 Block C, Boston, MA, 02108	us
S3-00266	Gupta Co	4756 Block C, Boston, MA	us
S3-00267		390 Park Street , Boston , MA , 02108	us
S3-00268	Patel Oils and Sons		in
S3-00269	Singh Systems pvt ltd.	SEATTLE , 98101	us
S3-00270	Singh Systms pvt Company	SEATTLE, 98101	us
S3-00271		Church Street, Pune, Maharashtra, 411001	in
S3-00272	Blue Services & Sons	337y/20 , Church Street , Mumbxai , Maharashtra	in
S3-00273	Royal Cafe Inc	7682 Sector 21 , TX	us
S3-00274		Pyhoenix, 85001	us
S3-00275		149/181, NEAR BUS STAND, MAHARASHTRA	in
S3-00276	MODEARN ELECTRONICS PVT. LTD.	TX, 78701	us
S3-00277	Global Technologies LLC	210/169, Block C, Near Bus Stand, Rajasthan	in
S3-00278	Prime Rice Inc		us
S3-00279	Apex Foods Private Limited	390/99, NEAR BUS STAND, BENGALURU, KARNATAKA, 560001	in
S3-00280	Sai Services Corp		us
S3-00281		3886 Temple Street, Boston, MA, 02108	us
S3-00282	SUNRISE IMPORTS PVT. CORPORATION	3y9/151 , Near Bus Staiesnd , Uttar Pradesh	in
S3-00283	Smart Solutions Pvt. Co	AZ, 85001	us
S3-00284	SHREE SYSTEMS CORPORATION	166/140 , Near Bus Stand , Maharashtra , 411001	in
S3-00285	SINGH TECHNOLOGIES CO	97/25 , Market Road , Near Bus Stand , Hyderabad , Telangana	in
S3-00286	Nova ltd. pvt Enterprises	163/156, MG Road, Near Bus Stand, Lucknow, 226001	in
S3-00287	Blue Llc Enterprises	SEATTLE , 98101	us
S3-00288	ENTERPRISES INC.	Seattle , WA , 98101	us
S3-00289	Nair Systems Corp	5625 Church Street, MA, 02108	us
S3-00290	Prime Motors Pvt Ltd	170/168 , Station Road , Near Bus Stand , Mumbai , Maharashtra , 400001	in
S3-00291	Elite Foods Inc		in
S3-00292	VERTEX LOGISTICS CO	1307 MG Road, FL, 33101	us
S3-00293	Singh Enterprises and Sons	4145 Near Bus Stand, GA, 30301	
S3-00294	Prime Motors Inc	113/43, Near Bus Stand, Txelangana, 500001	in
S3-00295	Elite Electronics and Sons	299/26, Near Bus Stand, Near Bus Stand, Chennai, Tamil Nadu	in
S3-00296	Apex Enterprises Pvt Ltd.	5792 Station Road, Boston, 02108	us
S3-00297	Pvt Ltd Imports Krishna	Chennai, Tamil Nadu, 600001	in
S3-00298	PRIME MOTORS AND LIMITED	10/168 , Neyar Bus Stand , Hyderabad	in
S3-00299	Patel Oils Corporation	33/88, Near Bus Stand, Kocehi, Kxerala, 682001	in
S3-00300		334/88, Near Bus Stand, Kochi, Kerala	in
S3-00301	Apex Enterprises & Inc.	48/74 , Plot 44 , Near Bus Stand , Kochi , Kerala	in
S3-00302	Apex Foods Corporation	255/69, PLOT 44, NEAR BUS STAND, TAMIL NADU, 600001	in
S3-00303	Iyer Services Private Limited	2192 Park Street, Austin, TX, 78701	us
S3-00304	Iyer Services Private aneed Sons	2192 Paeerk Street, Axustin, TX	us
S3-00305	Apex Foods Co	Portland, OR, 97201	us
S3-00306		102/61, Lake View Road, Chennai, 600001	in
S3-00307	Nova Enterprises Pvt. Ltd.	9309 SECTOR 21 , ATLANTA , GA , 30301	us
S3-00308	PATEL TEXTILES	1501 Park Street, Boston	us
S3-00309	Textiles Green Private Limited	140/18, Tower A, Chennai, Tamil Nadu, 600001	in
S3-00310	DELTA SOLUTIONS PVT LTD.	7/67, Church Street, Near Bus Stand, Telangana, 500001	in
S3-00311	Solutions Delta pvt ltd.		in
S3-00312	Private Rice New Limited	94/ies15 , Near Bus Stiesand , Neeear Bus Stand , Mumbai , 400001	in
S3-00313	NEW RICE PRIVATE LLC	94/15, NEAR BUS STAND, NEAR BUS STAND, MUMBAI, MAHARASHTRA, 400001	in
S3-00314	KHAN ENTERPRISES CO	CO, 80202	us
S3-00315	Vertex Technologies Corp	8514 Temple Street, Densver, CO, 80202	us
S3-00316	VERTEX TECHNOLOGIES CORPORATION	85Y14 TEMPLE STREET, DENVER, CO, 80202	us
S3-00317	Prime Motors Corporation	135/41, Near Bus Stand, Maharashtra, 411001	in
S3-00318	Nair Industries Pvt Ltd	3563 Near Bus Stand, Phoenix, AZ, 85001	us
S3-00319	Industries Inc	3563 Near Bus Stand, Phoenix, 85001	us
S3-00320	Nair Co	Phoenix, AZ, 85001	us
S3-00321	BLUE ENTERPRISES	Boston , MA	us
S3-00322	SHREE SYSTEXMS PVT LTD	511 PARK STREET, PHOENIX, 85001	us
S3-00323	Enterprises and Corp	370/190, Hill Road, Near Bus Stand, Mumbai, Maharashtra	in
S3-00324	Khan Foods and Sons	5387 Market Road, Portland, OR, 97a201	us
S3-00325	Green Solutions and Sons		in
S3-00326	Nair Foods Corporation	Portland, 9x7201	us
S3-00327	Nair Foods Pvt Ltd.	7889 Near Bus Stand , 97201	us
S3-00328	Iyer Technologies Corporation	1797 Opposite Court, Miami, FL, 33101	
S3-00329	Iyer Corporation Technologies	1797 Opposite Court, Miami, FL, 33101	us
S3-00330	Sai Electronics Corp	2321 Sector 21 , Austin , TX	us
S3-00331	Das Industries Pvt. Corporation	8/14 , Plot 44 , Near Bus Stand , Pune , Maharashtra , 411001	in
S3-00332	Sai Exports Corporation	91/116, Station Rd, Near Bus Stand, Hyderabad, 500001	in
S3-00333	Royal Traders and Sons	8410 MG Road, Atlanta, GA, 30301	
S3-00334	Vertex Rice and Sons		us
S3-00335	Traders Pvt. Ltd.	114/44 , TEMPLE STREET , HYDERABAD , TELANGANA	in
S3-00336	Technologies pvt ltd.	360/146, Sector 21, Near Bus Stand, Rajasthan, 302001	in
S3-00337	Llc Technologies Pvt Blue	360/146, Sector 21, Near Bus Stand, Rajasthan, 302001	in
S3-00338	Royal Cafe Corporation	Gandhi Road , Near Bus Stand , Bengaluru	in
S3-00339	Pharma Ltd	379/66, PLOT 44, TELANGANA	in
S3-00340	Prime Pharma LLC	379/66, PLOT 44, HYDERABAD, TELANGANA	in
S3-00341	Crystal Pharma LLC	263/98 , NEAR BUS STAND , TAMIL NADU , 600001	in
S3-00342	ZENITH SOLUTIONS PVT LTD		us
S3-00343	Zenith Solutions Pvt Ltd	8166 Temple Street, Denxver, CO	us
S3-00344	Blue Industries and and Sons	310/197, Temple Street, Pune, Maharashtra	in
S3-00345	Solutions Corp	MA , 021ee08	us
S3-00346		Anna Salai, Nar Bus Sstand, Ksochi, 6e82001	in
S3-00347	APEX FOODS LTD	318/112, Near Bus Stand, Near Bus Stand, Hyderabad, Telangana, 500001	in
S3-00348	Sunrise Foods Pvt. Ltd.	9083 Tower A, Phoenix, AZ	us
S3-00349	Sunrise Foods Pvt. Ltd.	9083 Tower A, AZ	us
S3-00350	Silver Imports pvt Corporation	Hill Road , Near Bus Stand , Tamil Nadu , 600001	in
S3-00351	Golden Electronics Llc	5838 HILL RD, AUSTIESIN	us
S3-00352	Golden Electronics	58a38 Hill Rd, Austin, TX	us
S3-00353	Delta Exports Co		in
S3-00354	Electronics Suynrise Corporation	Near Bus Stand , Mumbai , Maharashtra	in
S3-00355	ELECTRONICS LLC	311/48 , Near Bus Stand , Mumbai , Maharashtra	in
S3-00356	SAI PHARMA & COMPAIESNY	Plot 44 , Near Bus Stand , Lucknow , Uttar Pradesh , 226001	
S3-00357	PHARMA SONS &		in
S3-00358	GOLDEN FOODS PVT LTD	7456 Anna Salai, Phoenix, 85001	us
S3-00359	Royal Cafe Limited	Seattle, WA	us
S3-00360	Shree Oils Co	178/32, Sector 21, Near Bus Stand, 560001	in
S3-00361	Vertex Services Private Limited	5x089 Anna Salai, GA	us
S3-00362	Sharma Services Corporation	410 Stxation Riesoad , Phoenix , AZ	us
S3-00363	PRIME ENTERPRISES CORP	13/176 , Anna Saliesai , Neaar Bus Stsand , Pune , Maharasehtra , 411001	in
S3-00364	Sai Services and Sons	Lake View Road, Near Bus Stand, Jaipur, Rajasthan	in
S3-00365		308/50, Near Bus Stand, 400001	in
S3-00366	Elite Imports Private Limited	308/50, Gandhi Road, Near Bus Stand, 400001	in
S3-00367	Elite Private Limited	308/50, Gandhi Road	in
S3-00368	LLC Fods Apex	2e2/158, Mumbai, Maharashtra, 40ies0001	in
S3-00369	Gupta Rice Inc	1868 Hill Road, Denver, CO, 80202	us
S3-00370	Reddy Textiles Pvt and Sons	Austin , 78701	us
S3-00371		238 MG RD, MA	us
S3-00372	Green Services Llc	7254 Anna Salai, Austin	us
S3-00373	GANESH AGRO PRIVATE LIMITED	MG Road , Near Bus Stand , Pune	in
S3-00374		314/21, MG Rd, Near Bus Stand, Pune	in
S3-00375	Ganesh Traders Private Limited	212/16 , Tower A , Chennai , Tamil Nadu	in
S3-00376		BLOCK C, NEAR BUS STAND, PUNE	in
S3-00377	Das Services	Block C, Pune, Maharashtra, 411001	in
S3-00378	Das Services Corporation	Block C , Near Bus Stand , Pune , Maharashtra	in
S3-00379	Patel And Sons Private	7717 MG Road , Miami	us
S3-00380	Krishna Motors Limited	Temple Street, Near Bus Stand, Mumbai, Maharashtra, 400001	in
S3-00381	Nova Industries Ltd	43/103, Hill Road, Mumbai, Maharashtra, 400001	in
S3-00382	Glyobal Traders Company	5761 SECTOR 21, SEATTLE, 98101	us
S3-00383	Iyer Electronics Inc.	5669 Temple Street , Seattle	us
S3-00384		1197 Park Street, Boston, 02108	us
S3-00385	Shree Inac.	9184 Block C, Portland	us
S3-00386	Shree Imports Limiated	9184 Block C, Portland	us
S3-00387	Patel Industries Private Limited	Boston, MA	
S3-00388	GUPTA PRIVATE LIMITED PVT INDUSTRIES	6977 Lake View Road, Seattle, WA	us
S3-00389	Gupta Industries pvt ltd.	6977 Lake Viyew Road, Seattle, WA, 98101	us
S3-00390	Reddy Industries Inc.	156/10, NEAR BUS STAND, KOCHI, KERALA	in
S3-00391	Reddy Industries Inc.	156/10, Near Bus Stand, Kochi	in
S3-00392	Nova Oils Corp	TX, 78701	us
S3-00393	Nair Consultants & Sons	119X/85, MARKET ROAD, PUNE, MAHAREASHTRA, 411EE001	in
S3-00394	Apeex Motors Ltd	205/91, MG Road, Telaangana, 5000y01	in
S3-00395	Royal Cafe LLC	6848 Opposite Court , GA , 30301	us
S3-00396	Shree Electronics and Sons	364/1x84 , Plot 44 , Neeear Bus Stand , Mumbeai , Maharashtra	in
S3-00397	Naeir Electronics and Sons	6473 Temple Street, Miami, FL	
S3-00398	Enterprises Co	2399 Tower A, TX, 78701	
S3-00399	New Technologies Inc	2044 Park Street , WA , 98101	us
S3-00400		18/183, Lake View Rd, Near Bus Stand, Mumbai, Maharashtra	in
S3-00401	Silvxer Solutions Corporation	MIAMI, FL	us
S3-00402			in
S3-00403	Smart Traders	Chennai, Tamil Nadu, 600001	in
S3-00404	IYER PHARMA PVT LTD	7568 MG Road , 02108	
S3-00405	IIESYER PHARMA PVT LTD	7568 MG Road , MA	us
S3-00406	Apex Foods Company	MA, 02108	us
S3-00407	Vertex Systems Inc	114/152, MG ROAD, NEAR BUS STAND, JAIPUR, RAJASTHAN, 302001	in
S3-00408	Elite Pharma and Sons	101/69, Nehru Nagar, Near Bus Stand, Lucknow, 226001	in
S3-00409	Golden Rice Pvt Ltd.	Mumbai, Maharashatra, 400001	in
S3-00410	Royal Cafe pvt & Sons	240/75, Temple Street, Near Bus Stand, Kochi, Kerala, 682001	in
S3-00411	Royal Cafe pvt ltd.	240/75 , Temple Street , Near Bus Stand , Kochi , Kerala , 682001	in
S3-00412	Orion Industries Ltd	113/24, Near Bus Stand, Tamil Nadu	in
S3-00413	SHREE TECHNOLOGIES INC.	317/51 , ANNA SALAI , NEAR BUS STAND , 560001	in
S3-00414		9005 NEAR BUS STAND , PHOENIX , 85001	us
S3-00415	Blue Corporation	4537 Hill Rd, Phoenix, AZ, 85001	us
S3-00416	Nova Imports Llc	Temple Street, Near Bus Stand, Bengaluru, Karnataka	in
S3-00417	LLC TECH SMART	973 BLOCK C, DENVER, CO	us
S3-00418	Smart Tech Llc	973 Bylock C, Denxver, CO	us
S3-00419		973 Block C, CO	us
S3-00420	Smart Company	973 Block C, CO	us
S3-00421	Smart Motors pvt ltd.		us
S3-00422	Sigma Pharma Pvt. Ltd.	Near Bus Satand, Bengaluru, Karnataka	in
S3-00423	Khan Imports Pvt. Ltd.		in
S3-00424	Inc. Imports Khan	361/177, MG Road, Near Bus Stand, Karnataka, 560001	in
S3-00425	Star Oeeils Ltd	9377 Lake View Road , CO	us
S3-00426	Star Oils Pvt Ltd	9377 Lake View Road, CO	us
S3-00427	DAS ELECTRONICS LIMITED	8334 Church Street, 80202	us
S3-00428	Iyer Agro Pvt Ltd	4308 Sector 21 , Miami	us
S3-00429	Sharma Motors Private Limited	344/147, Church Street, Kochi, Kerala	in
S3-00430	SHARMA MOTORS PRIVATE INC	344/147 , CHURCH STREET , KOCHI , KERALA , 682001	in
S3-00431	Silver Technologies Pvt. Company	243/155, Lake View Road, Near Bus Stand, Maharashtra, 400001	
S3-00432	SILVER TECHNOLOGIES PVT. PRIVATE LIMITED	243/155, Lake View Road, Near Bus Stand, Mumbai, 400001	in
S3-00433	Smart Enterprises Pvt. Ltd.	Near Bus Stand, Lucknow, Uttar Pradesh, 226001	in
S3-00434	Smart Tech Corp	397/110, MG ROAD, LUCKNOW, UTTAR PRADESH, 226001	in
S3-00435	Silver Logistics Inc	6544 Opposite Court, Phoenix, AZ, 85001	us
S3-00436	SILVER COMPANY	6544 Opposite Court, Phoenix, AZ, 85001	us
S3-00437	Logistics LLC	6544 Opposite Court, Phoenix, AZ, 85001	us
S3-00438	PRIME ENTERPRISES PVT LTD	TX, 78701	us
S3-00439	Inc Technologies Global		in
S3-00440	Royal Cafe Limited	Portland, OR, 97201	us
S3-00441	Khan Traders & pvt ltd.	Toswer A, Near Bus Stand, Kochi, 682001	in
S3-00442	Khan Traders & Sons		
S3-00443	Reddy Foods Company	8552 Block C , Miami , FL , 33101	
S3-00444	Sharma Reeice	2513 Temple Street, Miami, FL	us
S3-00445	Rsice Ltd	2513 TEMPLE STREET , MIAMI , FL	us
S3-00446	New Consultants Pvt Limited	300/56, Bengaluru, 560001	in
S3-00447	New Consultants Pvt Ltd.	300/56, Park Street, Besngaluru	in
S3-00448	Delta Logistics Inc	230/122, Gandhi Road, Near Bus Stand, Kochi	in
S3-00449	Silver Traders Corporation	6/57, Nehru Nagar, Near Bus Stand, Lucknow, Uttar Pradesh, 226001	in
S3-00450	SINGH TRADERS AND CO	Near Bus Stand , Rajasthan , 302001	in
S3-00451	Singh and Traders Inc.		in
S3-00452	Logistics Private Limited	142/64, Lake View Road, Bengaluru	in
S3-00453	ELITE LOGISTICS PRIVATE PVT LTD.	142/64 , Lake View Road , Bengaluru , 560001	
S3-00454	Gupta Ltd Logistics	5407 LAKE VIEW RIESOAD , DENVER , 802EE02	us
S3-00455	Logistics Gupta Ltd	5407 LAKE VEEIEW ROIESAD, DYENVER, CO, 80IES202	us
S3-00456	Golden Oils Private Limited	1971 Lake View Road, Austin, TX, 78701	us
S3-00457	Consultants New Llc	844 Sector 21 , Seattle , WA	us
S3-00458	NEW CONSUXLTANTS LIMITED	844 Sector 21, WA	us
S3-00459	Singh Enterprises and Soyns	6528 Near Bus Stand, GA, 30301	us
S3-00460	Singh Enterprises and Sons	6528 NEAR BUS STAND , GA , 30301	us
S3-00461	Reddy Exports & Inc.	Phoenix, 85001	us
S3-00462	Reddy & Corporation	Phoenix, 85001	
S3-00463	Vertex Systems Corp	Atylanta, 30301	us
S3-00464	Singh Moors Corporation	AZ, 8501	us
S3-00465	ROYAL LOGISTICS PRIVATE LIMITED	Near Bus Stand, Hyderabad, 500001	in
S3-00466	Exports and Sons	87E56 TOWER A, 30301	us
S3-00467	Sunrise Exports And Sons	8756 TOWER A, 30301	us
S3-00468		8a756 Tower A, 30301	us
S3-00469	Gupta Consultants & Sons	4341 Near Bus Stand, Denver, CO	us
S3-00470	VERTEX ENTERPRISES PVT. LTD.	165/23, Park Street, Near Bus Stand, Bengaluru, Karnataka, 560001	in
S3-00471	Consultants LLC	7976 Tower A, Miami, FL	us
S3-00472	Sai Enterprises	304/116 , Market Road , Near Bus Stand , Hyderabad , Telangana , 500001	
S3-00473	Royal Motors Co	81/165, Church Street, Near Bus Stand, Hyderabad, Telangana, 500001	in
S3-00474	NOVA AGRO LLC		us
S3-00475	Agro Pvt Ltd	WA, 98101	us
S3-00476	Modern Exports LLC	SEATTLE, WA	us
S3-00477	LLC FOODS NEW	4156 Hill Rd, Austin	us
S3-00478	New Foods	4156 HILL ROAD, AUSTIN, 78701	us
S3-00479	New Systems		us
S3-00480		9601 Nehru Nagar , FL	us
S3-00481		124/98, Oposite Couxrt, Neaar Bus Staynd, Tamil Nadu, 600001	in
S3-00482	Apex Foods Private Ltd	35/58, Plot 44, Near Bus Stand, Pune, Maharashtra, 411001	in
S3-00483	Golden Motors Corporation	Hill Road, Near Bus Stand, Bengaluru, Karnataka	in
S3-00484	Nair Agro & Sons	36/44, Near Bus Stand, Bengaluru, Karnataka, 560001	in
S3-00485	Vertex Enterprises Corp	9552 MG Rd, GA	us
S3-00486	Orion Rice & Corp	2830 Station Road , Austin , 78701	us
S3-00487	Prime Motors Inc	4097 Near Bus Stand , Seattle	us
S3-00488	Khan Imports Corp	Boston, MA	us
S3-00489	New Foods and Inc	8a209 Tower A, Pyhoenix	us
S3-00490	Star Solutions pvt Ltd	278/140, Tower A, Near Bus Stand, Mumbai	in
S3-00491	Star Solutions pvt pvt ltd.	278/140, Tower A, Near Bus Stand, Mumbai	in
S3-00492	Royal Cafe pvt ltd.	13/35 , Bengaluru , Karnataka	in
S3-00493	ROYAL RICE INC.	192/79, Nehru Nagar, Near Bus Stand, Uttar Pradesh, 226001	in
S3-00494	Royal Rice Inc.	192/79, NEHRU NAGAR, NEAR BUS STAND, UTTAR PRADESH, 226001	in
S3-00495	Iyer Systems & Sons	MA, 02108	
S3-00496		6815 PARK STREET, MIAMI, FL, 33101	us
S3-00497	Nova LLC		us
S3-00498	Inc Textiles Krishna	3915 Lake View Road, Miami, FL, 33101	us
S3-00499	Elite Industries Corp	8686 Block C, Austin, TX, 78701	us
S3-00500	GREEN SYSTEMS AND SONS		us
S3-00501	GREEN SYSTEMS AND LIMITXED	Portland , OR	us
S3-00502	Krishna Industries Inc	628 Park Street , TX	us
S3-00503	Reddy Electronics pvt Ltd	4790 Tower A, Miami, FL, 33101	us
S3-00504			us
S3-00505	Sunrise Technologies Co	Temple Street, Near Bus Stand, Chennai, Tamil Nadu, 600001	in
S3-00506	Sunrise Techologies Pvt. Ltd.	Temple Street, Near Bus Stand, Chennai, Tamil Nadu, 600001	in
S3-00507	SHREE IMPORTS PVT LTD	9730 Hill Road, Austin, TX	us
S3-00508	Pharma Corp	9218 OPPOSITE COURT, DENVER, CO, 80202	
S3-00509	Lgistics Inc.	Denver, CO	us
S3-00510	Gupta Electronics Limited	2058 STATION ROAD, OR, 97201	us
S3-00511		82/96, Jaipur, Rajasthan, 302001	
S3-00512	Prime Corporation	4s343 Plot 44, Deynver, CO, 80202	us
S3-00513	Patel Imports pvt ltd.	Boston, MA, 02108	us
S3-00514	Pvt. Ltd. Enterprises pvt Crystal	31/168, KOCHI, KERALA, 682001	in
S3-00515		31/168, Kochi, Kerala	in
S3-00516	Cryxstal Enterprises pvt Co	Kochi, Kerala	in
S3-00517	Vertex Pvt. Ltd.	135/35 , Near Bus Stand , Jaipur , Rajasthan , 302001	in
S3-00518		61/137, Near Bus Stand, Hyderabad, Telangana	in
S3-00519		61/137, NEAR BUS STAND, HYDERABAD, TELANGANA	in
S3-00520	Solutions Limited		in
S3-00521	Smart Tech	6514 TEMPLE STREET , OR , 97201	us
S3-00522	Sharma Traders Sons and	4592 Park Street, Austin	
S3-00523	Sharma Traders and Company	4592 Park Street, Austin, 78701	us
S3-00524	Sharma Traders and Sons	Austin, 78701	us
S3-00525	Smart Logistics Limited	164/155 , Ansna Saeelai , Neyar Bus Stand	
S3-00526	Exports LLC	10098, HYILL ROAD, NEEEAR BUS STAND, BENGEALURU, KAARNATAKA	in
S3-00527	Exports LLC	100/98, Hill Road, Near Bus Stand, Bengaluru, Karnataka	in
S3-00528	Reddy Exports LLC	100/98 , Near Bus Stand , Bengaluru , Karnataka	in
S3-00529	BLYUE OILS & INC	8714 Market Road, Austin, TX, 78701	us
S3-00530	GANESH TRADERS AND SONS	66/131 , Near Bus Stand , Pune , Maharashtra , 411001	in
S3-00531	Vertex & Agro Sons		us
S3-00532	Gupta Motors Company	136/185, Neyar Bus Stand, Near Bus Steeand, Kochi, Kerala	in
S3-00533	Krishna Consultants Company	5112 Lake View Road , Miami	us
S3-00534	Nair Private Limited Enterprises	Boston, 02108	us
S3-00535	Vertex Traders Inc.	24/44, Temple Street, Near Bus Stand, Hyderabad, Telangana, 500001	in
S3-00536		288/60, PLOT 44, HYDERABAD, TELANGANA, 500001	in
S3-00537	KHAN SERVICES AND SONS	3027 Opposite Court, Seattle, WA	us
S3-00538	Star Foods Ltd	334/190 , Mumbai , Maharashtra , 400001	in
S3-00539	Sigma Rice Corporation		in
S3-00540	Khan Imports Pvt. & Sons	79/199, GANDHI ROAD, LUCKNOW, 226001	in
S3-00541	Silver Private Limited	9934 Nehru Nagar , AZ	us
S3-00542	OILS SILVER PVT LTD.	Near Bus Stand, Jaipur, Rajasthan	in
S3-00543	SILVER OILS CO		in
S3-00544	Electronics Company	6838 Anna Salai, WA	us
S3-00545	Royyal Industries Corp	2174 Plot 44, Phoenix, 85001	us
S3-00546	Inc Agro pvt Delta	8082 SECTOR 21 , GA	
S3-00547	Delta ltd. Agaro	8082 SECTOR 21, GA	us
S3-00548		4561 Station Rd, Seattle, WA, 98101	us
S3-00549	APEX FOODS PVT LTD	7639 PLOT 44, PORTLAND, OR, 972E01	us
S3-00550		76e39 Plot 44, Portland, OR, 97201	us
S3-00551	GEELOBAL TEXTILES PVT. LTD.		in
S3-00552	Global Textiles Pvt. Ltd	103x/87, Lake Viw Road, Near Bus Stand, Chennai, Tamil Nadu	in
S3-00553		103/87 , Lake View Road , Near Bus Stand , Chennai , Tamil Nadu	in
S3-00554		9851 OPPOSITE COURT, AZ	us
S3-00555	Vertex Foods and Soens	3617 Hill Road, Phoenix, AZ, 85001	us
S3-00556	Sai Consultants Pvt Ltd	179/1, NEAR BUS STAND, MUMBAI, MAHARASHTRA	in
S3-00557	Sai Consultants Pvt Ltd	179/1, Near Bus Steeand, Mumbai, Maharashtra	in
S3-00558		179/1, NEAR BUS SXTAND, NEAR BUS SYTAND, MUYMBAI, MAHARASHTRA	in
S3-00559	Ganesh Logistics LLC	6998 Park Street, Denver	us
S3-00560	Technologies Company	Seattle, WA	us
S3-00561	Deta Technologies LLC	Seattle, WA	us
S3-00562		Seattle, WA	
S3-00563	Sixgma Enterprises Ltd	Block C, Chennai, Tamil Nadu	in
S3-00564	Golden Enterprises Company	362/122, Near Bus Stand, Kochi, Kerala	in
S3-00565	GOLDEN ENTERPRISES CO		in
S3-00566	Golden Enterprises	362/122, Near Bus Stand, Kochi	in
S3-00567	Royal Cafe Inc. pvt	233/127, Near Bus Stand, Kerala	in
S3-00568	Royal pvt Cafe ltd.	Near Bus Stand, Kerala	in
S3-00569	Royyal Pharma Inc.	2014 Blosck C, Deniesver, CO, 802e02	us
S3-00570		PORTIESLAND, OR, 97IES201	us
S3-00571	Singh Electronics and Sons	Denver, 80202	us
S3-00572	GANESH ENTERPRISES & SONS	198/27, Hyderabad, Telangana	in
S3-00573	GANESH ENTERPRISES	198/27, Hyderabad, 500001	in
S3-00574	Ganesh Enterprises LLC	198/27 , Hyderabad	in
S3-00575	GREEN COMPANY	1105 Anna Salai, WA	
S3-00576	GREEN OILS LTD	1105 Anna Salai, WA	us
S3-00577	GLOBAL LOGISTICS INC	334/16, LUCKNOW, UTTAR PRADESH, 226001	in
S3-00578	VERTEX LIMITED PVT SERVICES		us
S3-00579	STAR ELECTRONICS INC.	CO, 80202	us
S3-00580	Smart Tech pvt ltd.	84x/11, Near Bus Stand, 226001	in
S3-00581	Global Rice & Sons	9228 PLOT 44, SEATTLE, WA, 98101	us
S3-00582	Global Rice & Llc	9228 Plot 44 , Seattle , WA	us
S3-00583	Patel Enterprises & Sons	175/130, Block C, Near Bus Stand, Hyderabad, Telangana	in
S3-00584	PATEL ENTERPRISES	Block C, Near Bus Stand, Hyderabad, Telangana	in
S3-00585	Royal Logistics Pvt. And Sons	4527 Anna Salai, Phoenix	us
S3-00586			us
S3-00587	Royal Logistics Pvt. Ltd.	4527 Anna Salai, Phoenix	us
S3-00588	GOLDEN PHARMA INC		in
S3-00589	GOLDEN INC		in
S3-00590	Golden Pharma Inc	368/8, Tower A, Neiesar Bus Siestand, Mumbai, Maharashtra	in
S3-00591	Delta Exports Company	TX, 78701	us
S3-00592	Pharma Golden Ltd	Tower A, Near Bus Stand, Uttar Praydesh, 226001	in
S3-00593	Zenith Rice and Corp	386/87 , Lake View Road , Jaipur , Rajasthan , 302001	in
S3-00594	Ltd Motors Prime	277/66, Market Road, Near Bus Stand, Rajasthan, 302001	in
S3-00595		277/66 , Market Road , Rajasthan , 302001	in
S3-00596	Singh Pharma Inc.	9982 Nehru Nagar, Austin, TX	us
S3-00597	SAI LLC ENTERPRISES	4824 Market Road, Atlanta	us
S3-00598	Greaen Technologies Inc.	306/38, Hill Road, Chennai, Tamil Nadu, 600001	in
S3-00599	GREEN TECHNOLOGIES INC.	306/38, HILL ROAD, NEAR BUS STAND, CHENNAI, 600001	in
S3-00600	Electronics Ltd	Plot 44, Heeyderabad, Telangana, 500ee001	in
S3-00601	BALUE CONSULTANTS COMPANY	Austin, TX	us
S3-00602	Patel Industries Pvt Ltd.	34/117 , Sector 21 , Pune , 411001	in
S3-00603	Silver Electronics pvt ltd.	9513 Plot 44, 02108	us
S3-00604	Iyer Services Corporation		us
S3-00605	Smayrt Tech Ltd		in
S3-00606	KHAN TADERS LIMITED	CO , 80202	us
S3-00607		PLOT 44, NEAR BUS STAND, MAHARASHTRA	in
S3-00608	Khan Electronics Limited	WA, 98101	us
S3-00609	Khan Electronics Inc.	WA, 98101	us
S3-00610	Electronics Khan Limited		us
S3-00611	Tech Limieted	392/s117, Cshurch Street, Kochi, Kerala	in
S3-00612	Gloxbal Textiles Co	29/58 , Tower A , Near Bus Stand , Lucknow , Uttar Pradesh	in
S3-00613	Iyer Imports Pvt. Ltd.	CO , 80202	us
S3-00614	Agro Prime Pvt Ltd	3/177, CHURSCH STREET, PUXNE, MAHAARASHTRA	in
S3-00615	Ganesh Traders Ltd	Phoenix, 85001	us
S3-00616	Ganesh Traders	Phoenix, 85001	us
S3-00617	Green Limited	3/131 , Near Bus Stand , Karnataka , 560001	in
S3-00618	Services Corporation		in
S3-00619	Nair Solutions Pvt. Ltd.	243/180 , Gandhi Road , Near Bus Stand , Kerala	in
S3-00620	PVT. TCH SMART INC	5019 Hill Road, Atlanta, GA, 30301	us
S3-00621	Enterprises Elite Pvt Ltd	340/154, NEAR BUS STAND, JAIPUR, 302001	
S3-00622	Technologies Global Ltd.	5961 Block C , 85001	
S3-00623	Stsar Pvt Corp	SECTOR 21, NEAR BUS STAND, TAMIL NADU	in
S3-00624	Sysxtems Star Company	SECTOR 21, NEAR BUS STAND, 600001	in
S3-00625	GOLDEN ENTERPIESRISES PVT. LTD.	302/102, Anna Salai, Near Bus Stand, Pune, 411001	
S3-00626	GOLDEN ENTRPRISES PVT. LTD.	302/102, Near Bus Stand, Pune, Maharaeeshtra, 411001	in
S3-00627	Delta Consultants Ltd	8219 Hill Road , Atlxanta	us
S3-00628		8219 Hill Reoad, Aytlanta, GA	us
S3-00629	Ganesh Traders	9081 Station Road, CO	us
S3-00630	Royal Logistics Inc	217/136, NEAR BUS STAND, CHENNAI	in
S3-00631	Nova Solutions Ltd.	7872 Opposite Court, Austin, TX, 78701	us
S3-00632	Inc Exports Global	246/23, MG Road, Near Bus Stand, Lucknow, Uttar Pradesh, 226001	in
S3-00633		9928 BLOCK C, WA	us
S3-00634	Prime Motors Corp		in
S3-00635	Consultants Private Limited	356/114 , MG Road , Hyderabad , Telangana , 500001	
S3-00636	Nair Consultants Private Pvt. Ltd.	356/114 , MG Road , Hyderabad , Telangana	in
S3-00637	Royal Cafe Limited	7754 Opposite Court, 78701	us
S3-00638		Block C, Near Bus Stand, Uttar Pradesh	in
S3-00639	Elite Textiles Private Limited		
S3-00640	Delta Logistics & Sons	344/43 , NEHRU NAGAR , NEAR BUS STAND , MAHARASHTRA , 411001	in
S3-00641		Boston, 02108	us
S3-00642		232/33 , MG Road , Near Bus Stand , Kochi , Kerala , 682001	in
S3-00643	Prime Motors	550 Anna Salai , Phoenix , AZ	us
S3-00644	Imports Orion Company	6453 LAKE VIEW ROAD , PORTLAND , 97201	us
S3-00645	MODERN PVT SYSTEMS LTD.	245/39, Church Street, Near Bus Stand, 302001	in
S3-00646	Blue Logistics And Sons	105/138, MG Road, Near Bus Stand, Maharashtra	in
S3-00647	Ganesh Traders Limited	167/3, Station Road, Near Bus Stand, Tamil Nadu	in
S3-00648	PATEL RICE INC	112/170, Temple Street, Near Bus Stand, Kerala, 682001	in
S3-00649	Patel Rieece Ltd	112/170 , Temple Street , Near Bus Stand , Kerala , 682001	in
S3-00650	Company Imports Ganesh	175/92, Near Bus Stand, Jaipur, Rajasthan, 302001	in
S3-00651	GANESH COMPANY	175/92, Gandhi Road, Near Bus Stand, Jaipur, Rajasthan, 302001	in
S3-00652	Nova Imports Company	Market Raoad, Near Bus Stand, Kochi, 682001	in
S3-00653	Ganesh Traders & Ltd	5361 PARK STREET , ATLANTA , GA , 30301	us
S3-00654	Das Oils and Sons	365/93, Hill Road, Bengaluru, Karnataka, 560001	in
S3-00655		Atlanta, GA, 30301	us
S3-00656	Zenith Oils & Sons	Nehru Nagar , Chennai , Tamil Nadu , 600001	in
S3-00657	Oils Zenith pvt ltd.	Nehru Nagar, Chennai, Tamil Nadu, 600001	in
S3-00658	Zenith Oils & Ltd	Nehru Nagar, Chennai, Tamil Nadu, 600001	
S3-00659	Prime Imports Company	4516 Market Road , TX , 78701	
S3-00660	Orion Systems Private Limited	100/176, GANDHI ROAD, KARNATAKA	in
S3-00661	Sharma Inc.	Temple Street, Near Bus Stand, Bengaluru, 560001	in
S3-00662	Royal Cafe Pvt. Ltd.	217/6 , Opposite Court , Near Bus Stand , Lucknow , Uttar Pradesh	in
S3-00663	New Systems Inc.	Austin, 78701	us
S3-00664		297/24 , Gandhi Road , Near Bus Stand , Pune , Maharashtra	
S3-00665	Blue Textiles Pvt Ltd	29/41 , Anna Salai , Near Bus Stand	in
S3-00666	SUNRISE ENTERPRISES & AND SONS	71/90, Plot 44, 411001	in
S3-00667	STAR LOGISTICS PVT. LTD.	152/147, Plot 44, Near Bus Stand, Jaipur, Rajasthan, 302001	in
S3-00668	Noava Rice Co		us
S3-00669	NOVA RICE PVT LTD.	6185 Temple Street , Miami , FL , 33101	us
S3-00670	PRIME MOTORS INC.	Denver , CO , 80202	us
S3-00671		240/102, Near Bus Stand, Kochi, Kerala, 682001	in
S3-00672	Zenith Consultants Pvt Ltd	277/175 , Near Bus Stand , Kochi , Kerala , 682001	in
S3-00673	Sigma Enterprises Ltd	735 Market Road, MA, 02108	us
S3-00674	Golden Corporation	3696 Block C, Seattle, 98101	us
S3-00675	Nova Enterprises And Sons	43a/8 , Temple Street , Mxumbai , Maharashtra	in
S3-00676	Nova Inc. Enterprises	43/8, Tiesemple Street, Near Bus Stand, Mumbai, Maharaeeshtra	in
S3-00677	Naova Enterprises		in
S3-00678	Ganesh Pvt Ltd	29/101, KOCHI, KERALA	in
S3-00679	Royal Cafe pvt		us
S3-00680	Sigma Pvt Ltd	379/20 , NEAR BUS STAND , CHENNAI , TAMIL NADU , 600001	in
S3-00681	SIGMA INDUSTRIES PVT AND SONS	379/20, Near Bus Stand, Chennai, Tamil Nadu, 600001	in
S3-00682	Delta Rice Privsate Limited	Station Road, Near Bus Stand, Bengaluru, Karnataka, 560001	in
S3-00683	RICE CORPORATION	33/57, Station Road, Near Bus Stand, Bengaluru, Karnataka	in
S3-00684	Pvt. Electronics Khan Corp	24/160 , Hill Road , Near Bus Stand , Hyderabad , 500001	in
S3-00685	Khan Electronics Pvt. Inc		in
S3-00686	Patel Exporxts Pvt Pvt Ltd	270/50, Temple Street, Mumbai, Maharashtra	in
S3-00687	Gupta Pvt Inc	6390 Tower A, Desnver, CO	us
S3-00688	Gupta Imports Pvt Ltd	Deenver, CO	us
S3-00689	Royal Cxafe Inc.	9309 MG Road, OR	us
S3-00690	Singh Imports Private Limited	383/189 , Park Street , Near Bus Stand , Maharashtra	in
S3-00691	Singh Imports Private Limited	383/189, Park Street, Pune, Maharashtra	in
S3-00692	Imports Singh Private Private Limited	383/A189, PARK SATREET, NEAR BUS STAND, PUNE, MAHARASHTRA	in
S3-00693	Apex Services LLC	Miami , FL	us
S3-00694	Apex Services	MIAMI , FL	us
S3-00695	Silver Electronics and Sons	ATLANTA , 30301	us
S3-00696	Star Co	FL, 33101	us
S3-00697			in
S3-00698	Green Oils Ltd	144/164, Near Bus Stand, Tamil Nadu, 600001	in
S3-00699		CO, 80202	us
S3-00700	Smart Enterprises Corp Pvt		us
S3-00701	Royal Industries & Sons	4454 Hill Road, GA	us
S3-00702			us
S3-00703	Services Sigma pvt ltd.	Seattle , WA , 98101	us
S3-00704	Imports and Limited	Nsear Bus Stand, Pune, 411001	in
S3-00705	Sharma Oils And Sons	181/135, Tamil Nadu, 600001	in
S3-00706	SHARMA OILS LLC	181/135, Nehru Nagar, Tamil Nadu, 600001	in
S3-00707	Sharma Oils Private Limited	181/135 , Tamil Nadu , 600001	
S3-00708		7650 Nehru Nagar, Miami, FL, 3s3101	us
S3-00709	TRADERS MODERN PVT. LTD.	7650 Nehru Nagar, Miami, FL, 33101	us
S3-00710		7650 Nehru Nagar, Miami, FL, 33101	us
S3-00711	Golden Textiles Pvt. Ltiesd.	622 PLIESOT 44 , 30EE301	us
S3-00712	GOLDEN TEXTILES PVT. LTD.	622 PLOT 44, 30301	us
S3-00713		9253 PLOT 44, ATLANTA, GA, 30301	
S3-00714	Prime Motors And Sons	134s/32, Station Road, Near Bus Stand, Jaipur, Rajasthan	in
S3-00715	Shree Traders Private Limited	122/198, Church Street, Jaipur, Rajasthan	in
S3-00716	Apex Foods	5966 Anna Salai, Phoenix	us
S3-00717	Apex Foods Limited	5966 Anna Salai, Phoenix, 85001	us
S3-00718	Nova Enterprises Ltd	214/185, Near Bus Stand, Near Bus Stand, Bengaluru, Karnataka	in
S3-00719	Sharma Enterpriiesses & Sons	9797 MG Road, Denver, CO	us
S3-00720		304/135, Park Street, Near Bus Stand, Uttar Pradesh, 226001	in
S3-00721	DELTA MOTORS INC	386/ies77 , Hill Road , Near Bus Stand , Uxttar Pradesh , 226001	in
S3-00722	Ganesh Traders pvt Inc	3207 NEAR BUS STAND, AZ, 85001	us
S3-00723	ELITE ELECTXRONICS	8886 Gandhi Road , Phoenix , AZ , 85001	us
S3-00724	Elite Electronics Corp	8886 Gandhi Road, Phoenix, AZ, 85001	
S3-00725	ELECTRONICS ELITE CORP	8886 Gaeendhi Road , Phoenix , AZ , 850a01	us
S3-00726	Modern Industries Corp	PARK STREET , MUMBAI , MAHARASHTRA	in
S3-00727	Modern Corp Industries	Park Street , Mumbai , Maharashtra , 400001	in
S3-00728	Prime Enterprises Inc	7681 Temple Street, Phoenix, 85001	us
S3-00729	Crystal pvt ltd.	7758 Nehru Nagar , TX , 78701	us
S3-00730	Elite Ltd	80/46, Lake View Road, Near Bus Stand, Telangana	in
S3-00731	Ganesh Agro Private Private Limited	345/175, Near Bus Stand, Hyderabad, 500001	in
S3-00732	GANESH AGRO PRIVATE CO	345/175, Near Bus Stand, Hyderabad, Telangana, 500001	in
S3-00733	Corporation Exports Sngh		us
S3-00734	Smart Solutions Ltd	Boston, 02108	us
S3-00735	BLUE CONSULTANTS AND SEEONS	11/106 , NEAR BUS SIESTAND , MUMBAI , MAHARASHTRA , 400001	in
S3-00736	Ganesh Traders Pvt.	Opposite Court , Near Bus Stand , Mumbai , Maharashtra	in
S3-00737	Patel Textiles Pxvt. Co		us
S3-00738	Vyertex Solutions And Sons	4192 Pxark Sstreet, Austin, TX, 78701	us
S3-00739	Iyer Industries LLC	9782 Block C, Miami, FL, 33101	us
S3-00740	APEX FOODS INC	Near Bus Stand, Lucknw, Uttear Pradesh, 22601	in
S3-00741	Apex Foods Inc	MARKET ROAD , NEAR BUS STAND , LUCKNOW , UTTAR PRADESH	
S3-00742	Apex Foods Inc	Market Road, Near Bus Stand, Uttar Pradesh, 226001	in
S3-00743	SIGMA ELECTRONICS & SONS	8062 Near Bus Stand, WA, 98101	us
S3-00744	New Oils Ltd	5170 Park Street , 30301	us
S3-00745	Delta Enterprises Pvt Ltd	376/136, Near Bus Stand, Kochi, Kerala, 682001	
S3-00746	Ganesh Technologies LLC		us
S3-00747	Sharma Enterxprises Ltd	1310 Sector 21, Austin, TX, 78701	in
S3-00748	Patel Enterprises & and Sons	7337 Lake View Road, OR	in
S3-00749	Reddy Consultants Private Private Limited		us
S3-00750		4031 Station Road, Boston, 02108	us
S3-00751	KRISHNA ENTERPRISES & SONS		in
S3-00752	Enterprises and Company	4914 Hill Road, Boston, MA, 02108	in
S3-00753			us
S3-00754	Sieengh Private Exports Limited	DENVER, CO, 80202	us
S3-00755	Reddy Electronics	6426 Tower A, Seattle, WA, 98101	us
S3-00756	Apex Systems Private Limitsed	10a98 Block C , Miami	in
S3-00757	Crystal Industries Co	Portland, 97201	
S3-00758	Nair & Sons	7004 Chiesurch Stret, Phyoenix	us
S3-00759	Apex Enterprises & Sons	164/6, Anna Salai, Near Bus Stand, Lucknow, Uttar Pradesh, 226001	us
S3-00760	Ganesh Systems pvt ltd.	OR, 97201	in
S3-00761	Global Enterprises & Sons	5248 Temple Street , AZ	in
S3-00762	IYER FOODS LTD	18/118, Temple Street, Hyderabad, Telangana, 500001	in
S3-00763	SINGH SYSTEMS PVT LTD	3203 Temple Street, Miami, FL	
S3-00764	Sigma Systems Corp	302/166 , Plot 44 , Kochi , Kerala	in
S3-00765	New Imports Ltd	384/30, TOWER A, NEAR BUS STAND, KOCHI, KERALA, 682001	in
S3-00766	Nair Systems Co	185/67, Park Street, Near Bus Stand, Kochi, Kerala, 682001	us
S3-00767	Delta Electronics Private	Near Bus Stand , Near Bus Stand , Mumbai , Maharashtra	in
S3-00768	Zenith Foods Pvt. Ltd.	7869 Near Bus Stand, 9201	us
S3-00769	Singh Logistics Psvt. Pvt. Ltd.	8314 Anna Salai, OR	us
S3-00770	And Motors Royal	Sector 21 , Near Bus Stand , Telangana , 500001	in
S3-00771	KIESRISHNA TRADERS PVT CORP	8632 Temple Street , Portland , 97201	in
S3-00772	Vertex Imports	1298 MARKET ROAD , ATLANTA	in
S3-00773	Sai Technologies Corp	4659 Market Road , 85001	us
S3-00774	REDDY OILS PRIVATE LIMITED	64/68, Station Road, Near Bus Stand, Chennai, Tamil Nadu	in
S3-00775	Vertex Solutions Company	3391 Gandhi Road, 97201	
S3-00776	Green Services Company	4389 Near Bus Stand, OR, 97201	us
S3-00777	Green Limited Motors	256ee/184, Lake View Ryoad, Near Bus Staend, Maxharashtra	in
S3-00778	GUPTA EXPORTS PVT LTD.	DENVER , 80202	us
S3-00779	Prime Consultants pvt Private Limited	254/152 , Temple Street , Near Bus Stand , Bengaluru , Karnataka , 560001	us
S3-00780	Das Systems Ltd	6643 Tower A , Atlanta , GA	us
S3-00781	Motors Pvt. Pvt. Ltd.	198/150, MG Road, Near Bus Stand, Bengaluru, Karnataka, 560001	us
S3-00782	PATEL TEXTILES	26/30, Near Bus Stand, Jaipur, Rajasthan	us
S3-00783	Star Consultants & Sons	137/173, Near Bus Stand, Bengaluru, Karnataka	us
S3-00784			us
S3-00785	Sigma Private Pvt. Ltd.	203/28, MG Road, Near Bus Stand, Kochi, Kerala, 682001	us
S3-00786	Das Traders Co	251/125, Sector 21, Near Bus Stand, Mumbai, Maharashtra, 400001	in
S3-00787	Gupta Agro & Sons	263/26, Temple Street, Near Bus Stand, Hyderabad, Telangana, 500001	us
S3-00788	Orion Systems Inc.	125/76 , Lake View Road , Near Bus Stand , Lucknow , 226001	us
S3-00789	NOVA MOTORS & SONS	189/74, Nehru Nagar, Near Bus Stand, Hyderabad, Telangana, 500001	in
S3-00790		71/6, Maharashtra	in
S3-00791	PRIME MOTORS PVT. LTD.		in
S3-00792		285/161, HILL ROAD, KOCHI, KERALA, 682001	us
S3-00793	CORPORATION ENTERPRISES SUNRISE	1443 Plot 44, Denver, CO, 80202	in
S3-00794	Vertex Solutions Corp	20/196, STAXTION ROAD, NEAR BUS STND, RAJXASTHAN	in
S3-00795	CRYSTAL ENTERPRISES CO	298/86, Station Rd, Near Bus Stand, Jaipur, Rajasthan, 302001	in
S3-00796	Delta Logistics Compasny	195/190 , NEAR BUS STAND , MUMBAI , MAHARASHTRA , 400001	us
S3-00797	Gupta Logistics Co	5/15 , Sector 21 , Near Bus Stand , Hyderabad , Telangana , 500001	us
S3-00798	EXPORTS LTD PVT.	2508 Near Bus Stand, Austin, TX, 78701	in
S3-00799	Global Technologies Co	100/34 , Near Bus Stand , Pune , Maharashtra	in
S3-00800	INDUSTRIES LIMITED	92/39 , Near Bus Stand , Pune , Maharashtra , 411001	in
S3-00801	Patel Oils And Sons		in
S3-00802		381/171 , Near Bus Stand , Near Bus Stand , Chennai , Tamil Nadu	us
S3-00803	Nair Systems Pvt. Pvt Ltd	Mami, 33101	us
S3-00804		112/58, Sector 21, Near Bus Staand, Cheniesnai, Tamil Niesadu, 600001	in
S3-00805	Pvt. Electronics Prime And Sons	49/16, MG Road, Near Bus Stand, Pune, Maharashtra, 411001	us
S3-00806	Sai Services Pvt LLC	176/42, Gandhi Road, Near Bus Stand, Bengaluru, Karnataka, 560001	us
S3-00807			in
S3-00808		2203 Hill Road, Seattle, WA, 98101	us
S3-00809	Green Oils	7332 NEAR BUS STAND, SEATTLE, WA, 98101	us
S3-00810		51x32 Nehru Nagar, Austin, TX, 78701	in
S3-00811	pvt Agro Reddy Pvt Ltd	7899 Park Street, GA	in
S3-00812	Das Ltd Solutions	Phoexnix, 85001	us
S3-00813	Modern Pharma LLC	8534 CHURCH STREET , PHOENIX	in
S3-00814	Orion Consultants Corp	5924 Tower A, Boston, MA	us
S3-00815		247/117, Church Street, Near Bus Stand, Pune, Maharashtra, 411001	in
S3-00816	Sai Textiles Inc	147/133 , Near Bus Stand , Mumbai , Maharashtra , 400001	
S3-00817	Khan Traders pvt and Sons	5507 MG Road, Denver	us
S3-00818	Global Traders Inc	267/73, Park Street, Near Bus Stand, Kochi, 682001	
S3-00819		48/58 , Nehru Nagar , Near Bus Stand , Bengaluru	in
S3-00820	Prime Electronics Private	356/14 , NEHRU NAGAR , NEAR BUS STAND , CHENNAI	us
S3-00821	Patel Enterprises Corp	389/38 , Station Road , Pune , 411001	in
S3-00822	Blue Exports Pvt. Inc.	237/132, Near Bus Stand, Near Bus Stand, Bengaluru	us
S3-00823	Delta Industries Llc	265/73, SECTOR 21, NEAR BUS STAND, BENGALURU, KARNATAKA, 560001	us
S3-00824	Green Consultants Company	Boston, MA	us
S3-00825	Vertex Corp	Austin, TX	us
S3-00826	KHAN SOLUTIONS INC	Boxston, MA	in
S3-00827	Golden Agro Inc	STATION ROAD, HYDERABAD, TELANGANA, 500001	in
S3-00828	Star Rice Ltd	297/95, Near Bus Stand, Jaipur, Rajasthan	in
S3-00829	Crystal Imports Co	3175 Temple Sxtreet , Miami , FL	in
S3-00830	Global Limited Motors	18e8/62, Church Street, Lucknow, Uttar Pradesh, 226e001	in
S3-00831	GUPTA ELECTRONICS & SONS	109/121, Opposite Court, Near Bus Stand, Pune, Maharashtra, 411001	us
S3-00832	Reddy Rice pvt ltd.	61/187 , Near Bus Stand , Maharashtra , 400001	us
S3-00833	Crystal Foods and Sons	7937 SECTOR 21, SEATTLE, WA, 98101	in
S3-00834	Reddy Imports Pvt Ltd	7277 Plot 44, Seattle, 98101	us
S3-00835	Pvt Logistics Ltd	335/111, Neiesar Bus Stand, Kochi, Kexrala, 68s2001	us
S3-00836	Shree Pharma	66/103, GANDHI ROAD, NEAR BUS STAND, JAIPUR, RAJASTHAN, 302001	us
S3-00837	PATEL PHARMA PVT LTD	191 Anna Salai , 02108	in
S3-00838		95/98, Near Bus Stand, Mumbai, Maharashtra	in
S3-00839	Setar Enterprises and Sons	Phoenix, 85001	in
S3-00840	ORION IMPORTS PRIVATE LIMITED	53/134, Church Straeet, Near Bus Stand, Telyangana	in
S3-00841	Crystal Agro Company	8796 Park Street, Miami	
S3-00842	GREEN ELECTRONICS COMPANY	2439 Hill Road, Austin, TX, 78701	us
S3-00843	Nova Services LLC	6105 Lake View Road, Atlanta, GA, 30301	in
S3-00844	MOTORS CRYSTAL PRIVATE LLC	954 Tower A, Boston, MA, 02108	us
S3-00845		OR , 97201	in
S3-00846	Crystal Technologies Coeerp	26y0/148, Market Road, Neyar Bus Seetand, Rajasthan	in
S3-00847	Shree Logistics Corporation	WA, 98101	in
S3-00848	Ganesh Consultants Pvt Insc.		in
S3-00849		3787 Nehru Nagar, Phoenix	in
S3-00850	Goieslden Pharma Private Limited	140/187 , Block C , Near Bus Stand , Jaipur , 302001	in
S3-00851	Nova Consultants and Inc.		in
S3-00852		49/69, Lucknow, Uttar Pradesh, 226001	in
S3-00853	SUNRISE MOETORS CORPORATION		us
S3-00854	Delta Company	365/49, Nehru Nagar, Near Bus Stand, Pune, Maharashtra, 411001	in
S3-00855	Shree Services pvt Co	GA , 30301	in
S3-00856	Sai Consultants Pvt Ltd.	318/105 , Lucknow , Uttar Pradesh	us
S3-00857		1/199 , MG Road , Near Bus Stand , Chennai , 600001	in
S3-00858	ZENITH EXPORTS PVT LTD.	23a1/142, Curch Street, Near Bus Satand, Kochi, Kerala, 682ies001	us
S3-00859	Khan Services Company	HILL ROAD , NEAR BUS SAND , JAIEEPUR , RAJASTHAN	in
S3-00860	Silver Logistics	8516 Near Bus Stand, Boston, MA, 02108	us
S3-00861	Golden Pharma Inc	Market Road, Near Bus Stand, Pune, Maharashtra, 411001	us
S3-00862	GUPTA RICE LTD	Seattle, WA	in
S3-00863	SILVER AGRO & PRIVATE LIMITED		us
S3-00864		Seattle, WA, 98101	in
S3-00865	Seeilver Systems & Pvt Ltd	Boston, 02108	in
S3-00866	Singh Motors Company	7177 LAYKE VIEW ROAD, AUSTIN, TX	us
S3-00867		383/180, Church Street, Bengaluru, Karnataka, 560001	in
S3-00868	Traders pvt ltd.	265/47, Near Bus Stand, Kerala, 682001	in
S3-00869	INDUSTRIES APEX INC.	8931 BLOCK C, 33101	in
S3-00870	Nair Systems Limited	MIAMI, FL	us
S3-00871	Smart Limaited	8034 Temple Street, TX	us
S3-00872			in
S3-00873	Prime Foods Inc	6910 Anna Salai, Miami, 33101	us
S3-00874	Green Textiles & Sons	324/139, Plot 44, Near Bus Stand, Mumbai, Maharashtra, 400001	in
S3-00875	Traders Khan pvt Pvt Ltd	Plot 44, Near Bus Styand, Bengaluru, Karnataka, 560001	in
S3-00876	Sigma Systems Ltd	194/117, Near Bus Stand, Near Bus Stand, Jaipur, Rajasthan, 302001	us
S3-00877	Singh Imports Pvt	263/119 , Near Bus Stand , Hyderabad	us
S3-00878	Singh Rice Psvt. Ltd.	88/197, Hill Road, Near Bus Stand, Kerala, 682001	in
S3-00879			in
S3-00880	Orion Electronics Inc.	2488 Block C, Seattle	in
S3-00881	Silver Technologies	7237 Park Street, Seattle, WA	us
S3-00882	Modern Company	341/20, Park Street, Near Bus Stand, Mumbai, Maharashtra	us
S3-00883	APEX EXPORTS COMPANY	Seattle, WA, 98101	us
S3-00884	Krishna Logistics and Co	Temple Street , Near Bus Stand , Hyderabad	us
S3-00885	BLUE AND SONS	Atlaenta, 303y01	us
S3-00886		8255 LAKE VIEW ROAD, MIAMI	in
S3-00887	DELETA ELECTRONICS & PRIVATE LIMITED	TX, 78701	in
S3-00888	Green Services Corp	3907 Lake View Road, Denver, CO, 80202	in
S3-00889	Modern Pharma pvt ltd.	323/160, BENGALURU, 560001	us
S3-00890	Rice Patel Private Limited	19/38, MARKET ROAD, NEAR BUS STAND, KOCHI, KERALA	us
S3-00891	Singh Corp	Denver, CO, 80202	us
S3-00892	Ganesh Agro & & Sons	398/53 , Station Rad , Near Bus Stand , Kochi , Kerayla , 682001	us
S3-00893		153/127 , Block C , Near Bus Stand , Hyderabad , Telangana , 500001	us
S3-00894	REDDY ELECTRONICS		us
S3-00895	Star Oils Pvt. Ltd.	115/68, OPPOSITE COURT, NEAR BUS STAND, JAIPUR, RAJASTHAN, 302001	in
S3-00896	GANESH SERVICES COMPANY	WA, 98101	in
S3-00897			in
S3-00898	Nair Consultants Pvt Inc.	8201 Lake View Road , Seattle , WA , 98101	in
S3-00899	Private Foods Aepex Limited		in
S3-00900	TECHNOLOGIES CORPORATION	552 Block C, Seattle, WA, 98101	
S3-00901	& SONS TEXTILES PATEL	141/149, TEMPLE STREET, NEAR BUS STAND, BENGALURU, KARNATAKA	
S3-00902	SIGMA LOGISTICS PVT LTD.	182/79, Station Road, Near Bus Stand, Rajasthan, 302001	us
S3-00903	Nova Agro & Sons	3883 Church Street, Austin, TX, 78701	us
S3-00904	Sharma Rice pvt Pvt Ltd	1116 Tower A , Miami , FL	in
S3-00905	Patel Exports pvt ltd.	572 Lake View Road, Denver, CO	in
S3-00906	Sai Agro and Sons	7295 Park Street, Boston, MA, 02108	in
S3-00907	Zenith Logistics & Pvt. Ltd.	8187 Church Street, Seattle	us
S3-00908		737 Station Road, Pahoenix, 85001	us
S3-00909	PATEL TEXTILES	1090 OPPOSITE COURT, PHOENIX, AZ, 85001	us
S3-00910	Nair Pharma		in
S3-00911	Green Pvt. Ltd.	2160 Nehru Nagar, 80202	in
S3-00912	NEW OILS PVT LTD	SEEEATTLE, WA	in
S3-00913	Nova Foods Corporation	Miaami, 33a101	us
S3-00914	APEX RICE PVT. LTD.	235/100, Plt 44, Nexar Bus Stand, Maharashtra	in
S3-00915	New Limited	4444 Temple Street, Portland, 97201	in
S3-00916		7323 Church Street, Boston, MA, 02108	in
S3-00917	Niesova Technologies Private Corporation	Boston, MA, 02108	us
S3-00918	and Traders Vertex Sons	Seattle, WA, 98101	in
S3-00919	Golden Textiles Co	1250 Plot 44, 33101	us
S3-00920	Enterprises Blue Ltd	356/a10, Near Bus Stand, Telangana, 500001	us
S3-00921	Singh Foods Corporation		in
S3-00922	Shree Solutions And Sons	Lake View Road, Kochi, Kerala, 682001	in
S3-00923		151 Opposite Court, Atlanta, GA, 30301	in
S3-00924		82/53, MG Road, Near Bus Stand, Chennai, Tamil Neadu, 6y00001	in
S3-00925	Nova Agro Pvt. Lt.	4/184, Gansdhi Roxad, Near Bus Stand, Chennai, Tyamil Nadu, 600001	in
S3-00926	SINGH SERVICES CORP	950 Park Street, Portland, OR	us
S3-00927	pvt Enterprises Inc	ANNA SALAI, NEAR BUS STAND, KOCHI, 682001	in
S3-00928	Silver Sons Foods	74/114, Station Road, Near Bus Stand, Bengaluru, Karnataka, 560001	us
S3-00929	Star Foods Pvt & Sons		us
S3-00930	Royal Imports Pvt Private Limited	8072 Lake View Road , WA	in
S3-00931	Smart Agro Inc	8871 Lake View Road, Miami, 33101	in
S3-00932	Elite Enterprises Inc	Phoenix, AZ, 85001	in
S3-00933	Private Star Limited	9434 Lake View Rd, Boston, MA	us
S3-00934	INDUSTRIES SAI CORPORATION	1519 Tower A, MA, 02108	us
S3-00935			in
S3-00936	NOVA TECHNOLOGIES		in
S3-00937	Delta Industries LLC	330/63 , Near Bus Stand , Bengaluru , 560001	in
S3-00938	Prime & Ltd	8471 GANDHI ROAD, DENVER	us
S3-00939	Motors pvt ltd.		in
S3-00940	Zenith Enterprises Limited	Boston, 02108	us
S3-00941	Green Industries Pvt. Ltd.	3689 Station Road , Atlanta , GA	
S3-00942	SHRXEE TEXTILES LIMITED		in
S3-00943	Patel Services and Sons	163/190 , Near Bus Stand , Lucknow , Uttar Pradesh , 226001	in
S3-00944	Patel ltd. pvt Agiesro		in
S3-00945	KRISHNA EXPORTS INC.	9728 Park Street, AZ, 85001	
S3-00946	Patel Technologies & Corporatiesion	357/88, Hill Road, 560001	us
S3-00947	Gupta Logistics	Tower A , Near Bus Stand , Kochi , Kerala	us
S3-00948		Austin, 78701	us
S3-00949	Znith Consultants Sons	Seattle, WA	in
S3-00950	Ganesh Logistics Company	Atlanta, GA, 30301	us
S3-00951		306/66, Near Bus Stand, Rajasthan, 302001	us
S3-00952	Sigma Logistics Co	Phoeneeix , AZ	us
S3-00953	Singh Company	Phoenix , AZ , 85001	us
S3-00954	NAIR ENTERPRISES CORP	Ner Bus Setand , Jaipur , Rajasthan , 3020a01	
S3-00955			us
S3-00956	Technologies Pvt Ltd	7888 Near Bus Stnd, Seatte, WA, 98101	in
S3-00957	Green Electronics	ASUSTIN , 78S701	in
S3-00958	Orion Solutions Pvt Limited	7483 Park Street, Miami	
S3-00959	Star Agro Private Co	36/147, Nehru Nagar, Lucknaow, Uttar Pradeiessh, 2ee26001	in
S3-00960	New Enterprises	1887 Lake View Road, TX, 78701	us
S3-00961	Iyser Foods Limited	324/113, Hiesill Road, Near Bus Stand, Telagana	us
S3-00962		40s03 Nehru Nagar , Bostieson , MA , 02108	us
S3-00963	New Industries Co	293/115 , Near Bus Stand , Near Bus Stand , Pune , Maharashtra , 411001	in
S3-00964	Royal Inc	CO, 80202	
S3-00965	Khan Foods Corp	79/57, Pune, Mahsarashtra	in
S3-00966	SHARMA FOODS & SONS	Near Bus Sxtand, Lucknow, Uttar Pradesh, 226001	us
S3-00967	Shree Agro Corporation	22/103 , Temple Street , Karnataka	in
S3-00968	Silver Logistics Ltd	170/177, Bengaluru, Karnataka, 560001	us
S3-00969	Smart Systems Private Limited	6643 Market Road , OR , 97201	in
S3-00970	Vertex Logistics Company	2886 Sector 21, Austin	us
S3-00971	Gupta Services Company	70/59 , MG Roead , Neear Bus Staand , Chennai , 6ies00001	us
S3-00972	IYER LOGISTICS CORP	Austin , TX , 78701	in
S3-00973	and Sons Exports Elite	156 Opposite Court, CO, 80202	in
S3-00974	Star Electronics & Sons	Atlanta, 30301	us
S3-00975	Vertex Imports & Sons	198/67, NEAR BUS STAND, HYDERABAD, 500001	us
S3-00976	Ganesh Logistics Limited	Austin , 78701	us
S3-00977	ltd. Motors pvt Vertex		us
S3-00978	Sigma Traders Private Limited		
S3-00979	NAIR TECHNOLOGIES SONS	329/114 , Anna Salai , Near Bus Stand , Bengaluru , Karnataka	us
S3-00980	IYER IMPORTS CO	Gandhi Road, Mumbai, 400001	us
S3-00981		137/62, MG Raoad, Near Bus Stiesand, Jaipur, Rajasthan, 302001	in
S3-00982	Consultants and Sons	14/14, Near Bus Stand, Kerala	in
S3-00983	Limited Private Star	6721 Lake View Road, Portland	in
S3-00984		7078 Plot 44 , Mimi , FL , 33101	us
S3-00985	Private Limited Pharma Modern	97/12, Opposite Court, Near Bus Stand, 500001	us
S3-00986	Textiles Inc	Seattle, WA, 98101	us
S3-00987	New Exports & Sons	176/89 , Near Bus Stand , Lucknow , Uttar Pradesh , 226001	us
S3-00988	Veeertex Electronics Limited	126/57, Near Bus Stand, Chenniesai, Tamil Nyadu, 600001	us
S3-00989	Technologies Pveet. Ltd.	310/125 , UTTAR PRADESH , 226001	us
S3-00990	Iyaer Oils & Sons	Seeattle, WA	in
S3-00991	SHREE RICE PRIVATE PRIVATE LIMITED	Sector 21, Near Bus Stand, Hyderabad, Telangana, 500001	us
S3-00992	Shree Rice pvt	79/44 , Bengaluru , Karnataka	in
S3-00993	Keehan Technologies Corporation	240/111, Church Street, Near Bus Stand, Mumbai	in
S3-00994	Crystal Exports Pvt Ltd.	2/98 , Near Bus Stand , Lucknow , Uttar Pradesh	us
S3-00995	NEW ENTERPRISES CO	6/59, Park Street, Near Bus Stand, Kochi	us
S3-00996	Apex Technologies pvt ltd.	5423 SECTOR 21, TX, 78701	us
S3-00997	Solutions Sai Private	7202 Sector 21 , Austin , TX , 78701	in
S3-00998	Services Private Limited	90/68, Tower A, Near Bus Stand, Chennai, Tamil Nadu, 600001	in
S3-00999	Patel Pharma Inc	SEATTLE, WA	us
S3-01000	Syigma Oils Company	318/103 , Block C , Near Bus Stand , Telangana	in
S3-01001	Star Foods Pvt. Co	SEATTLE, WA, 98101	us
S3-01002	Patel Traders Inc	Near Bus Stand, Mumbai, Maharashtra, 400001	in
S3-01003	Star Technologies Pvt Ltd.	11e9/191, MG Road, Near Bus Stand, Mumbi, Maharashtra	in
S3-01004	SHREE MEOTORS PVT LTD.	192/156 , BLOCK C , LUCKNOW , UTTAR PRADESH , 226001	us
S3-01005	Industries Silver pvt ltd.	Seattle, 98101	in
S3-01006	Shiesree Services LLC	6391 Temple Street , Portland , OR	in
S3-01007	Modern Motors Corporation	19x0/95, Bloack C, Mumabai, 400001	in
S3-01008	Nova Traders Pvt. Ltd.	180/72, Anna Salai, Pune, 411001	us
S3-01009	GUPTA TRADERS LLC	242/55, Park Street, Near Bus Stand, Kochi, Kerala, 682001	
S3-01010	VERTEX SERVICES AND SONS		in
S3-01011	Golden Enterprises Corporation	NEAR BUS STAND, LUCKNOW, UTTAR PRADESH, 226001	in
S3-01012	Textiles pvt Inc.		in
S3-01013	Ganesh Textiles In.	9498 Near Bus Stand, Austin	us
S3-01014	Krishna Rice Private Limited	Near Bus Stand , Rajasthan , 302001	in
S3-01015	Sai Oils Co	Hill Road, Near Bus Stand, Kochi, Kerala, 682001	in
S3-01016	Sunrise Industries Ltd	8331 Temple Street, Austin, TX	us
S3-01017	Elite Pvt. Ltd. Pharma	368/17, Anna Salai, Nxear Bus Stand, Pune, Maharashtra, 411001	us
S3-01018	Rice Co	300/133 , Plot 44 , Near Bus Stand , Hyderabad , Telangana , 500001	in
S3-01019	Gupta Consultants Ltd		in
S3-01020	Pharma Inc	370/123, Near Bus Staeend, Keraa, 6s82001	us
S3-01021	Sai Solutions Llc	5ies6/171, Station Road, Near Bus Stand, Karnaxtaka	us
S3-01022	ROYAL RIECE CORP	6608 Park Street, Portland, OR, 97201	us
S3-01023		301/106, Block C, Lucknow, 226001	in
S3-01024	Delta Logistics Private Limited	354/79, Near Bus Stand, Lucknow, 226001	us
S3-01025	SOLUTIONS LIMITED	6861 Temple Street, Phoenix, AZ	in
S3-01026	Green & Sons	8258 Market Road , Miaami , FL , 33101	in
S3-01027	Sigma Enterprises Corporation	Near Bus Stand, Jaipur, Rajasthan, 302001	in
S3-01028	Orion Exports Pvt. Ltd.	183/19, LAKE VIEW ROAD, KARNATAKA	us
S3-01029	Services Corporation	233/195 , Temple Street , Near Bus Stand , Mumbai , Maharashtra , 400001	in
S3-01030	Apex Traders Pvt. Co	8127 Church Street, OR	in
S3-01031	Iyer Consultants Pvt Ltd	153/13, GANDHI ROAD, JAIPUR, RAJASTHAN	in
S3-01032		Plot 44, Near Bus Stand, Hyderabad, 500001	us
S3-01033	Patel Exports Inc.	30/37 , Near Bus Stand , Bengaluru , Karnataka	us
S3-01034	Sai Motors And Sons	2325 Sector 21, 02108	us
S3-01035		Station Road, Lucknow, Uttar Pradesh, 226001	us
S3-01036	Sai Electronics Pvt LLC	8452 Park Street, Atlanta, GA, 30301	us
S3-01037	Crystal Rice Pvt. Ltd.	203/6, Hill Road, Neear Bus Stand, 400001	us
S3-01038	Orion Systems Corp	4858 Plot 44 , 30301	us
S3-01039	New Electronics Inc.	5732 Neehru Naeegar, Miami, FL, 33101	in
S3-01040	Prime Oils And Sons	6732 Hill Road, 85001	in
S3-01041	GANESH LOGISTICS LIMITED	5660 Station Road, Seaattle, 98101	
S3-01042	Traders Pvt. Ltd.	263/112, Jaipur, 302001	in
S3-01043	VERTEX ENTERPRISES AND	Near Bus Stand , Mumbai	us
S3-01044	NEW FOODS PVT LTD.	1999 Lake View Road , Atlanta , 30301	us
S3-01045	Crystal and & Sons	8842 Anna Salai, Austin, TX, 78701	us
S3-01046	Agro New pvt ltd.	8465 MG Road, GA	in
S3-01047	& Services Orion	325/196, Near Bus Stand, Lucknow, Uttar Pradesh, 226001	us
S3-01048		1990 Lake View Road, Seattle, WA, 98101	us
S3-01049	Nair Textiles Limited	9776 Sector 21, Phoenix, 85001	us
S3-01050	Delta Inc. Services	390/176, OPPOSITE COURT, NEAR BUS STAND, 560001	in
S3-01051	Elite Oils		in
S3-01052	Royal Enterprises Corp	222/178, Sector 21, Near Bus Stand, Jaipur	us
S3-01053		1e41/178, Temple Street, Naear Bus Stand, Chennai	us
S3-01054	ZENITH OILS AND PVT LTD	Church Street, Near Bus Stand, Lucknow, Uttar Pradesh, 226001	us
S3-01055	Sai Agro Inc	72/74 , Staytion Roeead , Near Bus Sand , Tamil Naadu , 600001	in
S3-01056	Smart Solutions Private Limited	Miami , FL	us
S3-01057	Krishna Inc		in
S3-01058	Sai Inc.	101/162, Lake View Road, Near Bus Stand, Bengaluru, Karnataka	in
S3-01059		354/145, Anna Salai, Near Bus Stand, Kochi	us
S3-01060		5208 Near Bus Stand , 78701	in
S3-01061	Sai Electronics LLC	CO, 80202	us
S3-01062	SIGMA ENTERPRISES LIMITED	9892 GANDHI RD, 80202	in
S3-01063	Orion Consultants Inc.	Austin, TX	us
S3-01064	New Traders and Sons	376/134, Tower A, Near Bus Stand, Hyderabad, Telangana	in
S3-01065	Sunrise Exports Ltd	4882 Opposite Court, 33101	in
S3-01066	Sai Motors Company	7384 Temple Street, FL	in
S3-01067	Vertex Fsoods Inc.	164/127, ANNA SALAI, BENGALURU, 560001	in
S3-01068	Prime Rice	1452 Opposite Couart , 85001	in
S3-01069		5004 MG Road, Austin, TX	in
S3-01070	SUNRSE TEXTILES COMPANY	CO, 80202	us
S3-01071	Sigma and pvt ltd.	1507 Anna Salai, Seatytle, WA	us
S3-01072	Nova Systems and Pvt Ltd	6545 Hill Road , FL	in
S3-01073	Verteex Textiles	Church Street, Near Bus Stand, Mumbai, Maharashtra, 400001	in
S3-01074	New Enterprises Co	33ies44 Sexctor 21, Seattle, 98101	
S3-01075	Elite Iandustries Private Limited		in
S3-01076	Oils Corporation	142/143 , Near Bus Stand , Mumbai , Maharashtra , 400001	in
S3-01077			us
S3-01078			us
S3-01079	Vertex Logistics Ltd	902 NEHRU NAGAR, 30301	us
S3-01080	Golden Agro & Sons	3968 Sector 21 , TX	us
S3-01081	Reddy Solutions Prixvate Pvt Ltd	Phoenix , AZ	in
S3-01082	Silver Textiles & Sons		us
S3-01083	Patel Consultants Corp	622 GANDHI ROAD, ATLANTA, GA, 30301	in
S3-01084	Private Limited pvt Das	Miami, FL	us
S3-01085	NOA SERVICES	Market Road , Near Bus Stand , Pune , Maharashtra	
S3-01086	Vertex Solutions Inc	47s81 Heill Raoad, Bston, MA	us
S3-01087	Elite Foods & Sons	Market Road , Near Bus Stand , Maharashtra , 411001	us
S3-01088	Golden Loeegistics Inc.	96/74, Park Street, Near Bus Stand, Jaipur, Rajasthan	in
S3-01089	Zenith Eiesnterprises Pvt. Ltd.	Seattle, WA	
S3-01090	Vertex Systems Pvt Limited	182/20, Near Bus Stand, Tamil Nadu, 600001	in
S3-01091	Green Systems Limited	TEMPLE STREET, NEAR BUS STAND, RAJASTHAN	in
S3-01092	Elite Pharma	PLOT 44, JAIPUR, RAJASTHAN, 302001	in
S3-01093		MG Road, Near Bus Stand, Telangana, 500001	in
S3-01094	Green Industries pvt & Sons	9e244 Temple Street, Dsenver, CO, 80202	us
S3-01095	SERVICES SAI CORPORATION	862 Church Street, OR, 9e7201	in
S3-01096	Verteeex Electronics Corp	8514 Tower A , Portland , OR	in
S3-01097	Sunrise Consultants Caorp	165/99, BLOCK C, NEAR BUS STAND, JAIPUR, RASJASTHAN, 302A001	in
S3-01098	SHREE INDUSTRIES PVT LTD	1695 Anna Salai, TX, 78701	in
S3-01099	Silver Rice Private	7a071 Opposite Curt, Miami	us
S3-01100	Vertex Imports Pvt. Ltd.	9435 MG Road, MA, 021ies08	us
S3-01101	ENTERPRISES & SONS	3437 Opposite Court, Seattle, WA, 98101	in
S3-01102	Khan Pharma Sons	231/26, Near Bus Stand, Near Bus Stand, Bengaluru, Karnataka, 560001	in
S3-01103	Prime Enterprises Corp	15x3/133, Lake Viaew Rad, Near Bus Stand, Hyyderabad, 5ies00001	
S3-01104		154/67, Nehru Nagar, Near Bus Stand, Bengaluru, Karnataka, 560001	in
S3-01105	Orion Consultants Limited	Boston, 02ies108	us
S3-01106	Modern Enterprises Corp	4086 MG Road, Atlanta, GA, 30301	
S3-01107	Gupta Inc.	223/148 , Sector 21 , Near Bus Stand , Jaipur , Rajasthan , 302001	us
S3-01108	Silver Logistics Private Inc.		us
S3-01109	SHREE SOLUTIONS PVT. LTD.	NEAR BUS STAND, MAHARASHTRA, 400001	us
S3-01110	Systems & & Sons	267/83 , Near Bus Stand , Chennai , Tamil Nadu	us
S3-01111	Green Industries Pvt Private Limited	1225 Sector 21, Atlanta, GA	us
S3-01112	NEW LOGISTICS INC.	305/93, Near Bus Stand, Near Bus Stand, Jaipur, Rajasthan, 302001	in
S3-01113	Green Logistics Co	Daenver, CO, 80202	us
S3-01114	Nova Exports Ltd	Gandhi Road, Mumbai, Maharashtra, 400001	in
S3-01115	CO PHARMA DAS	Phoenix, AZ	in
S3-01116	Solutions Ltd	185/28, Near Bus Stand, Bengaluru, Karnataka, 560001	in
S3-01117	GUPTA LOGISTICS PVT. CORP	9178 Tower A, Miami	in
S3-01118	Apex Electronics Ciesompany		us
S3-01119		6570 LAKE VIEW ROAD , TX	in
S3-01120	ORION IMPORTS INC.	Marxket Roead, Near Bus Styand, Bengaluru, Karnataka, 560001	in
S3-01121	Nova Inc. Enterprises	53/176, Chennai, Tamil Nadu, 600001	in
S3-01122	BLUE MOTOSRS	4657 Temple Street, Atlanta	in
S3-01123	Zenith Services Sons and	356/176, Near Bus Stand, Mumbai, Maharashtra	us
S3-01124	Delta Consultants Pvt and Sons	233/180, Anna Salai, Near Bus Stand, Hyderabad, Telangana, 500001	us
S3-01125	Orion Oils Private Limited	290/81 , Plot 44 , 682001	us
S3-01126			
S3-01127	Global Traders	Anna Salai, Neeear Bus Stand, Karnataka, 5e60001	us
S3-01128	PIESRIME PVT LTD. PVT SOLUTIONS	7506 Opposite Court, 78701	
S3-01129	Ganesh Industries & Sons		in
S3-01130	Blue Limited	44/26, Near Bus Stand, Kochi, Kerala	in
S3-01131	Sai Foods LLC	Temple Street , Near Bus Stand , Bengaluru , Karnataka	in
S3-01132	GUPTA PHARMA & SONS	6134 Hill Road, Austin, TX, 78701	us
S3-01133	Blue Industries Co	7028 Market Road, GA	in
S3-01134	VERTEX RICE AND SONS	206/ies62, Church Street, Near Bus Stand, Hyderabad, Telangana	us
S3-01135	Modern Systems Inc.	51/66, NEAR BUS STAND, NEAR BUS STAND	
S3-01136	Khan Technologies Pvt. Ltd.	184/83, NEAR BUS STAND, LUCKNOW, UIESTTAR PRADESH	in
S3-01137	Vertex Services Corp	Denver, CO	in
S3-01138	Das Industries Limited	2863 MG Road, Phoenix, AZ, 85001	us
S3-01139		299/163, Opposite Court, Near Bus Stand, 411001	in
S3-01140		Saeattle, WA, 98101	us
S3-01141	Reddy Enterprises Co	Phoenix , AZ , 85001	us
S3-01142	Green Imports Corp	298/49 , Tower A , Niesear Bus Staynd , Muembai	us
S3-01143		FL , 33101	in
S3-01144	Elite Consultants Pvt. LLC	1501 Opposite Court, Phoenix, 85001	us
S3-01145	Logistics Vertex Inc.	47/199 , Church Street , Near Bus Stand , Pune , 411001	in
S3-01146	Global Foods Pvt Ld	Temple Street, Near Bus Stand, Pune, Maharashtra, 411001	in
S3-01147	Khan Rice LLC	4764 Opposite Court , WA , 98101	in
S3-01148	Krishna Agro Pvt Co	235/123 , Nehru Nagar , Kochi , Kerala	in
S3-01149	Orion Enterprises Pvt Ltd	Seattle , 98101	in
S3-01150	Sharma Oils Private and Sons	293 Sector 21, Atlanta, GA, 30301	in
S3-01151	Rice LLC	9814 Anna Salai , Phoenix , AZ , 85001	us
S3-01152	Nova Rice LLC	5297 Temple Street, Phoenix, AZ, 85001	in
S3-01153	Golden Foods Inc	6337 Tempe Streset, Portland, OR, 97201	us
S3-01154	Global Agro Ltd	Market Road, Near Bus Stand, Kochi, Kerala, 682001	in
S3-01155	Reddy Technologies Limited	304/12, Near Bus Stand, Jaipur, 302001	us
S3-01156	Corporation Imports Iyer	SECTOR 21, NEAR BUS STAND, MUMBAI, MAHARASHTRA	in
S3-01157	Sunrise Imports Limited		us
S3-01158		3153 Hill Road, Seattle, WA	in
S3-01159	KHAN SERVICES PRIVATE INC	3698 Nehru Nagar , TX	us
S3-01160	Motors Crystal Company	4/66, Lake View Road, Near Bus Stand, Jaipur, Rajasthan	in
S3-01161	Orion Pharma Co	Portland, 97201	us
S3-01162	Crystal Industries and Corp	349/142, Anna Salai, Near Bus Stand	us
S3-01163	Vertex Consultasnts	Plot 44, Near Bus Stand, Chennai	us
S3-01164	Apex Exports & Sons	102/153, Block C, Near Bus Stand, Telangana, 500001	in
S3-01165	Green Oils & Sons	5/17, Church Street, Near Bus Stand, Karnataka	in
S3-01166	GANESH RICE LIMITED	202/196, Gandhi Road, Near Bus Stand, Mumbai, Maharashtra	in
S3-01167	Technologies Inc	29/16, Gandhi Road, Near Bus Stand, Mumbai	in
S3-01168	Blue Electronics	182/197 , Toer A , Lucknow	us
S3-01169	New Motors and Sons	2234 Lake View Road, Phoenix	in
S3-01170	Gupta Rice Limited	347/62, Near Bus Stand	us
S3-01171	Ltd Solutions New	8522 Temple Street, Portland	in
S3-01172	ORION TRADERS & SONS	TOWER A, NEAR BUS STAND, JAIPUR, RAJASTHAN	in
S3-01173	Patel Agro & Limited	4028 TOWER A, AUSTIN	in
S3-01174	SHARMA TRADERS PRIVATE LIMITED		in
S3-01175	Imports Company		us
S3-01176	Patel Motors and Ltd	220/161, Near Bus Stand, Near Bus Stand, Hyderabad, 500001	in
S3-01177	Patel Enterprises Llc	96/189, Tower A, Near Bus Stand, Pune	in
S3-01178	Sai Exports Private Limited	302/29, Lake View Road, Near Bus Stand, Karnataka, 560001	
S3-01179	Vertex Traders pvt Corporation		us
S3-01180	Modern Traders Company	9323 MG ROAD, SEATTLE, WA	us
S3-01181	Khan Consultants Inc.	PORTLAND, OR, 97201	us
S3-01182	SERVICES BLUE LIMITED	119/77, Near Bus Stand, Hyderabad, Telangana	in
S3-01183	Patel & Inc.	Austin, TX	us
S3-01184	Das Foods & Sons	8298 Nehru Nxagar, 78701	us
S3-01185		3611 Sector 21, TX, 78701	in
S3-01186	Khan Agro Pvt Co	9397 Nehru Nagar, TX	in
S3-01187	Delta Textiles Pvt Corp		in
S3-01188	Sigma Systems Pvt. Ltd.	7804 Station Road, Miami, FL	us
S3-01189	Private Enterprises Smart Inc.	CO , 80202	us
S3-01190	KRISHNA CONSULTANTS	Sesattle, WA	us
S3-01191	Systems Ganesh Pvt Corporation	13/ies181 , Temple Street , Near Bus Stand , Pune , Maharashtra , 4ee11001	us
S3-01192	Star Solutioeens LLC	37/75, Plot 44, Near Bus Stand, Mumbai, Maharashtra, 400001	us
S3-01193	Electronics pvt Pvt Ltd	314/20 , PLOT 44 , TELANGANA , 5E00001	in
S3-01194	Elite Pharma Piesvt. and Sons	3580 Plot 44 , Portland , OR , 97201	us
S3-01195	Nair Textiles Limited	8240 Anna Salai, Phoenix, AZ, 85001	us
S3-01196	Khan Oils Corp	132/80, MG Road, Near Bus Stand, Kochi, 682001	us
S3-01197	Company Oils Sigma	Atlanta, GA	us
S3-01198	Orion Services Pvt. Ltd.	6745 Station Road, Miami, 33101	us
S3-01199		Station Road , Near Bus Stand , Mumbai , Maharashtra	in
S3-01200	KRISHNA ELECTRONICS & SOXNS	215/174, Ner Bus Staand, Kariesnataka	
S3-01201	Electronics Pvt Ltd.	314/189, Temple Street, Near Bus Stand, Hyderabad, Telangana, 500001	us
S3-01202	Sunrise Limited Consultants	239/188, Opposite Court, Near Bus Stand, Hyderabad, Telangana, 500001	in
S3-01203	Shree Motors Corp	47/100 , Lake View Road , Near Bus Stand , Pune , Maharashtra , 411001	us
S3-01204	Global Industries	354/25, Near Bus Stand, Near Bus Stand, Karnataka, 560001	in
S3-01205	Motors Inc.	TX, 78701	us
S3-01206	Global Pharma Corporation		us
S3-01207	Krishna Imports Limited	210 Park Street, Phoenix, 85001	us
S3-01208	Crystal Rice Pvt. Ltd	Park Street , Near Bus Stand , Bengaluru , Karnataka , 560001	us
S3-01209	Vertex Systems Pvt Ltd	Near Bus Staxnd, Rajasthan, 302001	us
S3-01210	LLC Motors Delta	FL , 33101	us
S3-01211	Apex Inc	387/43, MG Road, Telangana	us
S3-01212	Vertex Agro LLC	352/111, Near Bus Stand, Telangana, 500001	
S3-01213	Star Eports Company	MG Road, Near Bus Stand, Hyderabad, Telangana	in
S3-01214	Ssigma Ltd. Pvt. Imports	306/75, Hill Road, Near Bus Stand, Jaipur	in
S3-01215	Ganesh Technologies Co	125/140, Gandhi Road, Near Bus Stand, Karnataka	us
S3-01216	TRADERS PATEL CO	7989 Temple Street, Austin, TX	us
S3-01217	Crystal Inc.	9860 Market Rd , Miami , FL	in
S3-01218	ROYAL PVT LTD.	4793 Park Street, Phoenix, AZ	in
S3-01219	CRYSTAL LLC	9582 HILL ROAD, SEATTLE, WA	in
S3-01220			in
S3-01221	GLOBYAL TECHNOLOGIES	3575 NEAR BUS STAND, ATLANTA, GA, 30301	in
S3-01222	Vertex Systems Corp	Neyhru Nagar, Nesar Bus Stand, Kocxhi, 6820y01	in
S3-01223	Reddy Foods Pvt Ltd	644 Church Street , Austin , TX , 78701	in
S3-01224	Apex Systems LLC	Atlanyta, GA	in
S3-01225	Das Pharma Pvt. Inc	Opposite Court , Near Bus Stand , Jaipur , 302001	us
S3-01226			in
S3-01227	Sigma Enterprises LLC	Seattle, 98101	in
S3-01228	Sunrise Oils Corporation	4225 Sector 21, Denver	
S3-01229	Systems Reddy LLC	2445 MG Road, 98101	us
S3-01230	Das Enterprises Private Limited	370/147, Plot 44, Maharashtra, 411001	us
S3-01231		37e64 Near Bus Stand, Atlanta	in
S3-01232		4382 Station Road , Boston	in
S3-01233	GOLDEN EXPORTS & SONS	Park Street, Near Bus Stand, Mumbai, Maharashtra, 400001	us
S3-01234		2354 Lake View Road, GA, 30301	in
S3-01235	Royal Textiles and Company	Miami, FL	in
S3-01236	Nova Consultants Sons	3394 Gandhi Road, 33101	in
S3-01237	INDUSTRIES SONS AND	232/148, Gandhi Road, Near Bus Stand, Bengaluru, Karnataka, 560001	in
S3-01238	Delta Textiles Co	247/195, Hill Road, Rajasthan, 302001	in
S3-01239	Golden Foods	5529 Hill Road, Seattle, WA	in
S3-01240	Krishna Traders Ltd	Near Bus Stand , Lucknow , Uttar Pradesh	us
S3-01241	PRIME ENTERPRISES CORPORATION	40/140, Lake View Road, Near Bus Stand, Chennai, Tamil Nadu, 600001	us
S3-01242	Technologies Ganesh and	248/43, Oppeosite Court, Neeear Bus Stand, Tamil Naeedu	in
S3-01243		189/69 , Market Road , Near Bus Stand , Bengaluru , Karnataka , 560001	us
S3-01244	Shree Enterprises Limited	1192 MG Rd, OR, 97201	in
S3-01245	Nair Technologies Inyc.		us
S3-01246	GANESH CONSULTANTS PVT.		us
S3-01247	Sharma Agro Pvt. Ltd.	7868 Lake View Rd, MA, 02108	us
S3-01248	Delta Textiles Pvt. Ltd.	CO, 80202	in
S3-01249		38/47 , Park Street , Near Bus Stand , Mumbai , Maharashtra , 400001	us
S3-01250	SAI INDUSTRIES LLC	79/45 , Near Bus Stand , Maharashtra	in
S3-01251	Blue Services Co	2060 Lake View Road, Denver, CO, 80202	in
S3-01252	Elite pvt ltd.	Austin, TX, 78701	us
S3-01253	Gupta Enterprises Pvt and Sons	230/178, Market Road, Rajasthan, 302001	us
S3-01254		378/54, Near Bus Stand, Hyderabad, Telangana, 500001	
S3-01255	Orion Textiles Pvt. Ltd.	350/192, Anna Salai, Near Bus Stand, Hyderabad, Telangana	us
S3-01256	Pvt Textiles Elite Inc.	316/96, Temple Street, Near Bus Stand, 226001	us
S3-01257	Khan Pharma Co	9602 Block C, Portland, OR	in
S3-01258	Shree Electronics Corporation		
S3-01259		245/153, Temple Street, Near Bus Stand, Bengaluru, Karnataka	us
S3-01260	CONSULTANTS CORPORATION	42a47 Sector 21, Phoensix	
S3-01261	Royal Motors Company	3242 Temple Street, Boston, MA, 02108	us
S3-01262	Crystal Solutions and Sons	61/150, Station Road, Near Bus Stand, Hyderabad, Telangana	us
S3-01263	Corporation Imports Crystal	3730 Tower A, Phoenix	us
S3-01264	APEX TRADERS PVT. LTD.	2296 Anna Salai, Miami	in
S3-01265	Motors Inc	310 BLOCK C , PHOENIX , AZ , 85001	us
S3-01266	VERTEX INDUSTRIES CORP	Near Bus Stand , Lucknow , Uttar Pradesh , 226001	in
S3-01267	Motors Limited	OR, 97201	in
S3-01268	Royal Textiles pvt Pvt Ltd	105/88, Plot 44, Nesar Bus Styand, Baengaluru, Kaernataka, 560001	
S3-01269	Nova Traders Inc.	163/22, TEMPLE STREET, PUNE, MAHARASHTRA	in
S3-01270	PRIME ENTERPRISES LTD	Near Bus Stand, Hyderabad, Telangana	us
S3-01271	Zenth Exports LLC	249/193 , Near Bus Stand , 600001	in
S3-01272	Gupta Services & Pvt. Ltd.	379/46, MG Road, Kochi, Kerala	us
S3-01273			in
S3-01274	Blue Enterprises Company	52/3 , Opposite Court , Near Bus Stand , Maharashtra	in
S3-01275	Reddy Imports Pvt. Inc.	Near Bus Sytand, Hyderaabad, Tyelangana, 500001	us
S3-01276	Das Foods	805 Church Street, Austin, TX, 78701	in
S3-01277	Das Enterprises Sons	Seattle, WA	in
S3-01278	ZENITH TEXTILES	232/69, Block C, 400001	us
S3-01279	Modern Logistics Co	36/51, Church Street, Near Bus Stand, Bengaluru, Karnataka	in
S3-01280	GREEN TEXTILES PVT AND SONS		in
S3-01281	Technologies Elite Corp	7934 Park Street, Boston, MA, 02108	in
S3-01282	Singh Agro pvt ltd.	6655 Plot 44, Austin, TX, 78701	in
S3-01283	Ltd Technologies Silver	CO, 802a02	in
S3-01284	Elite Consultants Pvt. Corp	Boston, MA, 02108	
S3-01285	SINGH IMPORTS CEEORP	222/22, Jaipur, Rajasthan, 302001	in
S3-01286	AGIESRO LLC	218/155, NEAR BUS STAND, LUCKNOW, UTTAR PRADESH	in
S3-01287	Modern Pharma Inc.	117e/89, Near Bus Stand, Near Bus Stand, Chennai, Tamil Nadu, 600001	in
S3-01288	GANESH SERVICES CORP	212/93, NEHRU NAGAR, NEAR BUS STAND, KARNATAKA, 560001	us
S3-01289	Nova Technologies Limited	363/10 , Hill Road , 560001	us
S3-01290	Nova Pharma Pvt	9226 Lake View Road, TX, 78701	
S3-01291	Prime Enterprises Inc	PORTLAND, OR	us
S3-01292	Blue Enterprises Corporation	306/188, Maharashtra	in
S3-01293	SHREE TRADERS AND SONS	363/93, Anna Salai, Near Bus Stand, Chennai, Tamil Nadu, 600001	us
S3-01294	Star Oils Inc.	2905 MG Road, 97201	us
S3-01295	Sharma Electronics Pvt Pvt. Ltd.	39s6/48, Nesar Bus Stand, Jaipur, Rasjasthan	us
S3-01296	Das Services Pvt. Llc	169/143, MG Road, Near Bus Stand	us
S3-01297	PATEL FOODS PVT LTD.		
S3-01298	GOLDEN SYSTEMS AND SONS	396/101 , Near Bus Stnd , Near Bus Stand , Kohi , 682001	in
S3-01299	Consultants Corp	4346 Opposite Court , 30301	in
S3-01300	Solutions Corporation	4072 Gandhi Road, Austin, TX, 78701	us
S3-01301	Delta Inc.	349/128, Opposite Court, Near Bus Stand	us
S3-01302	Das Systems Limited	93/13, Sector 21, Near Bus Stand, Hyderabad, Telangana	in
S3-01303			us
S3-01304	Golden Imports Pvt. Ltd.	4972 Block C, 33101	us
S3-01305	Prime Oils and Sons	9637 Opposite Court, Denver, CO	us
S3-01306	Royal Motors Limited	Boston, MA, 02108	in
S3-01307	CRYSTAL TRADERS PVT. LTD.	ATLANTA , 30301	in
S3-01308	Enterprises Limited	4031 OPPOSITE COURT, ATLANTA, 30301	us
S3-01309	Solutions Corporation		in
S3-01310	Silver Enterprises	314 STATION ROAD , TX , 78701	in
S3-01311	Krishna Enterprises Pvt. Ltd.		in
S3-01312	Nair Pharma and Sons	Austin, TX	in
S3-01313	Gupta Exports Company	7479 Block C, Atlanta, GA	in
S3-01314	Vertex Textiles Llc	309/198, Near Bus Stand, Near Bus Stand, Hyderabad, Telangana, 500001	in
S3-01315		8328 Tower A, Portlaend	us
S3-01316	Gupta Motors pvt and Sons	7411 Station Rd, Seattle, WA, 98101	in
S3-01317	Shree Solutions pvt & Sons	340/116, Near Bus Stand, Maharashtra, 411001	in
S3-01318	SUNRISE TECHNOLOGIES		us
S3-01319	Imports Limited	3637 Plot 44, Boston, MA	us
S3-01320	Iyer Agro & Sons	WA, 98101	us
S3-01321	Nova Enterprises Inc	514 MG Road, Boston	us
S3-01322		9692 Anna Salai , Portland , OR , 97201	us
S3-01323	APEX RICE INC.	9783 Block C , Miami	in
S3-01324	Khan Textiles Inc.		us
S3-01325	Global Inc	7147 Church Street, Austin	us
S3-01326	Reddy Enterprises LLC	3682 Nehru Nagar, 85001	in
S3-01327	SHREE TEXTILES INC.	SEATTLE , 98101	us
S3-01328	Prime Oils Inc	Pheeoenix, 8501	us
S3-01329	Sai Industries Pvt Pvt. Ltd.	6298 Tower A, TX	in
S3-01330	Green Electronics Pvt Inc.	13/181, Church Street, Pune, Maharashtra	in
S3-01331	Iyer Electronics Limited	3622 Near Bus Stand , Miami , 33101	in
S3-01332	SMART EXPORTS PRIVATE LTD	2029 Market Road , Miami , FL	us
S3-01333	Shree Exports Inc	4532 Block C, Portland, OR, 97201	
S3-01334	Blue Motors Inc and	147/158, Lake Veeiew Road, Lucknow, Uttar Pradeeesh, 226001	in
S3-01335	Iyer Consultants and Inc.	Temple Street, Near Bus Stand, Mumbai, Maharashtra, 400001	in
S3-01336	Crystal Logistics Limited	378/9 , HILL ROAD , HYDERABAD , TELANGANA , 500001	us
S3-01337	Global Imports Co	6349 Block C , Miami , FL , 33101	us
S3-01338	Gupta Foods Pvt. LLC	613 Market Rd, Atlanta, GA	in
S3-01339	SILVER AGRO PRIVAEETE		in
S3-01340	Nova Enterprises Corp	163 TEMPLE STREET , SEATTLE , WA , 98101	us
S3-01341	Prime Motors Company	388/54, TOWER A, NEAR BUS STAND, BENGALURU, KARNATAKA, 560001	us
S3-01342		283/154, Hill Road, Near Bus Stand, Mumbai, Maharashtra	us
S3-01343	Patel Enterprises & Pvt Ltd	Portland, OR	in
S3-01344	Delta Consultants LLC	7964 ANNA SALAI, DENVER, CO, 80202	in
S3-01345	Sharma Solutions Corporatixon	228/161, Hill Road, Near Bus Stand, Kerala, 682001	in
S3-01346	Reddy Motors Limited	59/80 , Tower A , Mumbai	in
S3-01347	Iyer Exports Pvt. Ltd.		in
S3-01348	Green Traders & Sons	288/122, Sector 21, Near Bus Stand, Pune, Maharashtra, 411001	us
S3-01349	VERTEX RICE CO	9777 Market Road , WA	us
S3-01350	SIGMA INC TEXTILES	6675 CHURCH STREET , AUSTIN , TX , 78701	us
S3-01351	SMART SOLUTIONS & SONS	182/178 , Cahurch Stiesreet , Neyar Bus Stand , Uttar Pradesh , 226001	in
S3-01352	Prime Services Company	326/148, Lake View Road, Near Bus Stand, Jaipur, Rajasthan	us
S3-01353	Global Conseultants	Atlanta, GA	in
S3-01354	Sharma Pharma pvt ltd.	107/184 , Near Bus Stand , Hyderabad , Telangana	us
S3-01355	GANESH PHARMA CORPORATION	97/22, Gandhi Road, Near Bus Stand, Maharashtra, 400001	in
S3-01356		DENVER, CO, 80202	in
S3-01357	SAI INDUSTRIES CO	316/115 , MG ROAD , NEAR BUS STAND , BENGALURU , KARNATAKA , 560001	us
S3-01358	Crystal Exports Inc.	222/87, Sector 21, Near Bus Stand, Kochi, Kerala, 682001	in
S3-01359	Vertex Agro Pvt. Ltd.	181/122, Lake View Road, 400001	in
S3-01360	Sai Systems Private Inc	7584 Temple Street, 98101	us
S3-01361		Hill Rd , Near Bus Stand , Bengaluru , Karnataka , 560001	us
S3-01362	ELITE OILS PRIVATE LIMITED	Portland, 97201	us
S3-01363	Vertex Logistiycs Sons	38/178, Nehru Nagar, Near Bus Stand, Pune, Maharashtra	in
S3-01364	Modern Industries and Sons	7125 Block C, Denver, CO	
S3-01365	Krishna Electronics Corporation	351/89 , Market Road , Near Bus Stand , Jaipur , Rajasthan , 302001	in
S3-01366	Sunrise Enterprises Ltd	6970 Opposite Court, AZ, 85001	us
S3-01367	Orion Enterprises Corporation	WA, 98101	us
S3-01368	Sai Enterprises Ltd	5426 Block C, Boston, MA, 02108	us
S3-01369	Reddy Services Corporation	347/167, Temple Street, Near Bus Stand, Lucknow	in
S3-01370	Ganesh Imports Limited	1/s92 , MG Road , Nsear Bus Stand , Pune	us
S3-01371		5515 Opposite Court, AZ	us
S3-01372	Iyer Technologies pvt ltd.	50/13, Nexar Bus Staend, 40x0001	us
S3-01373	Nova Indiesustries Co	8002 Block C, Phoenix, AZ, 85001	us
S3-01374		DENVER , 80202	us
S3-01375	Global Imports Limited	1534 Station Road, WA, 98101	in
S3-01376	Vertex Rice and Limited	2268 Lake View Road, 33101	us
S3-01377	SHREE EXPORTS COMPANY	3441 Plot 44, Boston, MA	in
S3-01378	Orion Systems Company	6883 Park Street, Miami, FL, 33101	in
S3-01379	Oils Nova Private Inc	PHOENIX, AZ, 85001	in
S3-01380	Textiles & Sons	110/10, Near Bus Stand, Lucknow, Uttar Pradesh, 226001	us
S3-01381	Patel Motoxrs Inc.	WA, 98101	in
S3-01382	SIGMA ENTERPRISES PVT.	MIAMI, 33101	in
S3-01383	Blue pvt Company	372/19, Temple Street, Near Bus Stand, Maharashtra	in
S3-01384	Logistics LLC		in
S3-01385	SIEELVER MOTORS PVT COMPANY	Portland, 97201	in
S3-01386	SHARMA SYSTEMS PVT PVT LTD	Portland , 97201	in
S3-01387	ELITE IMPORTS PRIATE LIMITED	885 Temple Street, Denver, CO	in
S3-01388	Modern Oils	72/159 , Lake View Rd , Near Bus Stand , Rajasthan	in
S3-01389	Smart Enterprises & Pvt Ltd	6429 Market Road, Phoenix	in
S3-01390	Krishna Oils Co		
S3-01391	Sigma Services Ltd		
S3-01392	NIR SERVICES LTD PVT	397/127, Station Road, Near Bus Stand, Lucknow, Uttar Pradesh	in
S3-01393	Elite Foods Company	4154 GANDHI ROAD, WA	in
S3-01394	Nova Textiles Llc	182/115, Block C, Jaipur, Rajasthan, 302001	in
S3-01395	Smart Enterprises LLC	307 Tower A, 02108	in
S3-01396	ELITE LLC	3877 Block C, Boston, MA, 02108	us
S3-01397	Iyer Pharma pvt ltd.		in
S3-01398	Systems Limited	Portland , 97201	in
S3-01399	Global Solutions Pvt Ltd	5538 Heill Roiesad, Phoeneeix, AZ	in
S3-01400	Ganesh Solutions Private Limited	FL, 33101	us
S3-01401	Smart Electronics Corp	Boston, MA, 02108	in
S3-01402	Silver Traders Pvt Ltd	148X/53, SEXCTOR 21, NEAR BUS STAD, KARENATAKA	in
S3-01403	Limited Foods Khan	4444 Opposite Court, Phoenix, AZ, 85001	
S3-01404	Smart Oils Limited	713 Church Street, Seattle, WA	in
S3-01405	Rice Limited	Deiesnver, CO	us
S3-01406	Krishna Exports Pvt Corporation	322/28, Temyple Street, Near Bus Stand, Mumbai, Miesaharashtra, 400001	in
S3-01407	BLUE CONSULTANTS CO	5246 Temple Street, Portland, 97201	us
S3-01408	Nair Motors Pvt. Ltd	72/181 , Near Bus Stand , Mumbai , Maharashtra , 400001	in
S3-01409	Krishna Systems pvt pvt ltd.	377/141, Market Rd, Bengaluru, Karnataka	in
S3-01410	Prime Teceehnologies & & Sons	131/167, Station Road, Near Bus Stand, Pune, 411001	in
S3-01411	Nova Sons and Agro	40/198, Park Street, Pune, Maharashtra	us
S3-01412	Singh Technologies Company	8226 Hill Rd, Phoenix, AZ	us
S3-01413	Gupta Electriesonics Inc.	Portland, OR	in
S3-01414	Nova Foods pvt ltd.	305/115, Gandhi Road, Kochi	in
S3-01415		94/121, Opposite Court, Near Bus Stand, Hyderabad	in
S3-01416	Ganesh Agero Pvt. Ltd.	GA, 30301	us
S3-01417		7781 Temple Street, Portland	us
S3-01418	Sharma Systems Corporation	3531 Lake View Road, Denver	us
S3-01419	MODERN ELECTRONICS LTD. PVT	188/188, MG ROAD, NEAR BUS STAND, CHENNAI, TAMIL NADU	us
S3-01420	and Sons Technologies Modern	712 Nehru Nsagar, Dever, CO	in
S3-01421	Reddy Corporation		us
S3-01422	Prime Limited	179/90, TOWER A, NEAR BUS STAND, MYUMBAI, MAHARASHTRA, 400001	in
S3-01423	Gupta Soluteions Pvt. Ltd.	STATION ROAD, LUCKNOW, UTTAR PRADESH, 226001	in
S3-01424	Patel Traders And Soans	MA , 02108	us
S3-01425	Apex Agro Pvt	372/168, TOWER A, LUCKNOW, 226001	us
S3-01426	Star Enterprises Pvt Ltd	137/68 , Plot 44 , Near Bus Stand , Lucknow , Uttar Pradesh , 226001	in
S3-01427		375/78, Hill Road, Mumbai, Maharashtra, 400001	us
S3-01428	Singh & Corp	921 Market Road, Seattle, WA, 98101	us
S3-01429	Shree Pvt Ltd	8643 Lake View Rd, Portland, OR, 97201	
S3-01430	GANESH SERVICES CORP		us
S3-01431	Sigma Technologies Company	2572 Park Street , Denver	us
S3-01432	Orion Motors Pvt. Ltd.	5224 Tower A, Denver, CO, 80202	us
S3-01433	IYER ENTERPRISES COMPANY	Denver, CO, 80202	us
S3-01434	Star Pharma Pvt. Ltd.	172/155, Plot 44, Near Bus Stand, Mumbai, Maharashtra, 400001	us
S3-01435	Vertex Rice Ltd	Anna Salai, Hyderabad, Telangana, 500001	in
S3-01436	VERTEX OILS PVT.	154/122, Block C, Near Bus Stand, Telangana, 500001	in
S3-01437	SINGH MOTORS	4792 Tower A , Portland , OR , 97201	in
S3-01438	and Sons Textiles Modern		us
S3-01439	Nair Logistics LLC	Hill Road , Near Bus Stand , Kochi , Kerala , 682001	in
S3-01440		PHOEENIX, AZ	
S3-01441	CRYSTAL AND SOANS	184/137, Plot 44, Near Bus Stand, Bengaluru, Karnataka, 5ies60001	in
S3-01442	Star Pharma & Sons	Hil Road, Lucknow, Uttar Pradesh, 22ies6001	
S3-01443	GREEN IMPORTS PVT LTD	358/148, Gandhi Road, Near Bus Stand, Jaipur, Rajasthan	us
S3-01444	Consultants Singh Pvt. Ltd.	8y398 Chsurch Stxreet , Miami , FL , 331s01	in
S3-01445	GUPTA SOLUTIONS PVT & ASONS	1978 Block C, Denvieser	us
S3-01446	Smart pvt ltd.	Seattle, WA	us
S3-01447	Delta Imports Private Limited	Opposite Court , Near Bus Stand , Hyderabad , Telangana	in
S3-01448	SINGH LOGISTICS LLC	29a3/7, Hill Roeead, Near Bus Stand, Telangaa, 50e0001	us
S3-01449	Shree Imports Pvt and Sons	1718 Church Street , AZ	in
S3-01450	PVT. IMPORTS KRISHNA CORPORATION	WA , 98101	in
S3-01451		STATION ROAD , NEAR BUS STAND , 226001	in
S3-01452	Crystal Imports & Sons	Near Bus Stand, Pune, 411001	in
S3-01453	Textiles Sigma Company	4564 Near Bus Stand, Boston, MA	us
S3-01454	VEEERTEX SERVICES	2342 Tower A, 33101	us
S3-01455		1424 Tower A , Miami , FL	us
S3-01456	SHIESREE AGRO CORPORATION	Portland, 97201	in
S3-01457	ELITE INDUSTRIES & SONS	8694 Block C, Seattle, 98101	in
S3-01458	Royal Electronics pvt ltd.	GANDHI ROAD, NEAR BUS STAND, MUMBAI, MAHARASHTRA, 400001	us
S3-01459	Crystal Electronics Pvt. Ltd.	GA, 30301	us
S3-01460	Singh Systems and Sons	91/177, Park Street, Near Bus Stand, Kerala	in
S3-01461	Blue Textiles Limited	203/111, Temple Street, Near Bus Stand, Maharashtra, 400001	in
S3-01462	Sunrise Enterprises Ltd	Near Bus Stand, Mumbai, Maharashtra	in
S3-01463	Global Motors Co	6137 Sector 21, Seattle, WA, 98101	in
S3-01464	Sigma Exports Limited	19s41 Lke View Rd , Ausstin , TX , 7ies8701	in
S3-01465	Industries Orion Corp	3051 STATION ROAD, MIAMI, FL, 33101	in
S3-01466	REDDY SOLUTIONS SOSNS AND	9782 PLOT 44, BOSEETON, MA, 02108	in
S3-01467	Nova Inc Solutions	46/148, Anna Salai, Near Bus Stand, Lucknow, Uttar Pradesh, 226001	us
S3-01468	Elite Co	Miami, 33101	us
S3-01469	Das Technologies and Sons	266/95, Near Bus Stand, Maharashtra, 400001	us
S3-01470	Delta Foods pvt ltd.	9128 Near Bus Stand , Miami , FL , 33101	in
S3-01471	Elite Services Pvt. & Sons	243/30, Tower A, Hyderabad, Telangana, 500001	in
S3-01472	Beelue Foods Corporation	Market Road, Near Bus Stand, Jaipur, Rajasthan, 302001	us
S3-01473	Patel Enterprises Co	388/145, Church Street, Near Bus Stand, Pune, Maharashtra	us
S3-01474	Ganesh Agro	Denver, 80202	in
S3-01475	LLC Industries Das	5590 Lake View Road, GA, 30301	in
S3-01476	Rice pvt ltd.	59ies11 Block C, Aatlanta, GA	in
S3-01477		77/52, Station Road, Near Bus Stand, 500001	in
S3-01478	Zenith Enterprises Llc	Park Street, Near Bus Stand, Tamil Nadu, 600001	us
S3-01479	Zenith Textiles	Denver, 80202	in
S3-01480			us
S3-01481	DELTA SERVICES PVT LIMITED	1113 Park Street, WA, 98101	in
S3-01482	Ganesh Pharma Co	135/167 , Plot 44 , Pune , Maharashtra , 411001	in
S3-01483		3051 Tempe Stxreet, Denver, CO, 8a0202	us
S3-01484	RICE INC	MA, 02108	us
S3-01485	SYSTEMS LLC	GA, 30301	us
S3-01486	Crystal Solutions Private Limited		in
S3-01487	SUNRISE TEXTILES INC.	PORTLAND , OR	us
S3-01488	Orion Enterprises Inc.	384/32, Gandhi Road, Near Bus Stand, Uttar Pradesh, 226001	in
S3-01489		110/34, Near Bus Stand, Pune, Maharashtra	
S3-01490	Iyer Oils pvt ltd.		in
S3-01491	Royal Motors Inc	Opposite Court, Near Bus Stand, Lucknow, Uttar Pradesh, 226001	in
S3-01492	Vertex Foods	TOWER A, NEAR BUS STAND, MUMBAI, 400001	in
S3-01493		Bostaon , 02108	in
S3-01494	Sigma Consultants Sons		us
S3-01495	ZENITH INDUSTRIES AND PVT. LTD.	Park Street , Near Bus Stand , 560001	us
S3-01496	NEW ENTERPRISES LTD	Denver , CO	
S3-01497	NEW CO	TOWER A, NEAR BUS STAND, KOCHI, KERALA, 682001	us
S3-01498	Modern LLC	4474 Hill Road , 33101	us
S3-01499	Khan Motors pvt Pvt. Ltd.	196/26, NEAR BUS STAND, MUMBAI, 400001	us
S3-01500		Phoenix, 85001	in
S3-01501	Electronics Ltd	5470 Near Bus Stand, Denver, CO, 80202	in
S3-01502	Zenith Pharma Inc	WA, 98101	us
S3-01503	New Industries And Private Limited	378a/62, Gandhi Road, Neiesar Bus Stand, Bengayluru, Karniesataka, 560001	
S3-01504		3558 Anna Salai, Austin, TX	in
S3-01505	Ltd Pharma Global	8896 TEMPLE STREET, MA, 02108	us
S3-01506	IYER SYSTEMS PRIVATE INC.	23/97, Temple Street, Near Bus Stand, Maharashtra	in
S3-01507	Silver Foods and Sons	290/132, Opposite Court, Near Bus Stand, Rajasthan	
S3-01508	Modern Agro Pvt Ltd	1859 Tower A, GA	us
S3-01509		Near Bus Stand, Kochi, Kerala, 682001	in
S3-01510		Austin, 787ies01	us
S3-01511	Global Logistics Pvt LLC	309/114 , Block C , Near Bus Stand , Hyderabad	in
S3-01512	KRISHNA PHARMA PVT. LTD.		in
S3-01513	Silver Corporation Systems	Austin, TX	us
S3-01514	SHREE FOODS PVT.	19/173, Anna Salai, Near Bus Stand, Jaipur, Rajasthan	us
S3-01515		123/186 , Anna Salai , Near Bus Stand , Pune , Maharashtra	
S3-01516	Orion Services Ltd	307/145 , Near Bus Stand , Kochi , Kerala	in
S3-01517	Khan Logistics Pvt. Ltd.	176/59, Tower A, Near Bus Stand, Jiesaipur, Rajasthan, 302y001	us
S3-01518	Sai Exports Company	128/185 , NEEAR BUS STAND , HYDERIESABAD , 50IES0001	in
S3-01519	Nair Electronics Llc	MG Road, Near Bus Stand, Jaipur, Rajasthan	in
S3-01520	Delta Consultants Saons	113/70, Nehru Nagar, Near Bus Stand, Lucknow, Uttar Pradesh, 226001	us
S3-01521	Golden Industries Inc	234/76, Block C, Near Bus Stand, Lucknow, 226001	in
S3-01522	GREEN TEXTILES LTD	9x1/35, Plot 44, Near Bus Stxand, Mumbyai, 4000ies01	us
S3-01523	Delta Foods Limited	118/36 , Market Road , Near Bus Stand , Maharashtra , 411001	us
S3-01524	Gupta Agro and Sons	11/152, Park Street, Near Bus Stand, Bengaluru, Karnataka	in
S3-01525	Crystal Pharma Pvt Ltd	58/64, Sector 21, Near Bus Stand, Tamil Nadu, 600001	
S3-01526	Nair Consultants Pvt	6750 Anna Salai , WA , 98101	us
S3-01527	Nair Oils Inc.	Portland , 97201	in
S3-01528	CRYSTAL AGRO & SONS	87/112, Park Street, Near Bus Stand	in
S3-01529	GLOBAL ENTERPRISES PVT. LTD		in
S3-01530	Sai Exports	16/150, Near Bus Stand, Chennai, Tamil Nadu	in
S3-01531	Silver Consultants Pvt Ltd	352/64, Sector 21, Near Bus Stand, 600001	in
S3-01532		167/183, GANYDHI ROAD, NEAR BUS STAND, HYDEEERABAD, TELYANGANA, 500001	in
S3-01533	Golden Enterprises Pvt. Ltd.		in
S3-01534	SYSTEMS AND SONS	TOWER A , NXEAR BUS STYAND , KOCHI , KEXRALA	us
S3-01535	MODERN PHARMA LLC	WA, 98101	
S3-01536	Gupta Solutions Corporation	239/168 , Pune , Maharashtra , 4ies11001	us
S3-01537	Moetors Pvt Ltd	Lake View Road , Near Bus Stand , Telangana	us
S3-01538	SMART SERVICES PVT CO	FL , 33101	us
S3-01539	Nair Oils Ltd	17/143, Near Bus Stand, Mumbai, Maharashtra	in
S3-01540	GOLDEN ENTERPRISES AND SONS	Portland, OR, 97201	in
S3-01541	Prime Services Co	4191 TOWER A, MA, 02Y108	in
S3-01542	Elite Technologies Private Corporation	5814 Plot 44 , Seattle , WA	us
S3-01543	Singh Private Inc.	6981 Anna Salai , Seattle , WA	in
S3-01544	SAI EXPORTS LIMITED	7273 Tower A, Boston, MA, 02108	us
S3-01545	Shree Inc		us
S3-01546	Royal Textiles Ltd	Austin , TX	in
S3-01547	ROYAL RIECE AND INC.	Temple Street, Near Bus Stand, Jaipur, Rajasthan, 302001	in
S3-01548	Reddy Consultants Pvt. Ltd.	90ies/156 , Nyear Bus Sstand , Chyennai , Tamil Nadu	in
S3-01549	Global Rice Limited	7109 Tower A, Boston, MA	us
S3-01550	Sai & Sons	8949 Lake View Road, TX	us
S3-01551		Gandhi Road, Near Bus Stand, Bengaluru, 560001	in
S3-01552	Blue Foods	220/76, Near Bus Stand, Near Bus Stand, Kochi, Kerala	us
S3-01553	Elite Textiles Pvt.	Denver, CO, 80202	in
S3-01554	Gasnesh Electronics Inc	384/95, Tower A, Jaipur, Rajasthan	us
S3-01555	Khan Enterprises Inc.	BOSTON, 02108	us
S3-01556	Krishna Pvt Imports Company	2811 OPPOSITE COURT , DENVER , CO , 80202	in
S3-01557		MA, 02108	in
S3-01558	Apex Sysstems Private Limited	85/113, Gandhi Road, Lucknow, Uttar Pradesh, 226001	in
S3-01559	Global Motors Inc.	290/5 , Near Bus Staiesnd , Lucknow , 226001	us
S3-01560	Zenith Industries Inc.	298/18 , Market Road , Chennai	in
S3-01561		159/161 , Sector 21 , Near Bus Stand , Bengaluru , Karnataka , 560001	us
S3-01562	Sharma Enterprises Co	351/128, Tower A, Lucknow, Uttar Pradesh	us
S3-01563	Smart Motors		in
S3-01564	Vertex Rice Inc	4178 Temple Street, Miami	us
S3-01565	Zenith Pvt Ltd.	267/195 , Near Bus Stand , Maharashtra	in
S3-01566	Smart Enterprises Corporation	Boston, MA	us
S3-01567	Motors Pvt. Inc		us
S3-01568	Limited Oils Sai	AZ, 85001	in
S3-01569	Elite Foods Inc.	TEMPLE STREET, HYDERABAD, TELANGANA, 500001	in
S3-01570	Orion Rice Private Company	78/72, Near Bus Stand, Kochi, 682001	
S3-01571	GANESH LTD PVT. FOOSDS	232 Block C , Miami , FL	us
S3-01572	pvt Industries Delta ltd.	Miami, 33101	in
S3-01573	NAIR LOGISTICS PRIVATE LIMITED	3670 Nehru Nagar, Seattle, 98101	in
S3-01574	Prime Ltd	Anna Salai, Near Bus Stand, Lucknow, Uttar Pradesh	us
S3-01575	GREEEEN RICE & SONS	4x956 Church Street, Portland	in
S3-01576	Nair Technologies Pvt. Ltd.	259/81, Market Road, Near Bus Stand, Chennai, Tamil Nadu	in
S3-01577	Blue Technologies Corporation	230 Hill Road, Boston, MA, 02108	in
S3-01578	Khan & Services Sons	Near Bus Stand , Kochi , Kerala , 682001	us
S3-01579	MODERN TECHNOLOGIES PRIVATE LIMITED	4172 Temple Street, Austin	in
S3-01580	Ganesh Foods pvt Inc.	117/129, Plot 44, Near Bus Stand, Chennai, 600001	in
S3-01581	Blue Motors Private Limited	143/192, Temple Street, Near Bus Stand, Kochi, 682001	
S3-01582	Sunrise Textilieses Inc.	3580 Tower A , MA , 02108	in
S3-01583	Prime Textiles	7485 Hill Rd , Portland , OR	in
S3-01584	Krishna Exports Co	8902 Tower A, Austin, TX, 78701	
S3-01585	Modern Solutions Ltd	51/162, Near Bus Stand, Mumbai, Maharashtra, 400001	us
S3-01586	ORION LLC		us
S3-01587	Aiesgro Corp	188/141, MG Rsoad, Near Bus Stand, 41a1001	us
S3-01588	Iyer Traders and and Sons	2664 Park Street, Portland, OR, 97201	us
S3-01589	Sigma Exports Private Limited	161/20 , MG Road , Neiesar Bus Stand , Baengaluru , Karnataka , 560001	in
S3-01590		6299 Anna Salai, Phoenix, 85001	us
S3-01591		393/82, Sector 21, Chennai, Tamil Nadu, 600001	
S3-01592	Green Consultants Private Limited	15e3/84 , Laeke Veeiew Road , Near Bus Stand , Cehennai , Tamil Neeadu	in
S3-01593	New Logistics and pvt ltd.		us
S3-01594	Reddy Ltd	46e23 Cahurch Street, Phoenix, AZ, 85001	us
S3-01595	Blue Enterprises Pvt Ltd	2067 Sector 21, Miami, 33101	us
S3-01596	Zenith Textiles Pvt Ltd		us
S3-01597	Enterprises Co	1656 Market Road, Seattle, WA, 98101	us
S3-01598	Delta Services Corp	167/154, Near Bus Stand, Kerala, 682001	in
S3-01599	Technologies New & Inc.	8967 Nehru Nagar , CO	us
S3-01600		Block C, Near Bus Stand, Chennai, Tamil Nadu, 600001	in
S3-01601	Modern Exports Pvt Ltd.	Nehru Nagar, Mumbai, Maharashtra, 400001	us
S3-01602	NEW CO IMPORTS	5328 Sector 21, Atlanta, GA, 30301	us
S3-01603	Reddy Services Private Limited		in
S3-01604	Traders Corporation	281 PLOT 44, DENVER, CO, 80202	
S3-01605	Delta Pharma	4299 Park Street , Portland , OR , 97201	in
S3-01606	Vertex Motors & Sons	37/69, Market Road, Near Bus Stand, Tamil Nadu	in
S3-01607	Green Oils Pvt Ltd	Opposite Court , Near Bus Stand , Kerala , 682001	us
S3-01608	Vertex Foods & Sons	197/110, OPPOSITE COURT, NEAR BUS STAND, PUNE	in
S3-01609	Blue Motors Ltd	Near Bus Stand, Bengaluru, Karnataka, 560001	us
S3-01610	Sunrise Enterprises pvt ltd.	9ee516 Lake Viaew Road , Atlanta	us
S3-01611	DELTA AGO PVT. LTD	325/115, MG Road, Pune, Maharashtra, 411001	in
S3-01612	Gupta Solutions	Seattle, WA	us
S3-01613	GUPTA OILS & LTD	Block C, Near Bus Stand, Kochi, Kerala, 682001	in
S3-01614	Shree Enterprises Limited	Phoenix , 850x01	in
S3-01615	LLC TRADERS PVT. DAS	2837 Market Road , Austin , TX	us
S3-01616	Dexlta Foods Pvt Ltd	8s413 MG Road , OR	us
S3-01617	PATEL PHARMA PVT CORPORATION		in
S3-01618	Sigma Systems Corp	3245 Church Street , Austin	
S3-01619	Corp Solutions Sigma	7407 MG Rad, Atlanta	in
S3-01620	NOVA EXPORTS LLC	Boston, 02108	us
S3-01621	Enterprises Pvt Pvt. Ltd.		us
S3-01622	Sharma Oils pvt	Gandhi Rd, Near Bus Stand, Kerala	in
S3-01623	Patel and Sons	384/11, Near Bus Stand, Lucknow, Uttar Pradesh	in
S3-01624	SAI MOTORS LIMITED	1845 Market Road , Miami	us
S3-01625		373/176, Nehru Nagar, Near Bus Stand, Telangana	us
S3-01626		OR, 97201	us
S3-01627		8752 Lake View Road, MA	us
S3-01628	Agro Golden Corporation	7029 TOWER A , MA , 02108	in
S3-01629	Reddy Technologies And Sons	Seattle, 98101	in
S3-01630	Orion Foods Limited	2035 Pasrk Streeet, WA, 98101	us
S3-01631	Smart Imports Inc.	Sector 21, Lucknow, Uttar Pradesh, 226001	in
S3-01632	Greeen & Sons	6857 Station Rod, Dxenver, 802s02	in
S3-01633	NAIR EXPORTS INC.	Poxrtland, OR, 97201	us
S3-01634		208/8, Mumbai, Maharashtra	in
S3-01635		48/4, Peeark Street, Neear Bus Stand, Lucknow, Uttar Prasdesh	
S3-01636	Sigma Imports Inc.	Beeoston, 021e08	in
S3-01637	SAI TECHNOLOGIES PRIVATE LIMITED		in
S3-01638		Miami , 33101	
S3-01639	Green Electronics Private Pvt. Ltd.	6723 Market Road , CO	us
S3-01640	Sinxgh Electronics Private Limited	1357 Lake View Road, Atlanta, GA, 30301	us
S3-01641		2013 TOWER A, PHOENIX, AZ, 85001	in
S3-01642	Royal Rice Pvt Ltd		in
S3-01643			in
S3-01644			in
S3-01645	Krishna Technologies and Sons	Denver, CO	
S3-01646	Apex Consultants Private Limited	56/35, BLOCK C, NEAR BUS STAND, KOCHI, 682001	us
S3-01647	VERTEX IMPORTS CORPORATION	NEAR BUS STAND, PUNE, MAHARASHTRA, 411001	us
S3-01648	Reddy Motors Limited	6454 BLOCK C, PHOENIX, AZ, 85001	in
S3-01649		324/100, Tower A, Near Bus Stand, Lucknow, Uttar Pradesh, 226001	us
S3-01650	Exports Iyer pvt ltd.	337/34, Block C, Near Bus Stand, Bengalru, Karnataka, 5600s01	in
S3-01651	Smart Exports Pvt Ltd	Anna Salai , Near Bus Stand , Kerala , 682001	us
S3-01652	REDDY OILS PVT LTD.	201/182, Church Street, Near Bus Stand, Chennai, Tamil Nadu, 600001	us
S3-01653		6318 Sector 21 , Austin , TX	us
S3-01654		MA, 02108	in
S3-01655	DAS CONSULTANTS PRIVATE LIMITED	90/109 , Near Bus Stand , Mumbai , Maharashtra , 400001	in
S3-01656	Iyer Ltd. Pvt		in
S3-01657	Shree Reeice Corporation	MG Road, Near Bus Stand, Kochi, 682001	in
S3-01658	Blue Textiles and Sons	CO , 80202	in
S3-01659	Delta Foods Limited	44/95, Church Street, Hyderabad, Telangana, 500001	us
S3-01660	CRYSTAL AGRO PVT LTD		in
S3-01661	Prime Imports and Co	4925 Anna Salai, Austin	us
S3-01662		67/196, Station Road, Near Bus Stand, Chennai, Tamil Nadu	in
S3-01663	Services Co	66/84, Near Bus Stand, Near Bus Stand, Tamil Nadu, 600001	
S3-01664	Ganesh Industries Inc	148/171 , Plot 44 , Near Bus Stand , Mumbai , Maharashtra , 400001	
S3-01665	Royal Limited	2415 Station Road, OR	us
S3-01666	VERTEX TECHNOLOGIES & COMPANY		us
S3-01667	ZENITH PRIVATE COMPANY	340/95, Station Road, Near Bus Stand, Hyderabad, Telangana, 500001	in
S3-01668	Patel Syastems pvt ltd.	1462 STATION ROAD, PORTLAND, OR, 97201	us
S3-01669	Delta Pharma and Sons		us
S3-01670		81/39 , Anna Salai , Near Bus Stand , Chennai , 600001	us
S3-01671	Ltd Industries Pvt Patel	Boston, MA	in
S3-01672	Smart Services Corporation	68/2, Market Rd, Near Bus Stand, Lucknow, Uttar Pradesh	us
S3-01673	Sharma Co Electronics	PHOENIX, 85001	us
S3-01674	Sigma Agro LLC	LAKE VIEW ROAD , NEAR BUS STAND , TAMIL NADU	in
S3-01675	New Foods Company	286/198 , Anna Salai , Near Bus Stnd , Hyderabaad , Telangaxna	in
S3-01676	Apex Motors	133/191 , MARKET ROAD , NEAR BUS STAND , BENGALURU , KARNATAKA	in
S3-01677	Prime Agro Pvt. and Sons	6615 Opposite Court, MA	us
S3-01678	SIGMA TEXTILES PRIVATE LIMITED	LAKE VIEW ROAD , NEAR BUS STAND	in
S3-01679	STAR EXPORTS COMPANY	112/126 , Aniesna Salai , Nyear Bus Stand , Mumai , Maharashtra	us
S3-01680	GOLDEN ELECTRONICS AND PVT LTD.	386/153, Chennai, 6ies00001	in
S3-01681	SONS AND VERTEX	300/165 , KOCHI , KERALA , 682001	in
S3-01682			us
S3-01683	GLOBAL MOTORS CO	BOSTON , MA	us
S3-01684	Krishna Technologies Private Limited	PHOENIX, 85001	us
S3-01685	Singh Electronics Limited	Opposite Court , Near Bus Stand , Chennai , Tamil Nadu	in
S3-01686	Sai Company	215/x18, Market Rd, Near Bus Stad, Uttar Pradesh	in
S3-01687	Elite Motors Private and Sons	258/28, Near Bus Stand, Maharashtra, 400001	in
S3-01688	Delta Logistics Corporation	9077 Block C, Atlanta, GA	in
S3-01689	Gupta pvt Ltd	Denver , CO , 80202	in
S3-01690	Sigama Enterprises & Pvt Ltd.	278/99, Nehru Nagar, Near Bus Stand, 302001	in
S3-01691	New Imports and Sons	SEATTLE, WA	us
S3-01692	Crystal Rice & Pvt. Ltd.	4639 Near Bus Stand, Boston, MA, 02108	
S3-01693	Zenith Electronics Lixmited	325/161 , Near Bus Stand , Karnataka , 560001	us
S3-01694	Singh Electronics	1633 Block C, Miami, FL	us
S3-01695	Sigma Logistics Pvt & Sons	6/41, Nehru Nagar, Near Bus Stand, Bengaluru	us
S3-01696	Foods Sharma LLC	9134 Haill Raoad, AZ	us
S3-01697	Vertex Exports Llc	6859 Nehru Nagar, Atlanta, 30301	in
S3-01698		214/53 , Nehru Nagar , Near Bus Stand , Chennai , Tamil Nadu	us
S3-01699		4942 Gandhi Road, GA, 30301	us
S3-01700	Global Oils &	275/70, Marsket Road, Jaipur, Rajasthn, 302001	in
S3-01701	Global Agro Private Inc	233/62, Tower A, Near Bus Stand, Jaipur, Rajasthan, 302001	us
S3-01702	Smart Industries Pvt. LLC	3942 Lke View Road, Miami, FL, 33101	us
S3-01703	NAIR PVT. CONSULTANTS LTD.	5458 Near Bus Stand, Seattle, WA, 98101	in
S3-01704	Reddy Solutions & Sons	294/146 , Market Road , Near Bus Stand , Uttar Pradesh , 226001	us
S3-01705	Global Exports pvt ltd.	2623 Hill Road, Austin	in
S3-01706		376/132, MG Road, Kerala, 682001	in
S3-01707	NOVA SERVICES CORP	125/53, Gandhi Road, Near Bus Stand, Mumbai, Maharashtra, 400001	in
S3-01708	Vertex Agro Pvt Limited	Church Street, Near Bus Stand	in
S3-01709	Sai Agro In.		in
S3-01710	Gupta Systems		us
S3-01711	Star Foods Limited	367/131 , Sector 21 , Near Bus Stand , Jaipur , 302001	in
S3-01712	Sunrise Traders Pvt Pvt Ltd	238/23 , Temple Street , Near Bus Stand , Lucknow , Uttar Pradesh , 226001	in
S3-01713	Golden Electronics	4316 BLOCK C, DENVSER, CO	in
S3-01714	Nair Industries Pvt. & Sons	Austin, TX	
S3-01715	CRYSTAL IMXPORTS & SONS	95/24, Tower A, Chennai, Tamil Nadu	us
S3-01716	Green Logistics & Inc	Station Road, Near Bus Stand, Hyderabad, Telangana	
S3-01717	Blue Imports pvt ltd.		us
S3-01718		61/69, Block C, Near Bus Stand, Chennai, Tamil Nadu, 600001	us
S3-01719	Modern Textiles Co	33/143 , Hill Road , Near Bus Stand , 400001	in
S3-01720	Das Logistics and Sons	272/117, Church Street, Near Bus Stand, Uttar Pradesh, 226001	us
S3-01721	INC LOGISTICS ORION	1ee20/71, Near Bus Styand, Kochi, Kerala, 682001	in
S3-01722	INSC. OILS SIGMA	334/68, Temple Street, Near Bus Stand, Bengaluru, Karnataka	us
S3-01723	Enterprises Inc	69/169 , Hill Road , Near Bus Stand , Mumbai , 400001	in
S3-01724	Motors Ltd	7356 Block C, 30301	us
S3-01725	Rice Krishna Inc	Seattle , 98101	in
S3-01726	Orion Foods Inc.	312/148, Gandhi Road, Mumbai, Maharashtra	in
S3-01727	Star ltd. pvt Solutions	289/136, Near Bus Stand, Kochi, Kerala	us
S3-01728	DELTA SERVICES & SONS	118/172, Tower A, Near Bus Stand, Kochi, Kerala, 682001	in
S3-01729	Star Textiles Crp	48/1A58, LXAKE VIXEW ROAD, TELANGEANA, 500001	in
S3-01730	Vertex Services LLC	Portland, OR	in
S3-01731	STAR LOGISTICS PVT LLC	307/8 , Church Street , Hyderabad , Telangana	in
S3-01732		104/53 , NEAR BUS STAND , JAIPUR , RAJASTHAN	us
S3-01733	Nair Agyro pvt ltd.	1402 Market Road, Boston, MA, 02108	us
S3-01734	Sharma Ltd Technologies	3199 Maarket Roead, AZ, 8501	us
S3-01735		Tower A, Near Bus Stand, Hyderabad	
S3-01736		37a/198, Market Rd, Near Bus Stand, Mumbai, Mahiesarashtra, 4s00001	us
S3-01737	Khan Logistics Private Limited	149/194, Block C, Near Bus Stand, 500001	us
S3-01738	REDDY INDUSTRIES	Near Bus Stand, Near Bus Stand, Chennai, 600001	in
S3-01739	SIGMA ENTERPRISES PRIVATE LTD	219/163, Mumbai, Maharashtra, 400001	in
S3-01740	Elite Logistics Pvt. Ltd	Atlanta, GA	in
S3-01741		Atlanyta, GA	in
S3-01742		Nehru Nagar, Near Bus Stand, Hyderabad, Telangana	in
S3-01743	Vertex Services Limited	9873 BLOCK C, BOSTON, MA	in
S3-01744	Smart Systems and Sons	174/116, Near Bus Stand, Kochi, Kerala	us
S3-01745	GANESH SEREEVICES	OR, 97201	us
S3-01746	Technologies Pvt. Company	NEHRU NAGAR, NEAR BUS STAND, TELANGANA, 500001	in
S3-01747		2ee63/85, Pxark Street, Near Bus Stand, Jaipur, Rajasthan	us
S3-01748	Sunrise Foods Limited	267/13 , Gandhi Road , Near Bus Stand , Rajasthan , 302001	us
S3-01749	SUNRISE RICE CORPORATION	275/11 , PLOT 44 , NEAR BUS STAND , JAIPUR	us
S3-01750	TEXTILES PATEL PVT INC.	Near Bus Stand, Kochi, Kerala	us
S3-01751	GLOBAL LOGISETICS LLC	1655 Lake View Road, Denver	in
S3-01752			us
S3-01753	and Technologies Soeens	23/199, Gandhi Road, Near Bus Stand, Hyderabad, Telangana, 500001	us
S3-01754	Foods Silver & Sons	98/175, Block C, Near Bus Stand, Chennai	us
S3-01755		268/22, Temple Street, Near Bus Stand, Maharashtra, 411001	in
S3-01756	DAS SYSTEMS LTD	628 Plot 44, 78701	us
S3-01757	Gupta Imports Ltd	MG Road , Kochi , Kerala , 682001	in
S3-01758	BLUE TECHNOLOGIES COMPANY	Station Rd , Near Bus Stand , Kochi , Kerala , 682001	us
S3-01759	Star Rice Ltd.	146/153, HILL ROAD, NEAR BUS STAND, KOCHI, KERALA	in
S3-01760	Company Motors Zenith	218/121, Anna Salai, Near Bus Stand, Hyderabad, Telangana	us
S3-01761	Blue Enterprises Co	102/38, ANNA SALAI, KOCHI	us
S3-01762		Station Road , Near Bus Seetand , Hyderabad , Telangaeena , 500001	in
S3-01763		2441 Anna Salai , Denver , CO , 80202	us
S3-01764	Zenith Electronics Corporation	2/37 , MARKET ROAD , NEAR BUS STAND , KOCHI , KERALA , 682001	in
S3-01765	Khiesan Motors & Corp		in
S3-01766	Gupta Exports Inc	342/39, Plot 44, Near Bus Stand, Kerala, 682001	in
S3-01767		Block C, Near Bus Stand, Chennai, 600001	in
S3-01768	Krishna Rice Inc	7722 Nehru Nagar , Austin , TX , 78701	us
S3-01769	Modern Agro Private Pvt Ltd	AUSTIN , TX , 78701	us
S3-01770		1698 Opposite Court, 33101	in
S3-01771	Green Technologies Csompany	8489 Market Rd, Phoenix, AZ, 85001	us
S3-01772	Gupta Systems	251/154 , Near Bus Stand , Near Bus Stand , Chennai , Tamil Nadu , 600001	in
S3-01773		Station Road , Near Bus Stand , Lucknow , Uttar Pradesh	us
S3-01774	Iyer Pharma Co	102/61, BLOCK C, NEAR BUS STAND, RAJASTHAN	in
S3-01775		331/76, Opposite Court, Miesumbai, Maharashtra	in
S3-01776	SAI SOLUTIONS AND & SONS	Miami, 33101	us
S3-01777	Elite Traders Private Limited	85S63 STATIN ROAD, PHOENIX, AZ	in
S3-01778	CRYSTAL SYSTEMS PVT. LTD.	1783 Nehru Nagar, Seattle, WA, 98101	in
S3-01779	Prime Solutions Corp	5233 Plt 44, 85001	us
S3-01780	Sai Enterprises Inc.	4903 MARKET ROAD, PORTLAND	us
S3-01781	Singh Agro Corporation		us
S3-01782	REDDY SYSTEMS PVT LTD.	5583 Hill Rd , CO	in
S3-01783	Sigma Logistics & and Sons		us
S3-01784	Iyer Systems		us
S3-01785	Vertex Foods Private Limited	65/192, Block C, Near Bus Stand, Kochi, Kerala, 682001	
S3-01786	Prime Enterprises Private and Sons	2372 PARK STREET , 33101	us
S3-01787	Star Technologies Pvt pvt ltd.	194/53, Opposite Court, Near Bus Stand, Chennai, Tamil Nadu	us
S3-01788	Crystal Oils Private Limited	5484 Hill Road , WA , 98101	us
S3-01789	APEX COMPANY ENTERPRISES	Anna Salai , Near Bus Stand , Bengaluru , Karnataka	in
S3-01790		119/163, Near Bus Stand, Jaipur, 302001	in
S3-01791	Iyer Systems Sons	16192, Pieslot 44, Neeear Bus Staand	us
S3-01792		2916 Mariesket Rd, Bostyon, MA	us
S3-01793	Crystal Solutions Pvt. Pvt Ltd	2782 Hill Road, Austin, TX, 78701	in
S3-01794	Singh Consultants and and Sons	162/17 , Church Street , Mumbai , 400001	in
S3-01795	NEW INDUSTRIES CORPORATION	241/69, Near Bus Stand, 560001	us
S3-01796	APEX ENTERPRISES PVT CORPORATION	119/105, Block C, Near Bus Stand, Chennai, Tamil Nadu, 600001	in
S3-01797	NEW LOGISTICS PVT. PVT LTD	302/88, Market Road, Near Bus Stand, Chennai, Tamil Nadu, 600001	in
S3-01798	Limited Services Private Sharma	Gandhi Road, Near Bus Stand, Karnataka, 560001	us
S3-01799	Prime Co Agro	59/2 , Nehru Nagar , Near Bus Stand , Mumbai , Maharashtra , 400001	in
S3-01800		OPPOASITE COURT, NEEAR BUS STAND, MUMBAI, 400001	in
S3-01801	Vertex Technologies and Sons		in
S3-01802	Reddy Imports Company	8439 Hill Road , Seattle	in
S3-01803	ZENITH TRADERS LIMITED		us
S3-01804	Iyer Solutions Pvt. Ltd	83/110, Gandhi Raoad, Bngaluru, Karnataka, 560001	us
S3-01805	ZENITH TRADERS PVT. INC	261/114 , Park Street , Hyderabad , Telangana , 500001	in
S3-01806	Vertex Oils Company		us
S3-01807		322/2, Opposite Court, Near Bus Stand, Karnataka, 560001	us
S3-01808	PRIME SONS FOODS	2409 Temple Street , Portland , OR , 97201	us
S3-01809	KHAN AGRO PVT. LTD.	3176 Tower A, AZ	in
S3-01810	ELITE INDUSTRIES CO	OPPOSITE COURT, UTSTAR PRADESH, 226001	us
S3-01811	PATEL CONSULTANTS PRIVATE COYRP	3675 Block C, Seattle	us
S3-01812	Silver Industries Co	5367 Hiyll Rd, Seattle, WA, 98101	us
S3-01813	Sharma Services Pvt Llc	TX, 78701	in
S3-01814			in
S3-01815	Elite Pharma Corp	6714 Lake View Road , Seattle , WA	in
S3-01816	Enterprises Modern Ltd	Sector 21, Near Bus Stand, Kochi, Kerala, 682001	us
S3-01817	Raeddy Exports pvt ltd.	3013 Park Street, Miami, FL	in
S3-01818	Krishna Solutions & Corporation	Temple Street, Near Bus Stxand, Bengaluru, Karsnataka, 560001	us
S3-01819	Green Agro Private Limited	1538 SECTOR 21, PHOENIX, AZ, 85001	
S3-01820	Co Tehnologies Iyer	275/86, Sector 21, Kochi, Kerala	in
S3-01821	Prime Services Co	7833 ANNA SALAI, DENVER, 80202	in
S3-01822		8088 Plot 44, Seattle, WA, 98101	in
S3-01823	Crystal Imports Inc	Denver, 80202	in
S3-01824	Das and Sons	9520 Hill Road, Portland, OR, 97201	in
S3-01825	Khan Servsices Corp	8228 Tower A, 30301	in
S3-01826	Iyer Imports Pvt Ltd	5429 Plot 44, Austin, TX, 78701	us
S3-01827	Sueenrise Corp Exports	249/122, Tower A, Near Bus Stand, Telangana, 500001	in
S3-01828	Zenith Agro Company	1603 Gandhi Road, Phoenix, AZ, 85001	us
S3-01829	Khan & Rice Inc		in
S3-01830	Krishna Pharma Pvt LLC	133/17, Park Street, Near Bus Stand, Bengaluru, 560001	
S3-01831	Smart Rice Limited	MG Rd, Near Bus Stand, Kerala, 682001	in
S3-01832	VERTEX AGRO LTD	Tower A, Near Bus Stand, Jaipur, Rajasthan, 302001	in
S3-01833	Orion Foods & Sons	7365 Near Bus Stand , Miami , 33101	in
S3-01834	Industries pvt ltd.	238/75, Near Bus Stand, Mumbai, Maharashtra	us
S3-01835	TRADERS CORPORATION	107/143, Lake View Road, Rajasthan, 302001	us
S3-01836		8970 ANNA SALAI, AUSTIN, TX	us
S3-01837	Oils and Sons	Temple Street , Near Bus Stand , Kerala , 682001	in
S3-01838	Nair Electronics and Sons	4603 Plot 44, Seattle, WA, 98101	us
S3-01839	Silver Systems Limited	Temple Street, Near Bus Stand, Pune, Maharashtra, 411001	us
S3-01840	SMART OILS SONS	5082 Block C, Miami, FL, 33101	in
S3-01841			us
S3-01842	Delta Foods Pvt Ltd	7365 Church Street, 80202	us
S3-01843	Vertex Logistics Inc.	TX, 78701	us
S3-01844	Patel Co		in
S3-01845	Elite Company	9358 Hill Road, Miami, FL, 33101	in
S3-01846	Krishna Solutions pvt Limited	375/12, NEHRU NAGAR, NEAR BUS STAND, LUCKNOW, UTTAR PRADESH	in
S3-01847	Enterprises Limited		in
S3-01848			us
S3-01849	Elite Services pvt Pvt Ltd	191/161, Nehru Nagar, Near Bus Stand, Mumbai, Maharashtra	in
S3-01850	Global Logistics Pvt Ltd	WA, 98101	
S3-01851		25/11 , Gandhi Road , Near Bus Stand , Tamil Nadu	in
S3-01852	Iyer Services Inc.	9134 BLOCK C, TX, 78701	us
S3-01853	Delta Enterprises Corporation	Atlanta, GA, 30301	in
S3-01854	Vertex Oils Corporation	2388 OPPOSITE COURT, MIAMI, FL, 33101	in
S3-01855	Sigma Industries Pvt. LLC	3306 Statsion Road , CO	us
S3-01856	Solutions Krishna & Private Limited	6618 Gandhi Rd, TX, 78701	us
S3-01857	Nair Electronics And Sons	262/141, Nehru Nagar, Near Bus Stand, Maharshtra, 400001	us
S3-01858	Gupta Electronics Company	397/130, Market Road, Neeear Bus Stand, Uettar Pradesh	in
S3-01859	Das Foods Corp	Austin, TX, 78701	in
S3-01860	Iyer Services & Sons	127/107, Lake View Road, Maharashtra, 411001	us
S3-01861	Corp Imports Iyer	22e10 Temple Stxreet, AZ, 85001	in
S3-01862	Green Foods And Pvt. Ltd.		in
S3-01863		5148 Nehru Nagar, FL, 33101	in
S3-01864	Modern Solutions & Soyns	225/S50, GANDHI REOAD, NEIESAR BUS STAND, BENGALURU, KAYRNATAKA	in
S3-01865	Sai Services Ltd	932 Hill Rd, Seattle	us
S3-01866	Gupta Agro Pvt Co		us
S3-01867	Singh Solutions LLC	373/3, MG Road, Near Bus Stand, Mumbai	in
S3-01868	Prime Services Pvt. Ltd.	26a44 Temple Strexet , Bosteeon , MA , 02108	us
S3-01869	Royal Rice and	Phoenix, AZ, 85001	in
S3-01870	Pvt. Traders Sigma Ltd.	9670 Hill Road, Portland, OR	
S3-01871	NOVA FOODS CORP	531 MG Riesoad , Austin , TX , 78701	us
S3-01872	Royal Services LLC		
S3-01873	Gloxbal Systems Limited	36/159, Anna Salai, Near Bus Stand, Bengaluru, Karnataka, 560001	in
S3-01874	Prime LLC	Nehru Nagar, Bengaluru, Karnataka	in
S3-01875	Company Systems Das	234/150, Near Bus Stand, Ner Bus Styand	in
S3-01876	Zenith Technologies pvt ltd.	GA , 30301	in
S3-01877	Star Oils Llc	26/s75, Near Bus Stand, Jaipur	us
S3-01878	Global Imports Company	Portland , 97201	in
S3-01879	Delta Systems Inc	7754 Tower A, Austin, 78701	in
S3-01880	Iyer Foods Corporation	6382 Church Street, 33101	us
S3-01881	DELTA SYSTEMS PRIVATE LIMITED	245/184, Market Road, Near Bus Stand, Pune, Maharashtra	
S3-01882	Vertex Textiles and Sons	117/7, Sector 21, Near Bus Stand, Mumbai, Maharashtra, 400001	us
S3-01883	Khan Eneterprises Co	3812 Gandhi Road, GA, 30301	in
S3-01884	Green Oils Corp	Opposite Court, Near Bus Stand, Maharashtra, 411001	in
S3-01885	Sharma Systems Limixted		us
S3-01886	Foods Inyc.	8416 Opposite Court, 30301	in
S3-01887	Sigma Foods Pvt Ltd	53/2, Pune, Maharashtra, 411001	in
S3-01888	SERVICES PVT LTD	48/105 , Opposite Court , Near Bus Stand , Lucknow , Uttar Pradesh , 226001	in
S3-01889	Orion Textiles Inc	1151 GANDHI ROAD, MIAMI	in
S3-01890	Paetel Textiles Co	68/163 , Near Bus Stand , Jaipur , 302001	us
S3-01891	Agro Inc	8106 TOWER A, OR, 97201	in
S3-01892	Gupta Logistics Limited Privaete	5810 Near Bus Stand, Seattle, WA	
S3-01893	Reddy Foods and Sons	Near Bus Stand, Hyderabad, Telangana, 500001	us
S3-01894	Sigma Enterprises Private Limited	5773 Anna Salai, Denver, CO, 80202	us
S3-01895		5016 PLOT 44, AUSTIN	us
S3-01896	DELTA IMPORTS & SONS	Seattle, 98101	in
S3-01897	Zenith Logistics Pvt Ltd	315/107 , Park Street , Near Bus Stand , Maharashtra , 411001	in
S3-01898		112/184, Near Bus Stand, Chennai, Tamil Nadu, 600001	us
S3-01899	Exports Co	21/12 , Nehru Nagar , Nsear Bus Stand , Maumbai , Maharashtra	in
S3-01900	Silver Solutions Pvt. Ltd.	140/88, Near Bus Stand, Mumbai, 400001	us
S3-01901		160/184, Anna Salai, Near Bus Stand, Lucknow, Uttar Pradesh, 226001	us
S3-01902	ROYAL IMPORTS PVT PRIVATE LIMITED	11/70 , Near Bus Stand , Hyderabad , Telangana	in
S3-01903		476 Park Street, Denver	us
S3-01904	Gupta Textiles Private	6521 Gandhi Rd, 33101	in
S3-01905	Iyer Systems Private Company	1878 Tower A , Portland	us
S3-01906	SINGH TECHNOLOGIES COMPANY	Portland , OR	us
S3-01907	Sharma Traders Co		in
S3-01908	DEELTA SERVICES INC	Park Street, Near Bus Stand, Chennai, Tamil Nadu	
S3-01909	New Foods Corp	8365 Anyna Seealai, Sattle, WA	in
S3-01910	Iyer Rice	STATION ROAD, NEAR BUS STAND, MUMBAI, MAHARASHTRA, 400001	us
S3-01911	MODERN PVT LTD.	Hill Road, Near Bus Stand, Kochi, Kerala	us
S3-01912	Krishna Exports Company	2188 Hill Road , AZ , 85001	in
S3-01913	Royal Foods Inc	Portland, OR, 97201	us
S3-01914		MA, 02108	in
S3-01915	Das Agro Pvt Ltd	210/107, Hill Road, Near Bus Stand, Hyderabad, Telangana, 500001	us
S3-01916	Green Services	338/104, Plot 44, Near Bus Stand, Jaipur, Rajasthan	in
S3-01917	Orion Imports Company	303/57, Near Bus Stand, Hyderabad, Telangana	us
S3-01918	Ltd Enterprises Vertex	9583 Nehru Nagar, 85001	us
S3-01919		93/129, Anna Salai, Near Bus Stand, Mumbai, Maharashtra	in
S3-01920	Ganesh Rice and Sons	3934 Anna Salai, 80202	in
S3-01921	Systems Zenith Ltd	324/163, Near Bus Stand, Lucknow, Uttar Pradesh, 226001	in
S3-01922		18ee/88, Temple Street, Mumbai, Maharaeshtra, 4000ee01	us
S3-01923	Smaart Exports pvt ltd.	299/169, NEHRU NAGAR, NEAR BUS STAND	in
S3-01924	Sigma Rice & Sons	Hill Road, Nesar Bus Stand, Hyderabad, Telangana, 500001	in
S3-01925	Sunrise Systems Pvt LLC	156/127, Park Street, Near Bus Stand, Chennai, Tamil Nadu, 600001	in
S3-01926	Blue Enterprises and Sons	24x4/103, Hill Road, Neaar Bus Stsand, Chenynai, Tamil Nadu, 600001	us
S3-01927	GREEN PVT. LTD.		us
S3-01928	Golden Pharma Pvt Ltd	163/99, Gandhi Road, Near Bus Stand, Pune, Maharashtra	us
S3-01929	Nair pvt Oils ltd.	116/29, Church Street, Near Bus Stand, Tamil Nadu, 600001	in
S3-01930	Sai Imports & Sons	45/89, Near Bus Stand, Mumbai	in
S3-01931	SHREE PHARMA & SONS	114/161, Near Bus Stand, Jaipur, Rajasthan, 302001	
S3-01932	Gupta Logistics	66/18, Block C, Near Bus Stand, Bengaluru, Karnataka	in
S3-01933	Kieshan Technologies and	358/148, Block C, Chennai, Tamil Nadu, 600001	in
S3-01934	Pvt Agro Vertex Ltd	Near Bus Stand, Near Bus Stand, Kochi, 682001	us
S3-01935	ROYAL LOGISTICS PVT LTD	Austin, TX	us
S3-01936	SHARMA LLC	7843 MG Road, AZ	us
S3-01937	Crystal Pvt. Ltd.	Sector 21, Near Bus Stand, Kochi, Kerala, 682001	in
S3-01938	Sunrise Consultants pvt ltd.	65/108, LAKE VIEW ROAD, NEAR BUS STAND, TAMIL NADU	in
S3-01939	Prime Enterprises Pvt Ltd	2710 Sector 21 , Austin	us
S3-01940		5743 Gandhi Road , Austin	us
S3-01941	Nova Agro and Sons	SEAYTTLE , WA	in
S3-01942	Krishna Logistics Pvt Ltd.	86/16, Near Bus Staynd, Near Bus Stand, Uttsar Praedesh	in
S3-01943	Royal Oils Pvt Ltd	239/39, Park Street, Pune, Maharashtra, 411001	
S3-01944	Singh Enterprises Private Limited	9369 Hill Road, Boston, MA	in
S3-01945	Silver Agro & Sons	AZ, 85001	us
S3-01946	NOVA SERVICES INC.		in
S3-01947	Elite pvt Corporation	117/107, Block C, Near Bus Stand, Pune, 411001	us
S3-01948	Elite Foods Private Limited	9810 MARKET ROAD, DENVER, CO	in
S3-01949	Orion Foods pvt pvt ltd.	7672 HILL ROAD, PORTLAND, 97201	in
S3-01950	Golden Pharma Inc.	5640 Temple Street, Boston	us
S3-01951	Elite Exports Corporation	281/82 , Mumbai , Maharashtra , 400001	in
S3-01952	SHARMA TECHNOLOGIES COMPANY	1001 Near Bus Stand, Atlanta, GA, 30301	us
S3-01953	Crystal Traders Pvt Ltd	6e6/88 , Tower A , Pune , Maharastra , 411001	us
S3-01954	New Traders Co	Lake View Road, Near Bus Stand, Jaipur, Rajasthan	in
S3-01955	Royal Technologies And Corp		in
S3-01956	GANESH TEXTILES PVT. LTD.	9EE708 LAEEKE VIEW ROAD, BOSYTON	us
S3-01957	Golden Logistics Inc	7/78, MG Road, Near Bus Stand, Pune, Maharashtra	in
S3-01958	Blue Systes LLC	547 Tower A , CO	us
S3-01959	pvt Vertex LLC	266/82, NEAR BUS STAND, BENGALURU, 560001	in
S3-01960		127/48, Nsear Bus Stand, Neeear Bus Stand, Keerala	in
S3-01961	Nova Logistics Corporation	OR, 97201	in
S3-01962		95/60, Mumbai, Maharashtra	in
S3-01963	Nair Oils Private Ltd	324/167, Opposite Court, Near Bus Stand, Uttar Pradesh	us
S3-01964	Sunrise Pvt. Ltd.	Neeear Bus Stnd , Bengaluru , Karnxataka , 560001	us
S3-01965	Exports and Inc		us
S3-01966	Sai Corporation	4050 Nehru Nagsar , 33101	
S3-01967	PRIME TEXTILES &		us
S3-01968	Smart Sons &		in
S3-01969	Orion LLC	Tower A, Near Bus Stand, Jaipur, Rajasthan	us
S3-01970	Gupta Rice Company	8951 Tower A, Austin	in
S3-01971	Iyer Exports Pvt Inc.	28/144, Block C, Near Bus Stand, Maharashtra	in
S3-01972	Ganeesh Motors Pvt Private Limited	3298 Gandhi Road , OR	us
S3-01973	Krishna Imports Private Limited	377/93 , Near Bus Stand , Kochi , Kerala , 682001	in
S3-01974	GREEN ELECTRONICS CORPORATION	Near Bus Stand , Pune , Maharashtra , 411001	in
S3-01975	SHREE TRADERS LIMITED	103/149, Church Street, Near Bus Stand, Lucknow, Uttar Pradesh	us
S3-01976	Smart Pharma Private Limited	5330 Market Road, 80202	us
S3-01977	MODERN EXPORTS PRIVATE INC	PHOENIX, AZ	in
S3-01978	SAI INC. INDUSTRIES	86/127 , Nehru Nagar , Jaipur , Rajasthan , 302001	in
S3-01979	Ganesh Inc Private Fods	MA , 02108	us
S3-01980	Textiles New Inc.		us
S3-01981	Patel Exports Inc	35/14, Market Road, Near Bus Stand, Jaipur, Rajasthan	
S3-01982	SIGMA ENTERPRISES PVT. LTD.	39/135, NEAR BUS STAND, TELANGAYNA, 500001	
S3-01983	Khan Systems And Private Limited	361/160, Tower A, Lucknow, 226001	us
S3-01984	Patel Motors and Company		in
S3-01985		3x260 Block C, Denver	us
S3-01986	Vertex Ltd. Pvt. Agro	23/33, Mumbai, 400001	us
S3-01987	MODERN FOODS COMPANY		us
S3-01988	Smart Enterprises Pvt Ltd	115/172 , Gandhi Road , Near Bus Stand , Kerala , 682001	in
S3-01989	LTD. ENTERPRISES PVT. APEX	41/7 , PLOT 44 , 5X60001	us
S3-01990	Star Exports Pvt Ltd	Seattle , WA , 98101	in
S3-01991	Khan Imports Corp	Portland, 97201	in
S3-01992		Portland, 97201	us
S3-01993	and Rice Elite Company	Temple Street, Japur, Rajasthan	in
S3-01994	VERTEX SYSTEMS INC.	156/172 , MG Road , Near Bus Stand , Chennai , Tamil Nadu , 600001	in
S3-01995	Green Motors Pvt. Ltd.	9735 Block C , Portland , OR , 97201	in
S3-01996	Ganesh Systems pvt ltd.	320/66, Market Roead, Nsear Bus Staend, 302001	us
